LOGGER NOT INITIALIZED:
		ET [DEVICE_LAYER][TH:139485345664640]: 
PCIe target:                                               /dev/et0_ops        
DRAM base:                                                 549848092672         (0x8005801000)
DRAM size (B):                                             34265366528          (0x7fa600000)
DRAM alignment (bits):                                     64                  
MM SQ count:                                               2                    (0x2)
MM VQ Maximum message size (B):                            1056                 (0x420)
P2P compatibility bitmap:                                  0                    (0x0)
PCIBUS device name:                                        0000:02:00.0        
Physical device ID:                                        0                    (0x0)
Form Factor:                                               PCIE                 (0x0)
TDP (W):                                                   65                  
Minion boot frequency (MHz):                               600                 
L3 size (KB):                                              32768                (0x8000)
L2 size (KB):                                              16384                (0x4000)
Scratch pad size (KB):                                     81920                (0x14000)
Cache line size (B):                                       64                   (0x40)
Number of L2 Banks:                                        4                   
DDR Bandwidth (MB/s):                                      128000              
Spare shire ID:                                            32                  
Architecture revision:                                     ETSOC1               (0x0)
CM active shire mask:                                      4294967295           (0xffffffff)
Scratchpad base address in format 0:                       2147483648           (0x80000000)
Scratchpad base address in format 1:                       3221225472           (0xc0000000)
Scratchpad base address in format 2:                       18446744073709551615 (0xffffffffffffffff)
Local DDR base address:                                    549848092672         (0x8005801000)
Chiplet DDR base address:                                  549848092672         (0x8005801000)
Interleaved DDR base address:                              18446744073709551615 (0xffffffffffffffff)
Single chiplet DDR size:                                   34265366528         
Address alignment bits:                                    64                  
First shire bit in scratchpad address in format 0:         23                  
Number of shire bits in scratchpad address in format 0:    7                   
Local shire encoding in scratchpad address in format 0:    127                 
First shire bit in scratchpad address in format 1:         6                   
Number of shire bits in scratchpad address in format 1:    5                   
First shire bit in scratchpad address in format 2:         255                 
Number of shire bits in scratchpad address in format 2:    255                 
First chiplet bit in scratchpad address in format 2:       255                 
Number of chiplet bits in scratchpad address in format 2:  255                 
First chiplet bit in chiplet DDR address:                  255                 
Number of chiplet bits in chiplet DDR address:             255                 
First chiplet bit in interleaved chiplet DDR address:      255                 
Number of chiplet bits in interleaved chiplet DDR address: 255                 

device ready in 0.14 s
device held for 0.48 s
LOGGER NOT INITIALIZED:
		ET [DEVICE_LAYER][TH:130206729424512]: 
PCIe target:                                               /dev/et0_ops        
DRAM base:                                                 549848092672         (0x8005801000)
DRAM size (B):                                             34265366528          (0x7fa600000)
DRAM alignment (bits):                                     64                  
MM SQ count:                                               2                    (0x2)
MM VQ Maximum message size (B):                            1056                 (0x420)
P2P compatibility bitmap:                                  0                    (0x0)
PCIBUS device name:                                        0000:02:00.0        
Physical device ID:                                        0                    (0x0)
Form Factor:                                               PCIE                 (0x0)
TDP (W):                                                   65                  
Minion boot frequency (MHz):                               600                 
L3 size (KB):                                              32768                (0x8000)
L2 size (KB):                                              16384                (0x4000)
Scratch pad size (KB):                                     81920                (0x14000)
Cache line size (B):                                       64                   (0x40)
Number of L2 Banks:                                        4                   
DDR Bandwidth (MB/s):                                      128000              
Spare shire ID:                                            32                  
Architecture revision:                                     ETSOC1               (0x0)
CM active shire mask:                                      4294967295           (0xffffffff)
Scratchpad base address in format 0:                       2147483648           (0x80000000)
Scratchpad base address in format 1:                       3221225472           (0xc0000000)
Scratchpad base address in format 2:                       18446744073709551615 (0xffffffffffffffff)
Local DDR base address:                                    549848092672         (0x8005801000)
Chiplet DDR base address:                                  549848092672         (0x8005801000)
Interleaved DDR base address:                              18446744073709551615 (0xffffffffffffffff)
Single chiplet DDR size:                                   34265366528         
Address alignment bits:                                    64                  
First shire bit in scratchpad address in format 0:         23                  
Number of shire bits in scratchpad address in format 0:    7                   
Local shire encoding in scratchpad address in format 0:    127                 
First shire bit in scratchpad address in format 1:         6                   
Number of shire bits in scratchpad address in format 1:    5                   
First shire bit in scratchpad address in format 2:         255                 
Number of shire bits in scratchpad address in format 2:    255                 
First chiplet bit in scratchpad address in format 2:       255                 
Number of chiplet bits in scratchpad address in format 2:  255                 
First chiplet bit in chiplet DDR address:                  255                 
Number of chiplet bits in chiplet DDR address:             255                 
First chiplet bit in interleaved chiplet DDR address:      255                 
Number of chiplet bits in interleaved chiplet DDR address: 255                 

device ready in 0.13 s
device held for 3.35 s
LOGGER NOT INITIALIZED:
		ET [DEVICE_LAYER][TH:140121097105024]: 
PCIe target:                                               /dev/et0_ops        
DRAM base:                                                 549848092672         (0x8005801000)
DRAM size (B):                                             34265366528          (0x7fa600000)
DRAM alignment (bits):                                     64                  
MM SQ count:                                               2                    (0x2)
MM VQ Maximum message size (B):                            1056                 (0x420)
P2P compatibility bitmap:                                  0                    (0x0)
PCIBUS device name:                                        0000:02:00.0        
Physical device ID:                                        0                    (0x0)
Form Factor:                                               PCIE                 (0x0)
TDP (W):                                                   65                  
Minion boot frequency (MHz):                               600                 
L3 size (KB):                                              32768                (0x8000)
L2 size (KB):                                              16384                (0x4000)
Scratch pad size (KB):                                     81920                (0x14000)
Cache line size (B):                                       64                   (0x40)
Number of L2 Banks:                                        4                   
DDR Bandwidth (MB/s):                                      128000              
Spare shire ID:                                            32                  
Architecture revision:                                     ETSOC1               (0x0)
CM active shire mask:                                      4294967295           (0xffffffff)
Scratchpad base address in format 0:                       2147483648           (0x80000000)
Scratchpad base address in format 1:                       3221225472           (0xc0000000)
Scratchpad base address in format 2:                       18446744073709551615 (0xffffffffffffffff)
Local DDR base address:                                    549848092672         (0x8005801000)
Chiplet DDR base address:                                  549848092672         (0x8005801000)
Interleaved DDR base address:                              18446744073709551615 (0xffffffffffffffff)
Single chiplet DDR size:                                   34265366528         
Address alignment bits:                                    64                  
First shire bit in scratchpad address in format 0:         23                  
Number of shire bits in scratchpad address in format 0:    7                   
Local shire encoding in scratchpad address in format 0:    127                 
First shire bit in scratchpad address in format 1:         6                   
Number of shire bits in scratchpad address in format 1:    5                   
First shire bit in scratchpad address in format 2:         255                 
Number of shire bits in scratchpad address in format 2:    255                 
First chiplet bit in scratchpad address in format 2:       255                 
Number of chiplet bits in scratchpad address in format 2:  255                 
First chiplet bit in chiplet DDR address:                  255                 
Number of chiplet bits in chiplet DDR address:             255                 
First chiplet bit in interleaved chiplet DDR address:      255                 
Number of chiplet bits in interleaved chiplet DDR address: 255                 

device ready in 0.14 s
device held for 0.52 s
LOGGER NOT INITIALIZED:
		ET [DEVICE_LAYER][TH:138844162428544]: 
PCIe target:                                               /dev/et0_ops        
DRAM base:                                                 549848092672         (0x8005801000)
DRAM size (B):                                             34265366528          (0x7fa600000)
DRAM alignment (bits):                                     64                  
MM SQ count:                                               2                    (0x2)
MM VQ Maximum message size (B):                            1056                 (0x420)
P2P compatibility bitmap:                                  0                    (0x0)
PCIBUS device name:                                        0000:02:00.0        
Physical device ID:                                        0                    (0x0)
Form Factor:                                               PCIE                 (0x0)
TDP (W):                                                   65                  
Minion boot frequency (MHz):                               600                 
L3 size (KB):                                              32768                (0x8000)
L2 size (KB):                                              16384                (0x4000)
Scratch pad size (KB):                                     81920                (0x14000)
Cache line size (B):                                       64                   (0x40)
Number of L2 Banks:                                        4                   
DDR Bandwidth (MB/s):                                      128000              
Spare shire ID:                                            32                  
Architecture revision:                                     ETSOC1               (0x0)
CM active shire mask:                                      4294967295           (0xffffffff)
Scratchpad base address in format 0:                       2147483648           (0x80000000)
Scratchpad base address in format 1:                       3221225472           (0xc0000000)
Scratchpad base address in format 2:                       18446744073709551615 (0xffffffffffffffff)
Local DDR base address:                                    549848092672         (0x8005801000)
Chiplet DDR base address:                                  549848092672         (0x8005801000)
Interleaved DDR base address:                              18446744073709551615 (0xffffffffffffffff)
Single chiplet DDR size:                                   34265366528         
Address alignment bits:                                    64                  
First shire bit in scratchpad address in format 0:         23                  
Number of shire bits in scratchpad address in format 0:    7                   
Local shire encoding in scratchpad address in format 0:    127                 
First shire bit in scratchpad address in format 1:         6                   
Number of shire bits in scratchpad address in format 1:    5                   
First shire bit in scratchpad address in format 2:         255                 
Number of shire bits in scratchpad address in format 2:    255                 
First chiplet bit in scratchpad address in format 2:       255                 
Number of chiplet bits in scratchpad address in format 2:  255                 
First chiplet bit in chiplet DDR address:                  255                 
Number of chiplet bits in chiplet DDR address:             255                 
First chiplet bit in interleaved chiplet DDR address:      255                 
Number of chiplet bits in interleaved chiplet DDR address: 255                 

device ready in 0.14 s
device held for 3.35 s
LOGGER NOT INITIALIZED:
		ET [DEVICE_LAYER][TH:136235460341376]: 
PCIe target:                                               /dev/et0_ops        
DRAM base:                                                 549848092672         (0x8005801000)
DRAM size (B):                                             34265366528          (0x7fa600000)
DRAM alignment (bits):                                     64                  
MM SQ count:                                               2                    (0x2)
MM VQ Maximum message size (B):                            1056                 (0x420)
P2P compatibility bitmap:                                  0                    (0x0)
PCIBUS device name:                                        0000:02:00.0        
Physical device ID:                                        0                    (0x0)
Form Factor:                                               PCIE                 (0x0)
TDP (W):                                                   65                  
Minion boot frequency (MHz):                               600                 
L3 size (KB):                                              32768                (0x8000)
L2 size (KB):                                              16384                (0x4000)
Scratch pad size (KB):                                     81920                (0x14000)
Cache line size (B):                                       64                   (0x40)
Number of L2 Banks:                                        4                   
DDR Bandwidth (MB/s):                                      128000              
Spare shire ID:                                            32                  
Architecture revision:                                     ETSOC1               (0x0)
CM active shire mask:                                      4294967295           (0xffffffff)
Scratchpad base address in format 0:                       2147483648           (0x80000000)
Scratchpad base address in format 1:                       3221225472           (0xc0000000)
Scratchpad base address in format 2:                       18446744073709551615 (0xffffffffffffffff)
Local DDR base address:                                    549848092672         (0x8005801000)
Chiplet DDR base address:                                  549848092672         (0x8005801000)
Interleaved DDR base address:                              18446744073709551615 (0xffffffffffffffff)
Single chiplet DDR size:                                   34265366528         
Address alignment bits:                                    64                  
First shire bit in scratchpad address in format 0:         23                  
Number of shire bits in scratchpad address in format 0:    7                   
Local shire encoding in scratchpad address in format 0:    127                 
First shire bit in scratchpad address in format 1:         6                   
Number of shire bits in scratchpad address in format 1:    5                   
First shire bit in scratchpad address in format 2:         255                 
Number of shire bits in scratchpad address in format 2:    255                 
First chiplet bit in scratchpad address in format 2:       255                 
Number of chiplet bits in scratchpad address in format 2:  255                 
First chiplet bit in chiplet DDR address:                  255                 
Number of chiplet bits in chiplet DDR address:             255                 
First chiplet bit in interleaved chiplet DDR address:      255                 
Number of chiplet bits in interleaved chiplet DDR address: 255                 

device ready in 0.14 s
device held for 0.48 s
LOGGER NOT INITIALIZED:
		ET [DEVICE_LAYER][TH:139049075261056]: 
PCIe target:                                               /dev/et0_ops        
DRAM base:                                                 549848092672         (0x8005801000)
DRAM size (B):                                             34265366528          (0x7fa600000)
DRAM alignment (bits):                                     64                  
MM SQ count:                                               2                    (0x2)
MM VQ Maximum message size (B):                            1056                 (0x420)
P2P compatibility bitmap:                                  0                    (0x0)
PCIBUS device name:                                        0000:02:00.0        
Physical device ID:                                        0                    (0x0)
Form Factor:                                               PCIE                 (0x0)
TDP (W):                                                   65                  
Minion boot frequency (MHz):                               600                 
L3 size (KB):                                              32768                (0x8000)
L2 size (KB):                                              16384                (0x4000)
Scratch pad size (KB):                                     81920                (0x14000)
Cache line size (B):                                       64                   (0x40)
Number of L2 Banks:                                        4                   
DDR Bandwidth (MB/s):                                      128000              
Spare shire ID:                                            32                  
Architecture revision:                                     ETSOC1               (0x0)
CM active shire mask:                                      4294967295           (0xffffffff)
Scratchpad base address in format 0:                       2147483648           (0x80000000)
Scratchpad base address in format 1:                       3221225472           (0xc0000000)
Scratchpad base address in format 2:                       18446744073709551615 (0xffffffffffffffff)
Local DDR base address:                                    549848092672         (0x8005801000)
Chiplet DDR base address:                                  549848092672         (0x8005801000)
Interleaved DDR base address:                              18446744073709551615 (0xffffffffffffffff)
Single chiplet DDR size:                                   34265366528         
Address alignment bits:                                    64                  
First shire bit in scratchpad address in format 0:         23                  
Number of shire bits in scratchpad address in format 0:    7                   
Local shire encoding in scratchpad address in format 0:    127                 
First shire bit in scratchpad address in format 1:         6                   
Number of shire bits in scratchpad address in format 1:    5                   
First shire bit in scratchpad address in format 2:         255                 
Number of shire bits in scratchpad address in format 2:    255                 
First chiplet bit in scratchpad address in format 2:       255                 
Number of chiplet bits in scratchpad address in format 2:  255                 
First chiplet bit in chiplet DDR address:                  255                 
Number of chiplet bits in chiplet DDR address:             255                 
First chiplet bit in interleaved chiplet DDR address:      255                 
Number of chiplet bits in interleaved chiplet DDR address: 255                 

device ready in 0.13 s
device held for 3.35 s
LOGGER NOT INITIALIZED:
		ET [DEVICE_LAYER][TH:135041077878400]: 
PCIe target:                                               /dev/et0_ops        
DRAM base:                                                 549848092672         (0x8005801000)
DRAM size (B):                                             34265366528          (0x7fa600000)
DRAM alignment (bits):                                     64                  
MM SQ count:                                               2                    (0x2)
MM VQ Maximum message size (B):                            1056                 (0x420)
P2P compatibility bitmap:                                  0                    (0x0)
PCIBUS device name:                                        0000:02:00.0        
Physical device ID:                                        0                    (0x0)
Form Factor:                                               PCIE                 (0x0)
TDP (W):                                                   65                  
Minion boot frequency (MHz):                               600                 
L3 size (KB):                                              32768                (0x8000)
L2 size (KB):                                              16384                (0x4000)
Scratch pad size (KB):                                     81920                (0x14000)
Cache line size (B):                                       64                   (0x40)
Number of L2 Banks:                                        4                   
DDR Bandwidth (MB/s):                                      128000              
Spare shire ID:                                            32                  
Architecture revision:                                     ETSOC1               (0x0)
CM active shire mask:                                      4294967295           (0xffffffff)
Scratchpad base address in format 0:                       2147483648           (0x80000000)
Scratchpad base address in format 1:                       3221225472           (0xc0000000)
Scratchpad base address in format 2:                       18446744073709551615 (0xffffffffffffffff)
Local DDR base address:                                    549848092672         (0x8005801000)
Chiplet DDR base address:                                  549848092672         (0x8005801000)
Interleaved DDR base address:                              18446744073709551615 (0xffffffffffffffff)
Single chiplet DDR size:                                   34265366528         
Address alignment bits:                                    64                  
First shire bit in scratchpad address in format 0:         23                  
Number of shire bits in scratchpad address in format 0:    7                   
Local shire encoding in scratchpad address in format 0:    127                 
First shire bit in scratchpad address in format 1:         6                   
Number of shire bits in scratchpad address in format 1:    5                   
First shire bit in scratchpad address in format 2:         255                 
Number of shire bits in scratchpad address in format 2:    255                 
First chiplet bit in scratchpad address in format 2:       255                 
Number of chiplet bits in scratchpad address in format 2:  255                 
First chiplet bit in chiplet DDR address:                  255                 
Number of chiplet bits in chiplet DDR address:             255                 
First chiplet bit in interleaved chiplet DDR address:      255                 
Number of chiplet bits in interleaved chiplet DDR address: 255                 

device ready in 0.14 s
device held for 0.48 s
LOGGER NOT INITIALIZED:
		ET [DEVICE_LAYER][TH:131636763733632]: 
PCIe target:                                               /dev/et0_ops        
DRAM base:                                                 549848092672         (0x8005801000)
DRAM size (B):                                             34265366528          (0x7fa600000)
DRAM alignment (bits):                                     64                  
MM SQ count:                                               2                    (0x2)
MM VQ Maximum message size (B):                            1056                 (0x420)
P2P compatibility bitmap:                                  0                    (0x0)
PCIBUS device name:                                        0000:02:00.0        
Physical device ID:                                        0                    (0x0)
Form Factor:                                               PCIE                 (0x0)
TDP (W):                                                   65                  
Minion boot frequency (MHz):                               600                 
L3 size (KB):                                              32768                (0x8000)
L2 size (KB):                                              16384                (0x4000)
Scratch pad size (KB):                                     81920                (0x14000)
Cache line size (B):                                       64                   (0x40)
Number of L2 Banks:                                        4                   
DDR Bandwidth (MB/s):                                      128000              
Spare shire ID:                                            32                  
Architecture revision:                                     ETSOC1               (0x0)
CM active shire mask:                                      4294967295           (0xffffffff)
Scratchpad base address in format 0:                       2147483648           (0x80000000)
Scratchpad base address in format 1:                       3221225472           (0xc0000000)
Scratchpad base address in format 2:                       18446744073709551615 (0xffffffffffffffff)
Local DDR base address:                                    549848092672         (0x8005801000)
Chiplet DDR base address:                                  549848092672         (0x8005801000)
Interleaved DDR base address:                              18446744073709551615 (0xffffffffffffffff)
Single chiplet DDR size:                                   34265366528         
Address alignment bits:                                    64                  
First shire bit in scratchpad address in format 0:         23                  
Number of shire bits in scratchpad address in format 0:    7                   
Local shire encoding in scratchpad address in format 0:    127                 
First shire bit in scratchpad address in format 1:         6                   
Number of shire bits in scratchpad address in format 1:    5                   
First shire bit in scratchpad address in format 2:         255                 
Number of shire bits in scratchpad address in format 2:    255                 
First chiplet bit in scratchpad address in format 2:       255                 
Number of chiplet bits in scratchpad address in format 2:  255                 
First chiplet bit in chiplet DDR address:                  255                 
Number of chiplet bits in chiplet DDR address:             255                 
First chiplet bit in interleaved chiplet DDR address:      255                 
Number of chiplet bits in interleaved chiplet DDR address: 255                 

device ready in 0.14 s
device held for 3.35 s
LOGGER NOT INITIALIZED:
		ET [DEVICE_LAYER][TH:133331162906240]: 
PCIe target:                                               /dev/et0_ops        
DRAM base:                                                 549848092672         (0x8005801000)
DRAM size (B):                                             34265366528          (0x7fa600000)
DRAM alignment (bits):                                     64                  
MM SQ count:                                               2                    (0x2)
MM VQ Maximum message size (B):                            1056                 (0x420)
P2P compatibility bitmap:                                  0                    (0x0)
PCIBUS device name:                                        0000:02:00.0        
Physical device ID:                                        0                    (0x0)
Form Factor:                                               PCIE                 (0x0)
TDP (W):                                                   65                  
Minion boot frequency (MHz):                               600                 
L3 size (KB):                                              32768                (0x8000)
L2 size (KB):                                              16384                (0x4000)
Scratch pad size (KB):                                     81920                (0x14000)
Cache line size (B):                                       64                   (0x40)
Number of L2 Banks:                                        4                   
DDR Bandwidth (MB/s):                                      128000              
Spare shire ID:                                            32                  
Architecture revision:                                     ETSOC1               (0x0)
CM active shire mask:                                      4294967295           (0xffffffff)
Scratchpad base address in format 0:                       2147483648           (0x80000000)
Scratchpad base address in format 1:                       3221225472           (0xc0000000)
Scratchpad base address in format 2:                       18446744073709551615 (0xffffffffffffffff)
Local DDR base address:                                    549848092672         (0x8005801000)
Chiplet DDR base address:                                  549848092672         (0x8005801000)
Interleaved DDR base address:                              18446744073709551615 (0xffffffffffffffff)
Single chiplet DDR size:                                   34265366528         
Address alignment bits:                                    64                  
First shire bit in scratchpad address in format 0:         23                  
Number of shire bits in scratchpad address in format 0:    7                   
Local shire encoding in scratchpad address in format 0:    127                 
First shire bit in scratchpad address in format 1:         6                   
Number of shire bits in scratchpad address in format 1:    5                   
First shire bit in scratchpad address in format 2:         255                 
Number of shire bits in scratchpad address in format 2:    255                 
First chiplet bit in scratchpad address in format 2:       255                 
Number of chiplet bits in scratchpad address in format 2:  255                 
First chiplet bit in chiplet DDR address:                  255                 
Number of chiplet bits in chiplet DDR address:             255                 
First chiplet bit in interleaved chiplet DDR address:      255                 
Number of chiplet bits in interleaved chiplet DDR address: 255                 

device ready in 0.13 s
device held for 0.47 s
LOGGER NOT INITIALIZED:
		ET [DEVICE_LAYER][TH:135577250553472]: 
PCIe target:                                               /dev/et0_ops        
DRAM base:                                                 549848092672         (0x8005801000)
DRAM size (B):                                             34265366528          (0x7fa600000)
DRAM alignment (bits):                                     64                  
MM SQ count:                                               2                    (0x2)
MM VQ Maximum message size (B):                            1056                 (0x420)
P2P compatibility bitmap:                                  0                    (0x0)
PCIBUS device name:                                        0000:02:00.0        
Physical device ID:                                        0                    (0x0)
Form Factor:                                               PCIE                 (0x0)
TDP (W):                                                   65                  
Minion boot frequency (MHz):                               600                 
L3 size (KB):                                              32768                (0x8000)
L2 size (KB):                                              16384                (0x4000)
Scratch pad size (KB):                                     81920                (0x14000)
Cache line size (B):                                       64                   (0x40)
Number of L2 Banks:                                        4                   
DDR Bandwidth (MB/s):                                      128000              
Spare shire ID:                                            32                  
Architecture revision:                                     ETSOC1               (0x0)
CM active shire mask:                                      4294967295           (0xffffffff)
Scratchpad base address in format 0:                       2147483648           (0x80000000)
Scratchpad base address in format 1:                       3221225472           (0xc0000000)
Scratchpad base address in format 2:                       18446744073709551615 (0xffffffffffffffff)
Local DDR base address:                                    549848092672         (0x8005801000)
Chiplet DDR base address:                                  549848092672         (0x8005801000)
Interleaved DDR base address:                              18446744073709551615 (0xffffffffffffffff)
Single chiplet DDR size:                                   34265366528         
Address alignment bits:                                    64                  
First shire bit in scratchpad address in format 0:         23                  
Number of shire bits in scratchpad address in format 0:    7                   
Local shire encoding in scratchpad address in format 0:    127                 
First shire bit in scratchpad address in format 1:         6                   
Number of shire bits in scratchpad address in format 1:    5                   
First shire bit in scratchpad address in format 2:         255                 
Number of shire bits in scratchpad address in format 2:    255                 
First chiplet bit in scratchpad address in format 2:       255                 
Number of chiplet bits in scratchpad address in format 2:  255                 
First chiplet bit in chiplet DDR address:                  255                 
Number of chiplet bits in chiplet DDR address:             255                 
First chiplet bit in interleaved chiplet DDR address:      255                 
Number of chiplet bits in interleaved chiplet DDR address: 255                 

device ready in 0.13 s
device held for 3.35 s
LOGGER NOT INITIALIZED:
		ET [DEVICE_LAYER][TH:126456942988928]: 
PCIe target:                                               /dev/et0_ops        
DRAM base:                                                 549848092672         (0x8005801000)
DRAM size (B):                                             34265366528          (0x7fa600000)
DRAM alignment (bits):                                     64                  
MM SQ count:                                               2                    (0x2)
MM VQ Maximum message size (B):                            1056                 (0x420)
P2P compatibility bitmap:                                  0                    (0x0)
PCIBUS device name:                                        0000:02:00.0        
Physical device ID:                                        0                    (0x0)
Form Factor:                                               PCIE                 (0x0)
TDP (W):                                                   65                  
Minion boot frequency (MHz):                               600                 
L3 size (KB):                                              32768                (0x8000)
L2 size (KB):                                              16384                (0x4000)
Scratch pad size (KB):                                     81920                (0x14000)
Cache line size (B):                                       64                   (0x40)
Number of L2 Banks:                                        4                   
DDR Bandwidth (MB/s):                                      128000              
Spare shire ID:                                            32                  
Architecture revision:                                     ETSOC1               (0x0)
CM active shire mask:                                      4294967295           (0xffffffff)
Scratchpad base address in format 0:                       2147483648           (0x80000000)
Scratchpad base address in format 1:                       3221225472           (0xc0000000)
Scratchpad base address in format 2:                       18446744073709551615 (0xffffffffffffffff)
Local DDR base address:                                    549848092672         (0x8005801000)
Chiplet DDR base address:                                  549848092672         (0x8005801000)
Interleaved DDR base address:                              18446744073709551615 (0xffffffffffffffff)
Single chiplet DDR size:                                   34265366528         
Address alignment bits:                                    64                  
First shire bit in scratchpad address in format 0:         23                  
Number of shire bits in scratchpad address in format 0:    7                   
Local shire encoding in scratchpad address in format 0:    127                 
First shire bit in scratchpad address in format 1:         6                   
Number of shire bits in scratchpad address in format 1:    5                   
First shire bit in scratchpad address in format 2:         255                 
Number of shire bits in scratchpad address in format 2:    255                 
First chiplet bit in scratchpad address in format 2:       255                 
Number of chiplet bits in scratchpad address in format 2:  255                 
First chiplet bit in chiplet DDR address:                  255                 
Number of chiplet bits in chiplet DDR address:             255                 
First chiplet bit in interleaved chiplet DDR address:      255                 
Number of chiplet bits in interleaved chiplet DDR address: 255                 

device ready in 0.13 s
device held for 0.51 s
LOGGER NOT INITIALIZED:
		ET [DEVICE_LAYER][TH:129496868613760]: 
PCIe target:                                               /dev/et0_ops        
DRAM base:                                                 549848092672         (0x8005801000)
DRAM size (B):                                             34265366528          (0x7fa600000)
DRAM alignment (bits):                                     64                  
MM SQ count:                                               2                    (0x2)
MM VQ Maximum message size (B):                            1056                 (0x420)
P2P compatibility bitmap:                                  0                    (0x0)
PCIBUS device name:                                        0000:02:00.0        
Physical device ID:                                        0                    (0x0)
Form Factor:                                               PCIE                 (0x0)
TDP (W):                                                   65                  
Minion boot frequency (MHz):                               600                 
L3 size (KB):                                              32768                (0x8000)
L2 size (KB):                                              16384                (0x4000)
Scratch pad size (KB):                                     81920                (0x14000)
Cache line size (B):                                       64                   (0x40)
Number of L2 Banks:                                        4                   
DDR Bandwidth (MB/s):                                      128000              
Spare shire ID:                                            32                  
Architecture revision:                                     ETSOC1               (0x0)
CM active shire mask:                                      4294967295           (0xffffffff)
Scratchpad base address in format 0:                       2147483648           (0x80000000)
Scratchpad base address in format 1:                       3221225472           (0xc0000000)
Scratchpad base address in format 2:                       18446744073709551615 (0xffffffffffffffff)
Local DDR base address:                                    549848092672         (0x8005801000)
Chiplet DDR base address:                                  549848092672         (0x8005801000)
Interleaved DDR base address:                              18446744073709551615 (0xffffffffffffffff)
Single chiplet DDR size:                                   34265366528         
Address alignment bits:                                    64                  
First shire bit in scratchpad address in format 0:         23                  
Number of shire bits in scratchpad address in format 0:    7                   
Local shire encoding in scratchpad address in format 0:    127                 
First shire bit in scratchpad address in format 1:         6                   
Number of shire bits in scratchpad address in format 1:    5                   
First shire bit in scratchpad address in format 2:         255                 
Number of shire bits in scratchpad address in format 2:    255                 
First chiplet bit in scratchpad address in format 2:       255                 
Number of chiplet bits in scratchpad address in format 2:  255                 
First chiplet bit in chiplet DDR address:                  255                 
Number of chiplet bits in chiplet DDR address:             255                 
First chiplet bit in interleaved chiplet DDR address:      255                 
Number of chiplet bits in interleaved chiplet DDR address: 255                 

device ready in 0.14 s
device held for 3.35 s
LOGGER NOT INITIALIZED:
		ET [DEVICE_LAYER][TH:131118431858304]: 
PCIe target:                                               /dev/et0_ops        
DRAM base:                                                 549848092672         (0x8005801000)
DRAM size (B):                                             34265366528          (0x7fa600000)
DRAM alignment (bits):                                     64                  
MM SQ count:                                               2                    (0x2)
MM VQ Maximum message size (B):                            1056                 (0x420)
P2P compatibility bitmap:                                  0                    (0x0)
PCIBUS device name:                                        0000:02:00.0        
Physical device ID:                                        0                    (0x0)
Form Factor:                                               PCIE                 (0x0)
TDP (W):                                                   65                  
Minion boot frequency (MHz):                               600                 
L3 size (KB):                                              32768                (0x8000)
L2 size (KB):                                              16384                (0x4000)
Scratch pad size (KB):                                     81920                (0x14000)
Cache line size (B):                                       64                   (0x40)
Number of L2 Banks:                                        4                   
DDR Bandwidth (MB/s):                                      128000              
Spare shire ID:                                            32                  
Architecture revision:                                     ETSOC1               (0x0)
CM active shire mask:                                      4294967295           (0xffffffff)
Scratchpad base address in format 0:                       2147483648           (0x80000000)
Scratchpad base address in format 1:                       3221225472           (0xc0000000)
Scratchpad base address in format 2:                       18446744073709551615 (0xffffffffffffffff)
Local DDR base address:                                    549848092672         (0x8005801000)
Chiplet DDR base address:                                  549848092672         (0x8005801000)
Interleaved DDR base address:                              18446744073709551615 (0xffffffffffffffff)
Single chiplet DDR size:                                   34265366528         
Address alignment bits:                                    64                  
First shire bit in scratchpad address in format 0:         23                  
Number of shire bits in scratchpad address in format 0:    7                   
Local shire encoding in scratchpad address in format 0:    127                 
First shire bit in scratchpad address in format 1:         6                   
Number of shire bits in scratchpad address in format 1:    5                   
First shire bit in scratchpad address in format 2:         255                 
Number of shire bits in scratchpad address in format 2:    255                 
First chiplet bit in scratchpad address in format 2:       255                 
Number of chiplet bits in scratchpad address in format 2:  255                 
First chiplet bit in chiplet DDR address:                  255                 
Number of chiplet bits in chiplet DDR address:             255                 
First chiplet bit in interleaved chiplet DDR address:      255                 
Number of chiplet bits in interleaved chiplet DDR address: 255                 

device ready in 0.14 s
device held for 0.48 s
LOGGER NOT INITIALIZED:
		ET [DEVICE_LAYER][TH:126137052946048]: 
PCIe target:                                               /dev/et0_ops        
DRAM base:                                                 549848092672         (0x8005801000)
DRAM size (B):                                             34265366528          (0x7fa600000)
DRAM alignment (bits):                                     64                  
MM SQ count:                                               2                    (0x2)
MM VQ Maximum message size (B):                            1056                 (0x420)
P2P compatibility bitmap:                                  0                    (0x0)
PCIBUS device name:                                        0000:02:00.0        
Physical device ID:                                        0                    (0x0)
Form Factor:                                               PCIE                 (0x0)
TDP (W):                                                   65                  
Minion boot frequency (MHz):                               600                 
L3 size (KB):                                              32768                (0x8000)
L2 size (KB):                                              16384                (0x4000)
Scratch pad size (KB):                                     81920                (0x14000)
Cache line size (B):                                       64                   (0x40)
Number of L2 Banks:                                        4                   
DDR Bandwidth (MB/s):                                      128000              
Spare shire ID:                                            32                  
Architecture revision:                                     ETSOC1               (0x0)
CM active shire mask:                                      4294967295           (0xffffffff)
Scratchpad base address in format 0:                       2147483648           (0x80000000)
Scratchpad base address in format 1:                       3221225472           (0xc0000000)
Scratchpad base address in format 2:                       18446744073709551615 (0xffffffffffffffff)
Local DDR base address:                                    549848092672         (0x8005801000)
Chiplet DDR base address:                                  549848092672         (0x8005801000)
Interleaved DDR base address:                              18446744073709551615 (0xffffffffffffffff)
Single chiplet DDR size:                                   34265366528         
Address alignment bits:                                    64                  
First shire bit in scratchpad address in format 0:         23                  
Number of shire bits in scratchpad address in format 0:    7                   
Local shire encoding in scratchpad address in format 0:    127                 
First shire bit in scratchpad address in format 1:         6                   
Number of shire bits in scratchpad address in format 1:    5                   
First shire bit in scratchpad address in format 2:         255                 
Number of shire bits in scratchpad address in format 2:    255                 
First chiplet bit in scratchpad address in format 2:       255                 
Number of chiplet bits in scratchpad address in format 2:  255                 
First chiplet bit in chiplet DDR address:                  255                 
Number of chiplet bits in chiplet DDR address:             255                 
First chiplet bit in interleaved chiplet DDR address:      255                 
Number of chiplet bits in interleaved chiplet DDR address: 255                 

device ready in 0.13 s
device held for 3.43 s
LOGGER NOT INITIALIZED:
		ET [DEVICE_LAYER][TH:139961652600448]: 
PCIe target:                                               /dev/et0_ops        
DRAM base:                                                 549848092672         (0x8005801000)
DRAM size (B):                                             34265366528          (0x7fa600000)
DRAM alignment (bits):                                     64                  
MM SQ count:                                               2                    (0x2)
MM VQ Maximum message size (B):                            1056                 (0x420)
P2P compatibility bitmap:                                  0                    (0x0)
PCIBUS device name:                                        0000:02:00.0        
Physical device ID:                                        0                    (0x0)
Form Factor:                                               PCIE                 (0x0)
TDP (W):                                                   65                  
Minion boot frequency (MHz):                               600                 
L3 size (KB):                                              32768                (0x8000)
L2 size (KB):                                              16384                (0x4000)
Scratch pad size (KB):                                     81920                (0x14000)
Cache line size (B):                                       64                   (0x40)
Number of L2 Banks:                                        4                   
DDR Bandwidth (MB/s):                                      128000              
Spare shire ID:                                            32                  
Architecture revision:                                     ETSOC1               (0x0)
CM active shire mask:                                      4294967295           (0xffffffff)
Scratchpad base address in format 0:                       2147483648           (0x80000000)
Scratchpad base address in format 1:                       3221225472           (0xc0000000)
Scratchpad base address in format 2:                       18446744073709551615 (0xffffffffffffffff)
Local DDR base address:                                    549848092672         (0x8005801000)
Chiplet DDR base address:                                  549848092672         (0x8005801000)
Interleaved DDR base address:                              18446744073709551615 (0xffffffffffffffff)
Single chiplet DDR size:                                   34265366528         
Address alignment bits:                                    64                  
First shire bit in scratchpad address in format 0:         23                  
Number of shire bits in scratchpad address in format 0:    7                   
Local shire encoding in scratchpad address in format 0:    127                 
First shire bit in scratchpad address in format 1:         6                   
Number of shire bits in scratchpad address in format 1:    5                   
First shire bit in scratchpad address in format 2:         255                 
Number of shire bits in scratchpad address in format 2:    255                 
First chiplet bit in scratchpad address in format 2:       255                 
Number of chiplet bits in scratchpad address in format 2:  255                 
First chiplet bit in chiplet DDR address:                  255                 
Number of chiplet bits in chiplet DDR address:             255                 
First chiplet bit in interleaved chiplet DDR address:      255                 
Number of chiplet bits in interleaved chiplet DDR address: 255                 

device ready in 0.13 s
device held for 0.47 s
LOGGER NOT INITIALIZED:
		ET [DEVICE_LAYER][TH:137849767304832]: 
PCIe target:                                               /dev/et0_ops        
DRAM base:                                                 549848092672         (0x8005801000)
DRAM size (B):                                             34265366528          (0x7fa600000)
DRAM alignment (bits):                                     64                  
MM SQ count:                                               2                    (0x2)
MM VQ Maximum message size (B):                            1056                 (0x420)
P2P compatibility bitmap:                                  0                    (0x0)
PCIBUS device name:                                        0000:02:00.0        
Physical device ID:                                        0                    (0x0)
Form Factor:                                               PCIE                 (0x0)
TDP (W):                                                   65                  
Minion boot frequency (MHz):                               600                 
L3 size (KB):                                              32768                (0x8000)
L2 size (KB):                                              16384                (0x4000)
Scratch pad size (KB):                                     81920                (0x14000)
Cache line size (B):                                       64                   (0x40)
Number of L2 Banks:                                        4                   
DDR Bandwidth (MB/s):                                      128000              
Spare shire ID:                                            32                  
Architecture revision:                                     ETSOC1               (0x0)
CM active shire mask:                                      4294967295           (0xffffffff)
Scratchpad base address in format 0:                       2147483648           (0x80000000)
Scratchpad base address in format 1:                       3221225472           (0xc0000000)
Scratchpad base address in format 2:                       18446744073709551615 (0xffffffffffffffff)
Local DDR base address:                                    549848092672         (0x8005801000)
Chiplet DDR base address:                                  549848092672         (0x8005801000)
Interleaved DDR base address:                              18446744073709551615 (0xffffffffffffffff)
Single chiplet DDR size:                                   34265366528         
Address alignment bits:                                    64                  
First shire bit in scratchpad address in format 0:         23                  
Number of shire bits in scratchpad address in format 0:    7                   
Local shire encoding in scratchpad address in format 0:    127                 
First shire bit in scratchpad address in format 1:         6                   
Number of shire bits in scratchpad address in format 1:    5                   
First shire bit in scratchpad address in format 2:         255                 
Number of shire bits in scratchpad address in format 2:    255                 
First chiplet bit in scratchpad address in format 2:       255                 
Number of chiplet bits in scratchpad address in format 2:  255                 
First chiplet bit in chiplet DDR address:                  255                 
Number of chiplet bits in chiplet DDR address:             255                 
First chiplet bit in interleaved chiplet DDR address:      255                 
Number of chiplet bits in interleaved chiplet DDR address: 255                 

device ready in 0.14 s
device held for 3.35 s
LOGGER NOT INITIALIZED:
		ET [DEVICE_LAYER][TH:133453061062272]: 
PCIe target:                                               /dev/et0_ops        
DRAM base:                                                 549848092672         (0x8005801000)
DRAM size (B):                                             34265366528          (0x7fa600000)
DRAM alignment (bits):                                     64                  
MM SQ count:                                               2                    (0x2)
MM VQ Maximum message size (B):                            1056                 (0x420)
P2P compatibility bitmap:                                  0                    (0x0)
PCIBUS device name:                                        0000:02:00.0        
Physical device ID:                                        0                    (0x0)
Form Factor:                                               PCIE                 (0x0)
TDP (W):                                                   65                  
Minion boot frequency (MHz):                               600                 
L3 size (KB):                                              32768                (0x8000)
L2 size (KB):                                              16384                (0x4000)
Scratch pad size (KB):                                     81920                (0x14000)
Cache line size (B):                                       64                   (0x40)
Number of L2 Banks:                                        4                   
DDR Bandwidth (MB/s):                                      128000              
Spare shire ID:                                            32                  
Architecture revision:                                     ETSOC1               (0x0)
CM active shire mask:                                      4294967295           (0xffffffff)
Scratchpad base address in format 0:                       2147483648           (0x80000000)
Scratchpad base address in format 1:                       3221225472           (0xc0000000)
Scratchpad base address in format 2:                       18446744073709551615 (0xffffffffffffffff)
Local DDR base address:                                    549848092672         (0x8005801000)
Chiplet DDR base address:                                  549848092672         (0x8005801000)
Interleaved DDR base address:                              18446744073709551615 (0xffffffffffffffff)
Single chiplet DDR size:                                   34265366528         
Address alignment bits:                                    64                  
First shire bit in scratchpad address in format 0:         23                  
Number of shire bits in scratchpad address in format 0:    7                   
Local shire encoding in scratchpad address in format 0:    127                 
First shire bit in scratchpad address in format 1:         6                   
Number of shire bits in scratchpad address in format 1:    5                   
First shire bit in scratchpad address in format 2:         255                 
Number of shire bits in scratchpad address in format 2:    255                 
First chiplet bit in scratchpad address in format 2:       255                 
Number of chiplet bits in scratchpad address in format 2:  255                 
First chiplet bit in chiplet DDR address:                  255                 
Number of chiplet bits in chiplet DDR address:             255                 
First chiplet bit in interleaved chiplet DDR address:      255                 
Number of chiplet bits in interleaved chiplet DDR address: 255                 

device ready in 0.13 s
device held for 0.47 s
LOGGER NOT INITIALIZED:
		ET [DEVICE_LAYER][TH:130594822131328]: 
PCIe target:                                               /dev/et0_ops        
DRAM base:                                                 549848092672         (0x8005801000)
DRAM size (B):                                             34265366528          (0x7fa600000)
DRAM alignment (bits):                                     64                  
MM SQ count:                                               2                    (0x2)
MM VQ Maximum message size (B):                            1056                 (0x420)
P2P compatibility bitmap:                                  0                    (0x0)
PCIBUS device name:                                        0000:02:00.0        
Physical device ID:                                        0                    (0x0)
Form Factor:                                               PCIE                 (0x0)
TDP (W):                                                   65                  
Minion boot frequency (MHz):                               600                 
L3 size (KB):                                              32768                (0x8000)
L2 size (KB):                                              16384                (0x4000)
Scratch pad size (KB):                                     81920                (0x14000)
Cache line size (B):                                       64                   (0x40)
Number of L2 Banks:                                        4                   
DDR Bandwidth (MB/s):                                      128000              
Spare shire ID:                                            32                  
Architecture revision:                                     ETSOC1               (0x0)
CM active shire mask:                                      4294967295           (0xffffffff)
Scratchpad base address in format 0:                       2147483648           (0x80000000)
Scratchpad base address in format 1:                       3221225472           (0xc0000000)
Scratchpad base address in format 2:                       18446744073709551615 (0xffffffffffffffff)
Local DDR base address:                                    549848092672         (0x8005801000)
Chiplet DDR base address:                                  549848092672         (0x8005801000)
Interleaved DDR base address:                              18446744073709551615 (0xffffffffffffffff)
Single chiplet DDR size:                                   34265366528         
Address alignment bits:                                    64                  
First shire bit in scratchpad address in format 0:         23                  
Number of shire bits in scratchpad address in format 0:    7                   
Local shire encoding in scratchpad address in format 0:    127                 
First shire bit in scratchpad address in format 1:         6                   
Number of shire bits in scratchpad address in format 1:    5                   
First shire bit in scratchpad address in format 2:         255                 
Number of shire bits in scratchpad address in format 2:    255                 
First chiplet bit in scratchpad address in format 2:       255                 
Number of chiplet bits in scratchpad address in format 2:  255                 
First chiplet bit in chiplet DDR address:                  255                 
Number of chiplet bits in chiplet DDR address:             255                 
First chiplet bit in interleaved chiplet DDR address:      255                 
Number of chiplet bits in interleaved chiplet DDR address: 255                 

device ready in 0.13 s
device held for 3.44 s
LOGGER NOT INITIALIZED:
		ET [DEVICE_LAYER][TH:136930005663360]: 
PCIe target:                                               /dev/et0_ops        
DRAM base:                                                 549848092672         (0x8005801000)
DRAM size (B):                                             34265366528          (0x7fa600000)
DRAM alignment (bits):                                     64                  
MM SQ count:                                               2                    (0x2)
MM VQ Maximum message size (B):                            1056                 (0x420)
P2P compatibility bitmap:                                  0                    (0x0)
PCIBUS device name:                                        0000:02:00.0        
Physical device ID:                                        0                    (0x0)
Form Factor:                                               PCIE                 (0x0)
TDP (W):                                                   65                  
Minion boot frequency (MHz):                               600                 
L3 size (KB):                                              32768                (0x8000)
L2 size (KB):                                              16384                (0x4000)
Scratch pad size (KB):                                     81920                (0x14000)
Cache line size (B):                                       64                   (0x40)
Number of L2 Banks:                                        4                   
DDR Bandwidth (MB/s):                                      128000              
Spare shire ID:                                            32                  
Architecture revision:                                     ETSOC1               (0x0)
CM active shire mask:                                      4294967295           (0xffffffff)
Scratchpad base address in format 0:                       2147483648           (0x80000000)
Scratchpad base address in format 1:                       3221225472           (0xc0000000)
Scratchpad base address in format 2:                       18446744073709551615 (0xffffffffffffffff)
Local DDR base address:                                    549848092672         (0x8005801000)
Chiplet DDR base address:                                  549848092672         (0x8005801000)
Interleaved DDR base address:                              18446744073709551615 (0xffffffffffffffff)
Single chiplet DDR size:                                   34265366528         
Address alignment bits:                                    64                  
First shire bit in scratchpad address in format 0:         23                  
Number of shire bits in scratchpad address in format 0:    7                   
Local shire encoding in scratchpad address in format 0:    127                 
First shire bit in scratchpad address in format 1:         6                   
Number of shire bits in scratchpad address in format 1:    5                   
First shire bit in scratchpad address in format 2:         255                 
Number of shire bits in scratchpad address in format 2:    255                 
First chiplet bit in scratchpad address in format 2:       255                 
Number of chiplet bits in scratchpad address in format 2:  255                 
First chiplet bit in chiplet DDR address:                  255                 
Number of chiplet bits in chiplet DDR address:             255                 
First chiplet bit in interleaved chiplet DDR address:      255                 
Number of chiplet bits in interleaved chiplet DDR address: 255                 

device ready in 0.14 s
device held for 0.51 s
LOGGER NOT INITIALIZED:
		ET [DEVICE_LAYER][TH:134395322990208]: 
PCIe target:                                               /dev/et0_ops        
DRAM base:                                                 549848092672         (0x8005801000)
DRAM size (B):                                             34265366528          (0x7fa600000)
DRAM alignment (bits):                                     64                  
MM SQ count:                                               2                    (0x2)
MM VQ Maximum message size (B):                            1056                 (0x420)
P2P compatibility bitmap:                                  0                    (0x0)
PCIBUS device name:                                        0000:02:00.0        
Physical device ID:                                        0                    (0x0)
Form Factor:                                               PCIE                 (0x0)
TDP (W):                                                   65                  
Minion boot frequency (MHz):                               600                 
L3 size (KB):                                              32768                (0x8000)
L2 size (KB):                                              16384                (0x4000)
Scratch pad size (KB):                                     81920                (0x14000)
Cache line size (B):                                       64                   (0x40)
Number of L2 Banks:                                        4                   
DDR Bandwidth (MB/s):                                      128000              
Spare shire ID:                                            32                  
Architecture revision:                                     ETSOC1               (0x0)
CM active shire mask:                                      4294967295           (0xffffffff)
Scratchpad base address in format 0:                       2147483648           (0x80000000)
Scratchpad base address in format 1:                       3221225472           (0xc0000000)
Scratchpad base address in format 2:                       18446744073709551615 (0xffffffffffffffff)
Local DDR base address:                                    549848092672         (0x8005801000)
Chiplet DDR base address:                                  549848092672         (0x8005801000)
Interleaved DDR base address:                              18446744073709551615 (0xffffffffffffffff)
Single chiplet DDR size:                                   34265366528         
Address alignment bits:                                    64                  
First shire bit in scratchpad address in format 0:         23                  
Number of shire bits in scratchpad address in format 0:    7                   
Local shire encoding in scratchpad address in format 0:    127                 
First shire bit in scratchpad address in format 1:         6                   
Number of shire bits in scratchpad address in format 1:    5                   
First shire bit in scratchpad address in format 2:         255                 
Number of shire bits in scratchpad address in format 2:    255                 
First chiplet bit in scratchpad address in format 2:       255                 
Number of chiplet bits in scratchpad address in format 2:  255                 
First chiplet bit in chiplet DDR address:                  255                 
Number of chiplet bits in chiplet DDR address:             255                 
First chiplet bit in interleaved chiplet DDR address:      255                 
Number of chiplet bits in interleaved chiplet DDR address: 255                 

device ready in 0.13 s
device held for 3.43 s
LOGGER NOT INITIALIZED:
		ET [DEVICE_LAYER][TH:133293246074496]: 
PCIe target:                                               /dev/et0_ops        
DRAM base:                                                 549848092672         (0x8005801000)
DRAM size (B):                                             34265366528          (0x7fa600000)
DRAM alignment (bits):                                     64                  
MM SQ count:                                               2                    (0x2)
MM VQ Maximum message size (B):                            1056                 (0x420)
P2P compatibility bitmap:                                  0                    (0x0)
PCIBUS device name:                                        0000:02:00.0        
Physical device ID:                                        0                    (0x0)
Form Factor:                                               PCIE                 (0x0)
TDP (W):                                                   65                  
Minion boot frequency (MHz):                               600                 
L3 size (KB):                                              32768                (0x8000)
L2 size (KB):                                              16384                (0x4000)
Scratch pad size (KB):                                     81920                (0x14000)
Cache line size (B):                                       64                   (0x40)
Number of L2 Banks:                                        4                   
DDR Bandwidth (MB/s):                                      128000              
Spare shire ID:                                            32                  
Architecture revision:                                     ETSOC1               (0x0)
CM active shire mask:                                      4294967295           (0xffffffff)
Scratchpad base address in format 0:                       2147483648           (0x80000000)
Scratchpad base address in format 1:                       3221225472           (0xc0000000)
Scratchpad base address in format 2:                       18446744073709551615 (0xffffffffffffffff)
Local DDR base address:                                    549848092672         (0x8005801000)
Chiplet DDR base address:                                  549848092672         (0x8005801000)
Interleaved DDR base address:                              18446744073709551615 (0xffffffffffffffff)
Single chiplet DDR size:                                   34265366528         
Address alignment bits:                                    64                  
First shire bit in scratchpad address in format 0:         23                  
Number of shire bits in scratchpad address in format 0:    7                   
Local shire encoding in scratchpad address in format 0:    127                 
First shire bit in scratchpad address in format 1:         6                   
Number of shire bits in scratchpad address in format 1:    5                   
First shire bit in scratchpad address in format 2:         255                 
Number of shire bits in scratchpad address in format 2:    255                 
First chiplet bit in scratchpad address in format 2:       255                 
Number of chiplet bits in scratchpad address in format 2:  255                 
First chiplet bit in chiplet DDR address:                  255                 
Number of chiplet bits in chiplet DDR address:             255                 
First chiplet bit in interleaved chiplet DDR address:      255                 
Number of chiplet bits in interleaved chiplet DDR address: 255                 

device ready in 0.13 s
device held for 0.47 s
LOGGER NOT INITIALIZED:
		ET [DEVICE_LAYER][TH:135784648367744]: 
PCIe target:                                               /dev/et0_ops        
DRAM base:                                                 549848092672         (0x8005801000)
DRAM size (B):                                             34265366528          (0x7fa600000)
DRAM alignment (bits):                                     64                  
MM SQ count:                                               2                    (0x2)
MM VQ Maximum message size (B):                            1056                 (0x420)
P2P compatibility bitmap:                                  0                    (0x0)
PCIBUS device name:                                        0000:02:00.0        
Physical device ID:                                        0                    (0x0)
Form Factor:                                               PCIE                 (0x0)
TDP (W):                                                   65                  
Minion boot frequency (MHz):                               600                 
L3 size (KB):                                              32768                (0x8000)
L2 size (KB):                                              16384                (0x4000)
Scratch pad size (KB):                                     81920                (0x14000)
Cache line size (B):                                       64                   (0x40)
Number of L2 Banks:                                        4                   
DDR Bandwidth (MB/s):                                      128000              
Spare shire ID:                                            32                  
Architecture revision:                                     ETSOC1               (0x0)
CM active shire mask:                                      4294967295           (0xffffffff)
Scratchpad base address in format 0:                       2147483648           (0x80000000)
Scratchpad base address in format 1:                       3221225472           (0xc0000000)
Scratchpad base address in format 2:                       18446744073709551615 (0xffffffffffffffff)
Local DDR base address:                                    549848092672         (0x8005801000)
Chiplet DDR base address:                                  549848092672         (0x8005801000)
Interleaved DDR base address:                              18446744073709551615 (0xffffffffffffffff)
Single chiplet DDR size:                                   34265366528         
Address alignment bits:                                    64                  
First shire bit in scratchpad address in format 0:         23                  
Number of shire bits in scratchpad address in format 0:    7                   
Local shire encoding in scratchpad address in format 0:    127                 
First shire bit in scratchpad address in format 1:         6                   
Number of shire bits in scratchpad address in format 1:    5                   
First shire bit in scratchpad address in format 2:         255                 
Number of shire bits in scratchpad address in format 2:    255                 
First chiplet bit in scratchpad address in format 2:       255                 
Number of chiplet bits in scratchpad address in format 2:  255                 
First chiplet bit in chiplet DDR address:                  255                 
Number of chiplet bits in chiplet DDR address:             255                 
First chiplet bit in interleaved chiplet DDR address:      255                 
Number of chiplet bits in interleaved chiplet DDR address: 255                 

device ready in 0.13 s
device held for 3.43 s
LOGGER NOT INITIALIZED:
		ET [DEVICE_LAYER][TH:128654383976064]: 
PCIe target:                                               /dev/et0_ops        
DRAM base:                                                 549848092672         (0x8005801000)
DRAM size (B):                                             34265366528          (0x7fa600000)
DRAM alignment (bits):                                     64                  
MM SQ count:                                               2                    (0x2)
MM VQ Maximum message size (B):                            1056                 (0x420)
P2P compatibility bitmap:                                  0                    (0x0)
PCIBUS device name:                                        0000:02:00.0        
Physical device ID:                                        0                    (0x0)
Form Factor:                                               PCIE                 (0x0)
TDP (W):                                                   65                  
Minion boot frequency (MHz):                               600                 
L3 size (KB):                                              32768                (0x8000)
L2 size (KB):                                              16384                (0x4000)
Scratch pad size (KB):                                     81920                (0x14000)
Cache line size (B):                                       64                   (0x40)
Number of L2 Banks:                                        4                   
DDR Bandwidth (MB/s):                                      128000              
Spare shire ID:                                            32                  
Architecture revision:                                     ETSOC1               (0x0)
CM active shire mask:                                      4294967295           (0xffffffff)
Scratchpad base address in format 0:                       2147483648           (0x80000000)
Scratchpad base address in format 1:                       3221225472           (0xc0000000)
Scratchpad base address in format 2:                       18446744073709551615 (0xffffffffffffffff)
Local DDR base address:                                    549848092672         (0x8005801000)
Chiplet DDR base address:                                  549848092672         (0x8005801000)
Interleaved DDR base address:                              18446744073709551615 (0xffffffffffffffff)
Single chiplet DDR size:                                   34265366528         
Address alignment bits:                                    64                  
First shire bit in scratchpad address in format 0:         23                  
Number of shire bits in scratchpad address in format 0:    7                   
Local shire encoding in scratchpad address in format 0:    127                 
First shire bit in scratchpad address in format 1:         6                   
Number of shire bits in scratchpad address in format 1:    5                   
First shire bit in scratchpad address in format 2:         255                 
Number of shire bits in scratchpad address in format 2:    255                 
First chiplet bit in scratchpad address in format 2:       255                 
Number of chiplet bits in scratchpad address in format 2:  255                 
First chiplet bit in chiplet DDR address:                  255                 
Number of chiplet bits in chiplet DDR address:             255                 
First chiplet bit in interleaved chiplet DDR address:      255                 
Number of chiplet bits in interleaved chiplet DDR address: 255                 

device ready in 0.13 s
device held for 0.51 s
LOGGER NOT INITIALIZED:
		ET [DEVICE_LAYER][TH:125596262436480]: 
PCIe target:                                               /dev/et0_ops        
DRAM base:                                                 549848092672         (0x8005801000)
DRAM size (B):                                             34265366528          (0x7fa600000)
DRAM alignment (bits):                                     64                  
MM SQ count:                                               2                    (0x2)
MM VQ Maximum message size (B):                            1056                 (0x420)
P2P compatibility bitmap:                                  0                    (0x0)
PCIBUS device name:                                        0000:02:00.0        
Physical device ID:                                        0                    (0x0)
Form Factor:                                               PCIE                 (0x0)
TDP (W):                                                   65                  
Minion boot frequency (MHz):                               600                 
L3 size (KB):                                              32768                (0x8000)
L2 size (KB):                                              16384                (0x4000)
Scratch pad size (KB):                                     81920                (0x14000)
Cache line size (B):                                       64                   (0x40)
Number of L2 Banks:                                        4                   
DDR Bandwidth (MB/s):                                      128000              
Spare shire ID:                                            32                  
Architecture revision:                                     ETSOC1               (0x0)
CM active shire mask:                                      4294967295           (0xffffffff)
Scratchpad base address in format 0:                       2147483648           (0x80000000)
Scratchpad base address in format 1:                       3221225472           (0xc0000000)
Scratchpad base address in format 2:                       18446744073709551615 (0xffffffffffffffff)
Local DDR base address:                                    549848092672         (0x8005801000)
Chiplet DDR base address:                                  549848092672         (0x8005801000)
Interleaved DDR base address:                              18446744073709551615 (0xffffffffffffffff)
Single chiplet DDR size:                                   34265366528         
Address alignment bits:                                    64                  
First shire bit in scratchpad address in format 0:         23                  
Number of shire bits in scratchpad address in format 0:    7                   
Local shire encoding in scratchpad address in format 0:    127                 
First shire bit in scratchpad address in format 1:         6                   
Number of shire bits in scratchpad address in format 1:    5                   
First shire bit in scratchpad address in format 2:         255                 
Number of shire bits in scratchpad address in format 2:    255                 
First chiplet bit in scratchpad address in format 2:       255                 
Number of chiplet bits in scratchpad address in format 2:  255                 
First chiplet bit in chiplet DDR address:                  255                 
Number of chiplet bits in chiplet DDR address:             255                 
First chiplet bit in interleaved chiplet DDR address:      255                 
Number of chiplet bits in interleaved chiplet DDR address: 255                 

device ready in 0.13 s
device held for 3.35 s
LOGGER NOT INITIALIZED:
		ET [DEVICE_LAYER][TH:124791597534848]: 
PCIe target:                                               /dev/et0_ops        
DRAM base:                                                 549848092672         (0x8005801000)
DRAM size (B):                                             34265366528          (0x7fa600000)
DRAM alignment (bits):                                     64                  
MM SQ count:                                               2                    (0x2)
MM VQ Maximum message size (B):                            1056                 (0x420)
P2P compatibility bitmap:                                  0                    (0x0)
PCIBUS device name:                                        0000:02:00.0        
Physical device ID:                                        0                    (0x0)
Form Factor:                                               PCIE                 (0x0)
TDP (W):                                                   65                  
Minion boot frequency (MHz):                               600                 
L3 size (KB):                                              32768                (0x8000)
L2 size (KB):                                              16384                (0x4000)
Scratch pad size (KB):                                     81920                (0x14000)
Cache line size (B):                                       64                   (0x40)
Number of L2 Banks:                                        4                   
DDR Bandwidth (MB/s):                                      128000              
Spare shire ID:                                            32                  
Architecture revision:                                     ETSOC1               (0x0)
CM active shire mask:                                      4294967295           (0xffffffff)
Scratchpad base address in format 0:                       2147483648           (0x80000000)
Scratchpad base address in format 1:                       3221225472           (0xc0000000)
Scratchpad base address in format 2:                       18446744073709551615 (0xffffffffffffffff)
Local DDR base address:                                    549848092672         (0x8005801000)
Chiplet DDR base address:                                  549848092672         (0x8005801000)
Interleaved DDR base address:                              18446744073709551615 (0xffffffffffffffff)
Single chiplet DDR size:                                   34265366528         
Address alignment bits:                                    64                  
First shire bit in scratchpad address in format 0:         23                  
Number of shire bits in scratchpad address in format 0:    7                   
Local shire encoding in scratchpad address in format 0:    127                 
First shire bit in scratchpad address in format 1:         6                   
Number of shire bits in scratchpad address in format 1:    5                   
First shire bit in scratchpad address in format 2:         255                 
Number of shire bits in scratchpad address in format 2:    255                 
First chiplet bit in scratchpad address in format 2:       255                 
Number of chiplet bits in scratchpad address in format 2:  255                 
First chiplet bit in chiplet DDR address:                  255                 
Number of chiplet bits in chiplet DDR address:             255                 
First chiplet bit in interleaved chiplet DDR address:      255                 
Number of chiplet bits in interleaved chiplet DDR address: 255                 

device ready in 0.14 s
device held for 0.48 s
LOGGER NOT INITIALIZED:
		ET [DEVICE_LAYER][TH:131940883332736]: 
PCIe target:                                               /dev/et0_ops        
DRAM base:                                                 549848092672         (0x8005801000)
DRAM size (B):                                             34265366528          (0x7fa600000)
DRAM alignment (bits):                                     64                  
MM SQ count:                                               2                    (0x2)
MM VQ Maximum message size (B):                            1056                 (0x420)
P2P compatibility bitmap:                                  0                    (0x0)
PCIBUS device name:                                        0000:02:00.0        
Physical device ID:                                        0                    (0x0)
Form Factor:                                               PCIE                 (0x0)
TDP (W):                                                   65                  
Minion boot frequency (MHz):                               600                 
L3 size (KB):                                              32768                (0x8000)
L2 size (KB):                                              16384                (0x4000)
Scratch pad size (KB):                                     81920                (0x14000)
Cache line size (B):                                       64                   (0x40)
Number of L2 Banks:                                        4                   
DDR Bandwidth (MB/s):                                      128000              
Spare shire ID:                                            32                  
Architecture revision:                                     ETSOC1               (0x0)
CM active shire mask:                                      4294967295           (0xffffffff)
Scratchpad base address in format 0:                       2147483648           (0x80000000)
Scratchpad base address in format 1:                       3221225472           (0xc0000000)
Scratchpad base address in format 2:                       18446744073709551615 (0xffffffffffffffff)
Local DDR base address:                                    549848092672         (0x8005801000)
Chiplet DDR base address:                                  549848092672         (0x8005801000)
Interleaved DDR base address:                              18446744073709551615 (0xffffffffffffffff)
Single chiplet DDR size:                                   34265366528         
Address alignment bits:                                    64                  
First shire bit in scratchpad address in format 0:         23                  
Number of shire bits in scratchpad address in format 0:    7                   
Local shire encoding in scratchpad address in format 0:    127                 
First shire bit in scratchpad address in format 1:         6                   
Number of shire bits in scratchpad address in format 1:    5                   
First shire bit in scratchpad address in format 2:         255                 
Number of shire bits in scratchpad address in format 2:    255                 
First chiplet bit in scratchpad address in format 2:       255                 
Number of chiplet bits in scratchpad address in format 2:  255                 
First chiplet bit in chiplet DDR address:                  255                 
Number of chiplet bits in chiplet DDR address:             255                 
First chiplet bit in interleaved chiplet DDR address:      255                 
Number of chiplet bits in interleaved chiplet DDR address: 255                 

device ready in 0.13 s
device held for 3.35 s
LOGGER NOT INITIALIZED:
		ET [DEVICE_LAYER][TH:136665493806720]: 
PCIe target:                                               /dev/et0_ops        
DRAM base:                                                 549848092672         (0x8005801000)
DRAM size (B):                                             34265366528          (0x7fa600000)
DRAM alignment (bits):                                     64                  
MM SQ count:                                               2                    (0x2)
MM VQ Maximum message size (B):                            1056                 (0x420)
P2P compatibility bitmap:                                  0                    (0x0)
PCIBUS device name:                                        0000:02:00.0        
Physical device ID:                                        0                    (0x0)
Form Factor:                                               PCIE                 (0x0)
TDP (W):                                                   65                  
Minion boot frequency (MHz):                               600                 
L3 size (KB):                                              32768                (0x8000)
L2 size (KB):                                              16384                (0x4000)
Scratch pad size (KB):                                     81920                (0x14000)
Cache line size (B):                                       64                   (0x40)
Number of L2 Banks:                                        4                   
DDR Bandwidth (MB/s):                                      128000              
Spare shire ID:                                            32                  
Architecture revision:                                     ETSOC1               (0x0)
CM active shire mask:                                      4294967295           (0xffffffff)
Scratchpad base address in format 0:                       2147483648           (0x80000000)
Scratchpad base address in format 1:                       3221225472           (0xc0000000)
Scratchpad base address in format 2:                       18446744073709551615 (0xffffffffffffffff)
Local DDR base address:                                    549848092672         (0x8005801000)
Chiplet DDR base address:                                  549848092672         (0x8005801000)
Interleaved DDR base address:                              18446744073709551615 (0xffffffffffffffff)
Single chiplet DDR size:                                   34265366528         
Address alignment bits:                                    64                  
First shire bit in scratchpad address in format 0:         23                  
Number of shire bits in scratchpad address in format 0:    7                   
Local shire encoding in scratchpad address in format 0:    127                 
First shire bit in scratchpad address in format 1:         6                   
Number of shire bits in scratchpad address in format 1:    5                   
First shire bit in scratchpad address in format 2:         255                 
Number of shire bits in scratchpad address in format 2:    255                 
First chiplet bit in scratchpad address in format 2:       255                 
Number of chiplet bits in scratchpad address in format 2:  255                 
First chiplet bit in chiplet DDR address:                  255                 
Number of chiplet bits in chiplet DDR address:             255                 
First chiplet bit in interleaved chiplet DDR address:      255                 
Number of chiplet bits in interleaved chiplet DDR address: 255                 

device ready in 0.14 s
device held for 0.48 s
LOGGER NOT INITIALIZED:
		ET [DEVICE_LAYER][TH:138838681386624]: 
PCIe target:                                               /dev/et0_ops        
DRAM base:                                                 549848092672         (0x8005801000)
DRAM size (B):                                             34265366528          (0x7fa600000)
DRAM alignment (bits):                                     64                  
MM SQ count:                                               2                    (0x2)
MM VQ Maximum message size (B):                            1056                 (0x420)
P2P compatibility bitmap:                                  0                    (0x0)
PCIBUS device name:                                        0000:02:00.0        
Physical device ID:                                        0                    (0x0)
Form Factor:                                               PCIE                 (0x0)
TDP (W):                                                   65                  
Minion boot frequency (MHz):                               600                 
L3 size (KB):                                              32768                (0x8000)
L2 size (KB):                                              16384                (0x4000)
Scratch pad size (KB):                                     81920                (0x14000)
Cache line size (B):                                       64                   (0x40)
Number of L2 Banks:                                        4                   
DDR Bandwidth (MB/s):                                      128000              
Spare shire ID:                                            32                  
Architecture revision:                                     ETSOC1               (0x0)
CM active shire mask:                                      4294967295           (0xffffffff)
Scratchpad base address in format 0:                       2147483648           (0x80000000)
Scratchpad base address in format 1:                       3221225472           (0xc0000000)
Scratchpad base address in format 2:                       18446744073709551615 (0xffffffffffffffff)
Local DDR base address:                                    549848092672         (0x8005801000)
Chiplet DDR base address:                                  549848092672         (0x8005801000)
Interleaved DDR base address:                              18446744073709551615 (0xffffffffffffffff)
Single chiplet DDR size:                                   34265366528         
Address alignment bits:                                    64                  
First shire bit in scratchpad address in format 0:         23                  
Number of shire bits in scratchpad address in format 0:    7                   
Local shire encoding in scratchpad address in format 0:    127                 
First shire bit in scratchpad address in format 1:         6                   
Number of shire bits in scratchpad address in format 1:    5                   
First shire bit in scratchpad address in format 2:         255                 
Number of shire bits in scratchpad address in format 2:    255                 
First chiplet bit in scratchpad address in format 2:       255                 
Number of chiplet bits in scratchpad address in format 2:  255                 
First chiplet bit in chiplet DDR address:                  255                 
Number of chiplet bits in chiplet DDR address:             255                 
First chiplet bit in interleaved chiplet DDR address:      255                 
Number of chiplet bits in interleaved chiplet DDR address: 255                 

device ready in 0.14 s
device held for 3.35 s
LOGGER NOT INITIALIZED:
		ET [DEVICE_LAYER][TH:128993353825920]: 
PCIe target:                                               /dev/et0_ops        
DRAM base:                                                 549848092672         (0x8005801000)
DRAM size (B):                                             34265366528          (0x7fa600000)
DRAM alignment (bits):                                     64                  
MM SQ count:                                               2                    (0x2)
MM VQ Maximum message size (B):                            1056                 (0x420)
P2P compatibility bitmap:                                  0                    (0x0)
PCIBUS device name:                                        0000:02:00.0        
Physical device ID:                                        0                    (0x0)
Form Factor:                                               PCIE                 (0x0)
TDP (W):                                                   65                  
Minion boot frequency (MHz):                               600                 
L3 size (KB):                                              32768                (0x8000)
L2 size (KB):                                              16384                (0x4000)
Scratch pad size (KB):                                     81920                (0x14000)
Cache line size (B):                                       64                   (0x40)
Number of L2 Banks:                                        4                   
DDR Bandwidth (MB/s):                                      128000              
Spare shire ID:                                            32                  
Architecture revision:                                     ETSOC1               (0x0)
CM active shire mask:                                      4294967295           (0xffffffff)
Scratchpad base address in format 0:                       2147483648           (0x80000000)
Scratchpad base address in format 1:                       3221225472           (0xc0000000)
Scratchpad base address in format 2:                       18446744073709551615 (0xffffffffffffffff)
Local DDR base address:                                    549848092672         (0x8005801000)
Chiplet DDR base address:                                  549848092672         (0x8005801000)
Interleaved DDR base address:                              18446744073709551615 (0xffffffffffffffff)
Single chiplet DDR size:                                   34265366528         
Address alignment bits:                                    64                  
First shire bit in scratchpad address in format 0:         23                  
Number of shire bits in scratchpad address in format 0:    7                   
Local shire encoding in scratchpad address in format 0:    127                 
First shire bit in scratchpad address in format 1:         6                   
Number of shire bits in scratchpad address in format 1:    5                   
First shire bit in scratchpad address in format 2:         255                 
Number of shire bits in scratchpad address in format 2:    255                 
First chiplet bit in scratchpad address in format 2:       255                 
Number of chiplet bits in scratchpad address in format 2:  255                 
First chiplet bit in chiplet DDR address:                  255                 
Number of chiplet bits in chiplet DDR address:             255                 
First chiplet bit in interleaved chiplet DDR address:      255                 
Number of chiplet bits in interleaved chiplet DDR address: 255                 

device ready in 0.13 s
device held for 0.48 s
LOGGER NOT INITIALIZED:
		ET [DEVICE_LAYER][TH:130051013783168]: 
PCIe target:                                               /dev/et0_ops        
DRAM base:                                                 549848092672         (0x8005801000)
DRAM size (B):                                             34265366528          (0x7fa600000)
DRAM alignment (bits):                                     64                  
MM SQ count:                                               2                    (0x2)
MM VQ Maximum message size (B):                            1056                 (0x420)
P2P compatibility bitmap:                                  0                    (0x0)
PCIBUS device name:                                        0000:02:00.0        
Physical device ID:                                        0                    (0x0)
Form Factor:                                               PCIE                 (0x0)
TDP (W):                                                   65                  
Minion boot frequency (MHz):                               600                 
L3 size (KB):                                              32768                (0x8000)
L2 size (KB):                                              16384                (0x4000)
Scratch pad size (KB):                                     81920                (0x14000)
Cache line size (B):                                       64                   (0x40)
Number of L2 Banks:                                        4                   
DDR Bandwidth (MB/s):                                      128000              
Spare shire ID:                                            32                  
Architecture revision:                                     ETSOC1               (0x0)
CM active shire mask:                                      4294967295           (0xffffffff)
Scratchpad base address in format 0:                       2147483648           (0x80000000)
Scratchpad base address in format 1:                       3221225472           (0xc0000000)
Scratchpad base address in format 2:                       18446744073709551615 (0xffffffffffffffff)
Local DDR base address:                                    549848092672         (0x8005801000)
Chiplet DDR base address:                                  549848092672         (0x8005801000)
Interleaved DDR base address:                              18446744073709551615 (0xffffffffffffffff)
Single chiplet DDR size:                                   34265366528         
Address alignment bits:                                    64                  
First shire bit in scratchpad address in format 0:         23                  
Number of shire bits in scratchpad address in format 0:    7                   
Local shire encoding in scratchpad address in format 0:    127                 
First shire bit in scratchpad address in format 1:         6                   
Number of shire bits in scratchpad address in format 1:    5                   
First shire bit in scratchpad address in format 2:         255                 
Number of shire bits in scratchpad address in format 2:    255                 
First chiplet bit in scratchpad address in format 2:       255                 
Number of chiplet bits in scratchpad address in format 2:  255                 
First chiplet bit in chiplet DDR address:                  255                 
Number of chiplet bits in chiplet DDR address:             255                 
First chiplet bit in interleaved chiplet DDR address:      255                 
Number of chiplet bits in interleaved chiplet DDR address: 255                 

device ready in 0.13 s
device held for 3.43 s
LOGGER NOT INITIALIZED:
		ET [DEVICE_LAYER][TH:129567569886848]: 
PCIe target:                                               /dev/et0_ops        
DRAM base:                                                 549848092672         (0x8005801000)
DRAM size (B):                                             34265366528          (0x7fa600000)
DRAM alignment (bits):                                     64                  
MM SQ count:                                               2                    (0x2)
MM VQ Maximum message size (B):                            1056                 (0x420)
P2P compatibility bitmap:                                  0                    (0x0)
PCIBUS device name:                                        0000:02:00.0        
Physical device ID:                                        0                    (0x0)
Form Factor:                                               PCIE                 (0x0)
TDP (W):                                                   65                  
Minion boot frequency (MHz):                               600                 
L3 size (KB):                                              32768                (0x8000)
L2 size (KB):                                              16384                (0x4000)
Scratch pad size (KB):                                     81920                (0x14000)
Cache line size (B):                                       64                   (0x40)
Number of L2 Banks:                                        4                   
DDR Bandwidth (MB/s):                                      128000              
Spare shire ID:                                            32                  
Architecture revision:                                     ETSOC1               (0x0)
CM active shire mask:                                      4294967295           (0xffffffff)
Scratchpad base address in format 0:                       2147483648           (0x80000000)
Scratchpad base address in format 1:                       3221225472           (0xc0000000)
Scratchpad base address in format 2:                       18446744073709551615 (0xffffffffffffffff)
Local DDR base address:                                    549848092672         (0x8005801000)
Chiplet DDR base address:                                  549848092672         (0x8005801000)
Interleaved DDR base address:                              18446744073709551615 (0xffffffffffffffff)
Single chiplet DDR size:                                   34265366528         
Address alignment bits:                                    64                  
First shire bit in scratchpad address in format 0:         23                  
Number of shire bits in scratchpad address in format 0:    7                   
Local shire encoding in scratchpad address in format 0:    127                 
First shire bit in scratchpad address in format 1:         6                   
Number of shire bits in scratchpad address in format 1:    5                   
First shire bit in scratchpad address in format 2:         255                 
Number of shire bits in scratchpad address in format 2:    255                 
First chiplet bit in scratchpad address in format 2:       255                 
Number of chiplet bits in scratchpad address in format 2:  255                 
First chiplet bit in chiplet DDR address:                  255                 
Number of chiplet bits in chiplet DDR address:             255                 
First chiplet bit in interleaved chiplet DDR address:      255                 
Number of chiplet bits in interleaved chiplet DDR address: 255                 

device ready in 0.13 s
device held for 0.47 s
LOGGER NOT INITIALIZED:
		ET [DEVICE_LAYER][TH:137995053772416]: 
PCIe target:                                               /dev/et0_ops        
DRAM base:                                                 549848092672         (0x8005801000)
DRAM size (B):                                             34265366528          (0x7fa600000)
DRAM alignment (bits):                                     64                  
MM SQ count:                                               2                    (0x2)
MM VQ Maximum message size (B):                            1056                 (0x420)
P2P compatibility bitmap:                                  0                    (0x0)
PCIBUS device name:                                        0000:02:00.0        
Physical device ID:                                        0                    (0x0)
Form Factor:                                               PCIE                 (0x0)
TDP (W):                                                   65                  
Minion boot frequency (MHz):                               600                 
L3 size (KB):                                              32768                (0x8000)
L2 size (KB):                                              16384                (0x4000)
Scratch pad size (KB):                                     81920                (0x14000)
Cache line size (B):                                       64                   (0x40)
Number of L2 Banks:                                        4                   
DDR Bandwidth (MB/s):                                      128000              
Spare shire ID:                                            32                  
Architecture revision:                                     ETSOC1               (0x0)
CM active shire mask:                                      4294967295           (0xffffffff)
Scratchpad base address in format 0:                       2147483648           (0x80000000)
Scratchpad base address in format 1:                       3221225472           (0xc0000000)
Scratchpad base address in format 2:                       18446744073709551615 (0xffffffffffffffff)
Local DDR base address:                                    549848092672         (0x8005801000)
Chiplet DDR base address:                                  549848092672         (0x8005801000)
Interleaved DDR base address:                              18446744073709551615 (0xffffffffffffffff)
Single chiplet DDR size:                                   34265366528         
Address alignment bits:                                    64                  
First shire bit in scratchpad address in format 0:         23                  
Number of shire bits in scratchpad address in format 0:    7                   
Local shire encoding in scratchpad address in format 0:    127                 
First shire bit in scratchpad address in format 1:         6                   
Number of shire bits in scratchpad address in format 1:    5                   
First shire bit in scratchpad address in format 2:         255                 
Number of shire bits in scratchpad address in format 2:    255                 
First chiplet bit in scratchpad address in format 2:       255                 
Number of chiplet bits in scratchpad address in format 2:  255                 
First chiplet bit in chiplet DDR address:                  255                 
Number of chiplet bits in chiplet DDR address:             255                 
First chiplet bit in interleaved chiplet DDR address:      255                 
Number of chiplet bits in interleaved chiplet DDR address: 255                 

device ready in 0.14 s
device held for 3.44 s
LOGGER NOT INITIALIZED:
		ET [DEVICE_LAYER][TH:128067047149184]: 
PCIe target:                                               /dev/et0_ops        
DRAM base:                                                 549848092672         (0x8005801000)
DRAM size (B):                                             34265366528          (0x7fa600000)
DRAM alignment (bits):                                     64                  
MM SQ count:                                               2                    (0x2)
MM VQ Maximum message size (B):                            1056                 (0x420)
P2P compatibility bitmap:                                  0                    (0x0)
PCIBUS device name:                                        0000:02:00.0        
Physical device ID:                                        0                    (0x0)
Form Factor:                                               PCIE                 (0x0)
TDP (W):                                                   65                  
Minion boot frequency (MHz):                               600                 
L3 size (KB):                                              32768                (0x8000)
L2 size (KB):                                              16384                (0x4000)
Scratch pad size (KB):                                     81920                (0x14000)
Cache line size (B):                                       64                   (0x40)
Number of L2 Banks:                                        4                   
DDR Bandwidth (MB/s):                                      128000              
Spare shire ID:                                            32                  
Architecture revision:                                     ETSOC1               (0x0)
CM active shire mask:                                      4294967295           (0xffffffff)
Scratchpad base address in format 0:                       2147483648           (0x80000000)
Scratchpad base address in format 1:                       3221225472           (0xc0000000)
Scratchpad base address in format 2:                       18446744073709551615 (0xffffffffffffffff)
Local DDR base address:                                    549848092672         (0x8005801000)
Chiplet DDR base address:                                  549848092672         (0x8005801000)
Interleaved DDR base address:                              18446744073709551615 (0xffffffffffffffff)
Single chiplet DDR size:                                   34265366528         
Address alignment bits:                                    64                  
First shire bit in scratchpad address in format 0:         23                  
Number of shire bits in scratchpad address in format 0:    7                   
Local shire encoding in scratchpad address in format 0:    127                 
First shire bit in scratchpad address in format 1:         6                   
Number of shire bits in scratchpad address in format 1:    5                   
First shire bit in scratchpad address in format 2:         255                 
Number of shire bits in scratchpad address in format 2:    255                 
First chiplet bit in scratchpad address in format 2:       255                 
Number of chiplet bits in scratchpad address in format 2:  255                 
First chiplet bit in chiplet DDR address:                  255                 
Number of chiplet bits in chiplet DDR address:             255                 
First chiplet bit in interleaved chiplet DDR address:      255                 
Number of chiplet bits in interleaved chiplet DDR address: 255                 

device ready in 0.13 s
device held for 0.47 s
LOGGER NOT INITIALIZED:
		ET [DEVICE_LAYER][TH:127038221332096]: 
PCIe target:                                               /dev/et0_ops        
DRAM base:                                                 549848092672         (0x8005801000)
DRAM size (B):                                             34265366528          (0x7fa600000)
DRAM alignment (bits):                                     64                  
MM SQ count:                                               2                    (0x2)
MM VQ Maximum message size (B):                            1056                 (0x420)
P2P compatibility bitmap:                                  0                    (0x0)
PCIBUS device name:                                        0000:02:00.0        
Physical device ID:                                        0                    (0x0)
Form Factor:                                               PCIE                 (0x0)
TDP (W):                                                   65                  
Minion boot frequency (MHz):                               600                 
L3 size (KB):                                              32768                (0x8000)
L2 size (KB):                                              16384                (0x4000)
Scratch pad size (KB):                                     81920                (0x14000)
Cache line size (B):                                       64                   (0x40)
Number of L2 Banks:                                        4                   
DDR Bandwidth (MB/s):                                      128000              
Spare shire ID:                                            32                  
Architecture revision:                                     ETSOC1               (0x0)
CM active shire mask:                                      4294967295           (0xffffffff)
Scratchpad base address in format 0:                       2147483648           (0x80000000)
Scratchpad base address in format 1:                       3221225472           (0xc0000000)
Scratchpad base address in format 2:                       18446744073709551615 (0xffffffffffffffff)
Local DDR base address:                                    549848092672         (0x8005801000)
Chiplet DDR base address:                                  549848092672         (0x8005801000)
Interleaved DDR base address:                              18446744073709551615 (0xffffffffffffffff)
Single chiplet DDR size:                                   34265366528         
Address alignment bits:                                    64                  
First shire bit in scratchpad address in format 0:         23                  
Number of shire bits in scratchpad address in format 0:    7                   
Local shire encoding in scratchpad address in format 0:    127                 
First shire bit in scratchpad address in format 1:         6                   
Number of shire bits in scratchpad address in format 1:    5                   
First shire bit in scratchpad address in format 2:         255                 
Number of shire bits in scratchpad address in format 2:    255                 
First chiplet bit in scratchpad address in format 2:       255                 
Number of chiplet bits in scratchpad address in format 2:  255                 
First chiplet bit in chiplet DDR address:                  255                 
Number of chiplet bits in chiplet DDR address:             255                 
First chiplet bit in interleaved chiplet DDR address:      255                 
Number of chiplet bits in interleaved chiplet DDR address: 255                 

device ready in 0.14 s
device held for 3.35 s
LOGGER NOT INITIALIZED:
		ET [DEVICE_LAYER][TH:136435070688896]: 
PCIe target:                                               /dev/et0_ops        
DRAM base:                                                 549848092672         (0x8005801000)
DRAM size (B):                                             34265366528          (0x7fa600000)
DRAM alignment (bits):                                     64                  
MM SQ count:                                               2                    (0x2)
MM VQ Maximum message size (B):                            1056                 (0x420)
P2P compatibility bitmap:                                  0                    (0x0)
PCIBUS device name:                                        0000:02:00.0        
Physical device ID:                                        0                    (0x0)
Form Factor:                                               PCIE                 (0x0)
TDP (W):                                                   65                  
Minion boot frequency (MHz):                               600                 
L3 size (KB):                                              32768                (0x8000)
L2 size (KB):                                              16384                (0x4000)
Scratch pad size (KB):                                     81920                (0x14000)
Cache line size (B):                                       64                   (0x40)
Number of L2 Banks:                                        4                   
DDR Bandwidth (MB/s):                                      128000              
Spare shire ID:                                            32                  
Architecture revision:                                     ETSOC1               (0x0)
CM active shire mask:                                      4294967295           (0xffffffff)
Scratchpad base address in format 0:                       2147483648           (0x80000000)
Scratchpad base address in format 1:                       3221225472           (0xc0000000)
Scratchpad base address in format 2:                       18446744073709551615 (0xffffffffffffffff)
Local DDR base address:                                    549848092672         (0x8005801000)
Chiplet DDR base address:                                  549848092672         (0x8005801000)
Interleaved DDR base address:                              18446744073709551615 (0xffffffffffffffff)
Single chiplet DDR size:                                   34265366528         
Address alignment bits:                                    64                  
First shire bit in scratchpad address in format 0:         23                  
Number of shire bits in scratchpad address in format 0:    7                   
Local shire encoding in scratchpad address in format 0:    127                 
First shire bit in scratchpad address in format 1:         6                   
Number of shire bits in scratchpad address in format 1:    5                   
First shire bit in scratchpad address in format 2:         255                 
Number of shire bits in scratchpad address in format 2:    255                 
First chiplet bit in scratchpad address in format 2:       255                 
Number of chiplet bits in scratchpad address in format 2:  255                 
First chiplet bit in chiplet DDR address:                  255                 
Number of chiplet bits in chiplet DDR address:             255                 
First chiplet bit in interleaved chiplet DDR address:      255                 
Number of chiplet bits in interleaved chiplet DDR address: 255                 

device ready in 0.14 s
device held for 0.48 s
LOGGER NOT INITIALIZED:
		ET [DEVICE_LAYER][TH:130729308221056]: 
PCIe target:                                               /dev/et0_ops        
DRAM base:                                                 549848092672         (0x8005801000)
DRAM size (B):                                             34265366528          (0x7fa600000)
DRAM alignment (bits):                                     64                  
MM SQ count:                                               2                    (0x2)
MM VQ Maximum message size (B):                            1056                 (0x420)
P2P compatibility bitmap:                                  0                    (0x0)
PCIBUS device name:                                        0000:02:00.0        
Physical device ID:                                        0                    (0x0)
Form Factor:                                               PCIE                 (0x0)
TDP (W):                                                   65                  
Minion boot frequency (MHz):                               600                 
L3 size (KB):                                              32768                (0x8000)
L2 size (KB):                                              16384                (0x4000)
Scratch pad size (KB):                                     81920                (0x14000)
Cache line size (B):                                       64                   (0x40)
Number of L2 Banks:                                        4                   
DDR Bandwidth (MB/s):                                      128000              
Spare shire ID:                                            32                  
Architecture revision:                                     ETSOC1               (0x0)
CM active shire mask:                                      4294967295           (0xffffffff)
Scratchpad base address in format 0:                       2147483648           (0x80000000)
Scratchpad base address in format 1:                       3221225472           (0xc0000000)
Scratchpad base address in format 2:                       18446744073709551615 (0xffffffffffffffff)
Local DDR base address:                                    549848092672         (0x8005801000)
Chiplet DDR base address:                                  549848092672         (0x8005801000)
Interleaved DDR base address:                              18446744073709551615 (0xffffffffffffffff)
Single chiplet DDR size:                                   34265366528         
Address alignment bits:                                    64                  
First shire bit in scratchpad address in format 0:         23                  
Number of shire bits in scratchpad address in format 0:    7                   
Local shire encoding in scratchpad address in format 0:    127                 
First shire bit in scratchpad address in format 1:         6                   
Number of shire bits in scratchpad address in format 1:    5                   
First shire bit in scratchpad address in format 2:         255                 
Number of shire bits in scratchpad address in format 2:    255                 
First chiplet bit in scratchpad address in format 2:       255                 
Number of chiplet bits in scratchpad address in format 2:  255                 
First chiplet bit in chiplet DDR address:                  255                 
Number of chiplet bits in chiplet DDR address:             255                 
First chiplet bit in interleaved chiplet DDR address:      255                 
Number of chiplet bits in interleaved chiplet DDR address: 255                 

device ready in 0.14 s
device held for 3.35 s
LOGGER NOT INITIALIZED:
		ET [DEVICE_LAYER][TH:134651397738112]: 
PCIe target:                                               /dev/et0_ops        
DRAM base:                                                 549848092672         (0x8005801000)
DRAM size (B):                                             34265366528          (0x7fa600000)
DRAM alignment (bits):                                     64                  
MM SQ count:                                               2                    (0x2)
MM VQ Maximum message size (B):                            1056                 (0x420)
P2P compatibility bitmap:                                  0                    (0x0)
PCIBUS device name:                                        0000:02:00.0        
Physical device ID:                                        0                    (0x0)
Form Factor:                                               PCIE                 (0x0)
TDP (W):                                                   65                  
Minion boot frequency (MHz):                               600                 
L3 size (KB):                                              32768                (0x8000)
L2 size (KB):                                              16384                (0x4000)
Scratch pad size (KB):                                     81920                (0x14000)
Cache line size (B):                                       64                   (0x40)
Number of L2 Banks:                                        4                   
DDR Bandwidth (MB/s):                                      128000              
Spare shire ID:                                            32                  
Architecture revision:                                     ETSOC1               (0x0)
CM active shire mask:                                      4294967295           (0xffffffff)
Scratchpad base address in format 0:                       2147483648           (0x80000000)
Scratchpad base address in format 1:                       3221225472           (0xc0000000)
Scratchpad base address in format 2:                       18446744073709551615 (0xffffffffffffffff)
Local DDR base address:                                    549848092672         (0x8005801000)
Chiplet DDR base address:                                  549848092672         (0x8005801000)
Interleaved DDR base address:                              18446744073709551615 (0xffffffffffffffff)
Single chiplet DDR size:                                   34265366528         
Address alignment bits:                                    64                  
First shire bit in scratchpad address in format 0:         23                  
Number of shire bits in scratchpad address in format 0:    7                   
Local shire encoding in scratchpad address in format 0:    127                 
First shire bit in scratchpad address in format 1:         6                   
Number of shire bits in scratchpad address in format 1:    5                   
First shire bit in scratchpad address in format 2:         255                 
Number of shire bits in scratchpad address in format 2:    255                 
First chiplet bit in scratchpad address in format 2:       255                 
Number of chiplet bits in scratchpad address in format 2:  255                 
First chiplet bit in chiplet DDR address:                  255                 
Number of chiplet bits in chiplet DDR address:             255                 
First chiplet bit in interleaved chiplet DDR address:      255                 
Number of chiplet bits in interleaved chiplet DDR address: 255                 

device ready in 0.14 s
device held for 0.51 s
LOGGER NOT INITIALIZED:
		ET [DEVICE_LAYER][TH:125713526431360]: 
PCIe target:                                               /dev/et0_ops        
DRAM base:                                                 549848092672         (0x8005801000)
DRAM size (B):                                             34265366528          (0x7fa600000)
DRAM alignment (bits):                                     64                  
MM SQ count:                                               2                    (0x2)
MM VQ Maximum message size (B):                            1056                 (0x420)
P2P compatibility bitmap:                                  0                    (0x0)
PCIBUS device name:                                        0000:02:00.0        
Physical device ID:                                        0                    (0x0)
Form Factor:                                               PCIE                 (0x0)
TDP (W):                                                   65                  
Minion boot frequency (MHz):                               600                 
L3 size (KB):                                              32768                (0x8000)
L2 size (KB):                                              16384                (0x4000)
Scratch pad size (KB):                                     81920                (0x14000)
Cache line size (B):                                       64                   (0x40)
Number of L2 Banks:                                        4                   
DDR Bandwidth (MB/s):                                      128000              
Spare shire ID:                                            32                  
Architecture revision:                                     ETSOC1               (0x0)
CM active shire mask:                                      4294967295           (0xffffffff)
Scratchpad base address in format 0:                       2147483648           (0x80000000)
Scratchpad base address in format 1:                       3221225472           (0xc0000000)
Scratchpad base address in format 2:                       18446744073709551615 (0xffffffffffffffff)
Local DDR base address:                                    549848092672         (0x8005801000)
Chiplet DDR base address:                                  549848092672         (0x8005801000)
Interleaved DDR base address:                              18446744073709551615 (0xffffffffffffffff)
Single chiplet DDR size:                                   34265366528         
Address alignment bits:                                    64                  
First shire bit in scratchpad address in format 0:         23                  
Number of shire bits in scratchpad address in format 0:    7                   
Local shire encoding in scratchpad address in format 0:    127                 
First shire bit in scratchpad address in format 1:         6                   
Number of shire bits in scratchpad address in format 1:    5                   
First shire bit in scratchpad address in format 2:         255                 
Number of shire bits in scratchpad address in format 2:    255                 
First chiplet bit in scratchpad address in format 2:       255                 
Number of chiplet bits in scratchpad address in format 2:  255                 
First chiplet bit in chiplet DDR address:                  255                 
Number of chiplet bits in chiplet DDR address:             255                 
First chiplet bit in interleaved chiplet DDR address:      255                 
Number of chiplet bits in interleaved chiplet DDR address: 255                 

device ready in 0.14 s
device held for 3.35 s
LOGGER NOT INITIALIZED:
		ET [DEVICE_LAYER][TH:131801367080576]: 
PCIe target:                                               /dev/et0_ops        
DRAM base:                                                 549848092672         (0x8005801000)
DRAM size (B):                                             34265366528          (0x7fa600000)
DRAM alignment (bits):                                     64                  
MM SQ count:                                               2                    (0x2)
MM VQ Maximum message size (B):                            1056                 (0x420)
P2P compatibility bitmap:                                  0                    (0x0)
PCIBUS device name:                                        0000:02:00.0        
Physical device ID:                                        0                    (0x0)
Form Factor:                                               PCIE                 (0x0)
TDP (W):                                                   65                  
Minion boot frequency (MHz):                               600                 
L3 size (KB):                                              32768                (0x8000)
L2 size (KB):                                              16384                (0x4000)
Scratch pad size (KB):                                     81920                (0x14000)
Cache line size (B):                                       64                   (0x40)
Number of L2 Banks:                                        4                   
DDR Bandwidth (MB/s):                                      128000              
Spare shire ID:                                            32                  
Architecture revision:                                     ETSOC1               (0x0)
CM active shire mask:                                      4294967295           (0xffffffff)
Scratchpad base address in format 0:                       2147483648           (0x80000000)
Scratchpad base address in format 1:                       3221225472           (0xc0000000)
Scratchpad base address in format 2:                       18446744073709551615 (0xffffffffffffffff)
Local DDR base address:                                    549848092672         (0x8005801000)
Chiplet DDR base address:                                  549848092672         (0x8005801000)
Interleaved DDR base address:                              18446744073709551615 (0xffffffffffffffff)
Single chiplet DDR size:                                   34265366528         
Address alignment bits:                                    64                  
First shire bit in scratchpad address in format 0:         23                  
Number of shire bits in scratchpad address in format 0:    7                   
Local shire encoding in scratchpad address in format 0:    127                 
First shire bit in scratchpad address in format 1:         6                   
Number of shire bits in scratchpad address in format 1:    5                   
First shire bit in scratchpad address in format 2:         255                 
Number of shire bits in scratchpad address in format 2:    255                 
First chiplet bit in scratchpad address in format 2:       255                 
Number of chiplet bits in scratchpad address in format 2:  255                 
First chiplet bit in chiplet DDR address:                  255                 
Number of chiplet bits in chiplet DDR address:             255                 
First chiplet bit in interleaved chiplet DDR address:      255                 
Number of chiplet bits in interleaved chiplet DDR address: 255                 

device ready in 0.14 s
device held for 0.48 s
LOGGER NOT INITIALIZED:
		ET [DEVICE_LAYER][TH:138939993886336]: 
PCIe target:                                               /dev/et0_ops        
DRAM base:                                                 549848092672         (0x8005801000)
DRAM size (B):                                             34265366528          (0x7fa600000)
DRAM alignment (bits):                                     64                  
MM SQ count:                                               2                    (0x2)
MM VQ Maximum message size (B):                            1056                 (0x420)
P2P compatibility bitmap:                                  0                    (0x0)
PCIBUS device name:                                        0000:02:00.0        
Physical device ID:                                        0                    (0x0)
Form Factor:                                               PCIE                 (0x0)
TDP (W):                                                   65                  
Minion boot frequency (MHz):                               600                 
L3 size (KB):                                              32768                (0x8000)
L2 size (KB):                                              16384                (0x4000)
Scratch pad size (KB):                                     81920                (0x14000)
Cache line size (B):                                       64                   (0x40)
Number of L2 Banks:                                        4                   
DDR Bandwidth (MB/s):                                      128000              
Spare shire ID:                                            32                  
Architecture revision:                                     ETSOC1               (0x0)
CM active shire mask:                                      4294967295           (0xffffffff)
Scratchpad base address in format 0:                       2147483648           (0x80000000)
Scratchpad base address in format 1:                       3221225472           (0xc0000000)
Scratchpad base address in format 2:                       18446744073709551615 (0xffffffffffffffff)
Local DDR base address:                                    549848092672         (0x8005801000)
Chiplet DDR base address:                                  549848092672         (0x8005801000)
Interleaved DDR base address:                              18446744073709551615 (0xffffffffffffffff)
Single chiplet DDR size:                                   34265366528         
Address alignment bits:                                    64                  
First shire bit in scratchpad address in format 0:         23                  
Number of shire bits in scratchpad address in format 0:    7                   
Local shire encoding in scratchpad address in format 0:    127                 
First shire bit in scratchpad address in format 1:         6                   
Number of shire bits in scratchpad address in format 1:    5                   
First shire bit in scratchpad address in format 2:         255                 
Number of shire bits in scratchpad address in format 2:    255                 
First chiplet bit in scratchpad address in format 2:       255                 
Number of chiplet bits in scratchpad address in format 2:  255                 
First chiplet bit in chiplet DDR address:                  255                 
Number of chiplet bits in chiplet DDR address:             255                 
First chiplet bit in interleaved chiplet DDR address:      255                 
Number of chiplet bits in interleaved chiplet DDR address: 255                 

device ready in 0.13 s
device held for 3.35 s
LOGGER NOT INITIALIZED:
		ET [DEVICE_LAYER][TH:140474496859776]: 
PCIe target:                                               /dev/et0_ops        
DRAM base:                                                 549848092672         (0x8005801000)
DRAM size (B):                                             34265366528          (0x7fa600000)
DRAM alignment (bits):                                     64                  
MM SQ count:                                               2                    (0x2)
MM VQ Maximum message size (B):                            1056                 (0x420)
P2P compatibility bitmap:                                  0                    (0x0)
PCIBUS device name:                                        0000:02:00.0        
Physical device ID:                                        0                    (0x0)
Form Factor:                                               PCIE                 (0x0)
TDP (W):                                                   65                  
Minion boot frequency (MHz):                               600                 
L3 size (KB):                                              32768                (0x8000)
L2 size (KB):                                              16384                (0x4000)
Scratch pad size (KB):                                     81920                (0x14000)
Cache line size (B):                                       64                   (0x40)
Number of L2 Banks:                                        4                   
DDR Bandwidth (MB/s):                                      128000              
Spare shire ID:                                            32                  
Architecture revision:                                     ETSOC1               (0x0)
CM active shire mask:                                      4294967295           (0xffffffff)
Scratchpad base address in format 0:                       2147483648           (0x80000000)
Scratchpad base address in format 1:                       3221225472           (0xc0000000)
Scratchpad base address in format 2:                       18446744073709551615 (0xffffffffffffffff)
Local DDR base address:                                    549848092672         (0x8005801000)
Chiplet DDR base address:                                  549848092672         (0x8005801000)
Interleaved DDR base address:                              18446744073709551615 (0xffffffffffffffff)
Single chiplet DDR size:                                   34265366528         
Address alignment bits:                                    64                  
First shire bit in scratchpad address in format 0:         23                  
Number of shire bits in scratchpad address in format 0:    7                   
Local shire encoding in scratchpad address in format 0:    127                 
First shire bit in scratchpad address in format 1:         6                   
Number of shire bits in scratchpad address in format 1:    5                   
First shire bit in scratchpad address in format 2:         255                 
Number of shire bits in scratchpad address in format 2:    255                 
First chiplet bit in scratchpad address in format 2:       255                 
Number of chiplet bits in scratchpad address in format 2:  255                 
First chiplet bit in chiplet DDR address:                  255                 
Number of chiplet bits in chiplet DDR address:             255                 
First chiplet bit in interleaved chiplet DDR address:      255                 
Number of chiplet bits in interleaved chiplet DDR address: 255                 

device ready in 0.13 s
device held for 0.51 s
LOGGER NOT INITIALIZED:
		ET [DEVICE_LAYER][TH:125129631215232]: 
PCIe target:                                               /dev/et0_ops        
DRAM base:                                                 549848092672         (0x8005801000)
DRAM size (B):                                             34265366528          (0x7fa600000)
DRAM alignment (bits):                                     64                  
MM SQ count:                                               2                    (0x2)
MM VQ Maximum message size (B):                            1056                 (0x420)
P2P compatibility bitmap:                                  0                    (0x0)
PCIBUS device name:                                        0000:02:00.0        
Physical device ID:                                        0                    (0x0)
Form Factor:                                               PCIE                 (0x0)
TDP (W):                                                   65                  
Minion boot frequency (MHz):                               600                 
L3 size (KB):                                              32768                (0x8000)
L2 size (KB):                                              16384                (0x4000)
Scratch pad size (KB):                                     81920                (0x14000)
Cache line size (B):                                       64                   (0x40)
Number of L2 Banks:                                        4                   
DDR Bandwidth (MB/s):                                      128000              
Spare shire ID:                                            32                  
Architecture revision:                                     ETSOC1               (0x0)
CM active shire mask:                                      4294967295           (0xffffffff)
Scratchpad base address in format 0:                       2147483648           (0x80000000)
Scratchpad base address in format 1:                       3221225472           (0xc0000000)
Scratchpad base address in format 2:                       18446744073709551615 (0xffffffffffffffff)
Local DDR base address:                                    549848092672         (0x8005801000)
Chiplet DDR base address:                                  549848092672         (0x8005801000)
Interleaved DDR base address:                              18446744073709551615 (0xffffffffffffffff)
Single chiplet DDR size:                                   34265366528         
Address alignment bits:                                    64                  
First shire bit in scratchpad address in format 0:         23                  
Number of shire bits in scratchpad address in format 0:    7                   
Local shire encoding in scratchpad address in format 0:    127                 
First shire bit in scratchpad address in format 1:         6                   
Number of shire bits in scratchpad address in format 1:    5                   
First shire bit in scratchpad address in format 2:         255                 
Number of shire bits in scratchpad address in format 2:    255                 
First chiplet bit in scratchpad address in format 2:       255                 
Number of chiplet bits in scratchpad address in format 2:  255                 
First chiplet bit in chiplet DDR address:                  255                 
Number of chiplet bits in chiplet DDR address:             255                 
First chiplet bit in interleaved chiplet DDR address:      255                 
Number of chiplet bits in interleaved chiplet DDR address: 255                 

device ready in 0.13 s
device held for 3.35 s
LOGGER NOT INITIALIZED:
		ET [DEVICE_LAYER][TH:136834025135744]: 
PCIe target:                                               /dev/et0_ops        
DRAM base:                                                 549848092672         (0x8005801000)
DRAM size (B):                                             34265366528          (0x7fa600000)
DRAM alignment (bits):                                     64                  
MM SQ count:                                               2                    (0x2)
MM VQ Maximum message size (B):                            1056                 (0x420)
P2P compatibility bitmap:                                  0                    (0x0)
PCIBUS device name:                                        0000:02:00.0        
Physical device ID:                                        0                    (0x0)
Form Factor:                                               PCIE                 (0x0)
TDP (W):                                                   65                  
Minion boot frequency (MHz):                               600                 
L3 size (KB):                                              32768                (0x8000)
L2 size (KB):                                              16384                (0x4000)
Scratch pad size (KB):                                     81920                (0x14000)
Cache line size (B):                                       64                   (0x40)
Number of L2 Banks:                                        4                   
DDR Bandwidth (MB/s):                                      128000              
Spare shire ID:                                            32                  
Architecture revision:                                     ETSOC1               (0x0)
CM active shire mask:                                      4294967295           (0xffffffff)
Scratchpad base address in format 0:                       2147483648           (0x80000000)
Scratchpad base address in format 1:                       3221225472           (0xc0000000)
Scratchpad base address in format 2:                       18446744073709551615 (0xffffffffffffffff)
Local DDR base address:                                    549848092672         (0x8005801000)
Chiplet DDR base address:                                  549848092672         (0x8005801000)
Interleaved DDR base address:                              18446744073709551615 (0xffffffffffffffff)
Single chiplet DDR size:                                   34265366528         
Address alignment bits:                                    64                  
First shire bit in scratchpad address in format 0:         23                  
Number of shire bits in scratchpad address in format 0:    7                   
Local shire encoding in scratchpad address in format 0:    127                 
First shire bit in scratchpad address in format 1:         6                   
Number of shire bits in scratchpad address in format 1:    5                   
First shire bit in scratchpad address in format 2:         255                 
Number of shire bits in scratchpad address in format 2:    255                 
First chiplet bit in scratchpad address in format 2:       255                 
Number of chiplet bits in scratchpad address in format 2:  255                 
First chiplet bit in chiplet DDR address:                  255                 
Number of chiplet bits in chiplet DDR address:             255                 
First chiplet bit in interleaved chiplet DDR address:      255                 
Number of chiplet bits in interleaved chiplet DDR address: 255                 

device ready in 0.13 s
device held for 0.51 s
LOGGER NOT INITIALIZED:
		ET [DEVICE_LAYER][TH:125480069500544]: 
PCIe target:                                               /dev/et0_ops        
DRAM base:                                                 549848092672         (0x8005801000)
DRAM size (B):                                             34265366528          (0x7fa600000)
DRAM alignment (bits):                                     64                  
MM SQ count:                                               2                    (0x2)
MM VQ Maximum message size (B):                            1056                 (0x420)
P2P compatibility bitmap:                                  0                    (0x0)
PCIBUS device name:                                        0000:02:00.0        
Physical device ID:                                        0                    (0x0)
Form Factor:                                               PCIE                 (0x0)
TDP (W):                                                   65                  
Minion boot frequency (MHz):                               600                 
L3 size (KB):                                              32768                (0x8000)
L2 size (KB):                                              16384                (0x4000)
Scratch pad size (KB):                                     81920                (0x14000)
Cache line size (B):                                       64                   (0x40)
Number of L2 Banks:                                        4                   
DDR Bandwidth (MB/s):                                      128000              
Spare shire ID:                                            32                  
Architecture revision:                                     ETSOC1               (0x0)
CM active shire mask:                                      4294967295           (0xffffffff)
Scratchpad base address in format 0:                       2147483648           (0x80000000)
Scratchpad base address in format 1:                       3221225472           (0xc0000000)
Scratchpad base address in format 2:                       18446744073709551615 (0xffffffffffffffff)
Local DDR base address:                                    549848092672         (0x8005801000)
Chiplet DDR base address:                                  549848092672         (0x8005801000)
Interleaved DDR base address:                              18446744073709551615 (0xffffffffffffffff)
Single chiplet DDR size:                                   34265366528         
Address alignment bits:                                    64                  
First shire bit in scratchpad address in format 0:         23                  
Number of shire bits in scratchpad address in format 0:    7                   
Local shire encoding in scratchpad address in format 0:    127                 
First shire bit in scratchpad address in format 1:         6                   
Number of shire bits in scratchpad address in format 1:    5                   
First shire bit in scratchpad address in format 2:         255                 
Number of shire bits in scratchpad address in format 2:    255                 
First chiplet bit in scratchpad address in format 2:       255                 
Number of chiplet bits in scratchpad address in format 2:  255                 
First chiplet bit in chiplet DDR address:                  255                 
Number of chiplet bits in chiplet DDR address:             255                 
First chiplet bit in interleaved chiplet DDR address:      255                 
Number of chiplet bits in interleaved chiplet DDR address: 255                 

device ready in 0.13 s
device held for 3.43 s
LOGGER NOT INITIALIZED:
		ET [DEVICE_LAYER][TH:127777128464000]: 
PCIe target:                                               /dev/et0_ops        
DRAM base:                                                 549848092672         (0x8005801000)
DRAM size (B):                                             34265366528          (0x7fa600000)
DRAM alignment (bits):                                     64                  
MM SQ count:                                               2                    (0x2)
MM VQ Maximum message size (B):                            1056                 (0x420)
P2P compatibility bitmap:                                  0                    (0x0)
PCIBUS device name:                                        0000:02:00.0        
Physical device ID:                                        0                    (0x0)
Form Factor:                                               PCIE                 (0x0)
TDP (W):                                                   65                  
Minion boot frequency (MHz):                               600                 
L3 size (KB):                                              32768                (0x8000)
L2 size (KB):                                              16384                (0x4000)
Scratch pad size (KB):                                     81920                (0x14000)
Cache line size (B):                                       64                   (0x40)
Number of L2 Banks:                                        4                   
DDR Bandwidth (MB/s):                                      128000              
Spare shire ID:                                            32                  
Architecture revision:                                     ETSOC1               (0x0)
CM active shire mask:                                      4294967295           (0xffffffff)
Scratchpad base address in format 0:                       2147483648           (0x80000000)
Scratchpad base address in format 1:                       3221225472           (0xc0000000)
Scratchpad base address in format 2:                       18446744073709551615 (0xffffffffffffffff)
Local DDR base address:                                    549848092672         (0x8005801000)
Chiplet DDR base address:                                  549848092672         (0x8005801000)
Interleaved DDR base address:                              18446744073709551615 (0xffffffffffffffff)
Single chiplet DDR size:                                   34265366528         
Address alignment bits:                                    64                  
First shire bit in scratchpad address in format 0:         23                  
Number of shire bits in scratchpad address in format 0:    7                   
Local shire encoding in scratchpad address in format 0:    127                 
First shire bit in scratchpad address in format 1:         6                   
Number of shire bits in scratchpad address in format 1:    5                   
First shire bit in scratchpad address in format 2:         255                 
Number of shire bits in scratchpad address in format 2:    255                 
First chiplet bit in scratchpad address in format 2:       255                 
Number of chiplet bits in scratchpad address in format 2:  255                 
First chiplet bit in chiplet DDR address:                  255                 
Number of chiplet bits in chiplet DDR address:             255                 
First chiplet bit in interleaved chiplet DDR address:      255                 
Number of chiplet bits in interleaved chiplet DDR address: 255                 

device ready in 0.13 s
device held for 0.51 s
LOGGER NOT INITIALIZED:
		ET [DEVICE_LAYER][TH:128207524081280]: 
PCIe target:                                               /dev/et0_ops        
DRAM base:                                                 549848092672         (0x8005801000)
DRAM size (B):                                             34265366528          (0x7fa600000)
DRAM alignment (bits):                                     64                  
MM SQ count:                                               2                    (0x2)
MM VQ Maximum message size (B):                            1056                 (0x420)
P2P compatibility bitmap:                                  0                    (0x0)
PCIBUS device name:                                        0000:02:00.0        
Physical device ID:                                        0                    (0x0)
Form Factor:                                               PCIE                 (0x0)
TDP (W):                                                   65                  
Minion boot frequency (MHz):                               600                 
L3 size (KB):                                              32768                (0x8000)
L2 size (KB):                                              16384                (0x4000)
Scratch pad size (KB):                                     81920                (0x14000)
Cache line size (B):                                       64                   (0x40)
Number of L2 Banks:                                        4                   
DDR Bandwidth (MB/s):                                      128000              
Spare shire ID:                                            32                  
Architecture revision:                                     ETSOC1               (0x0)
CM active shire mask:                                      4294967295           (0xffffffff)
Scratchpad base address in format 0:                       2147483648           (0x80000000)
Scratchpad base address in format 1:                       3221225472           (0xc0000000)
Scratchpad base address in format 2:                       18446744073709551615 (0xffffffffffffffff)
Local DDR base address:                                    549848092672         (0x8005801000)
Chiplet DDR base address:                                  549848092672         (0x8005801000)
Interleaved DDR base address:                              18446744073709551615 (0xffffffffffffffff)
Single chiplet DDR size:                                   34265366528         
Address alignment bits:                                    64                  
First shire bit in scratchpad address in format 0:         23                  
Number of shire bits in scratchpad address in format 0:    7                   
Local shire encoding in scratchpad address in format 0:    127                 
First shire bit in scratchpad address in format 1:         6                   
Number of shire bits in scratchpad address in format 1:    5                   
First shire bit in scratchpad address in format 2:         255                 
Number of shire bits in scratchpad address in format 2:    255                 
First chiplet bit in scratchpad address in format 2:       255                 
Number of chiplet bits in scratchpad address in format 2:  255                 
First chiplet bit in chiplet DDR address:                  255                 
Number of chiplet bits in chiplet DDR address:             255                 
First chiplet bit in interleaved chiplet DDR address:      255                 
Number of chiplet bits in interleaved chiplet DDR address: 255                 

device ready in 0.13 s
device held for 3.43 s
LOGGER NOT INITIALIZED:
		ET [DEVICE_LAYER][TH:127996392050304]: 
PCIe target:                                               /dev/et0_ops        
DRAM base:                                                 549848092672         (0x8005801000)
DRAM size (B):                                             34265366528          (0x7fa600000)
DRAM alignment (bits):                                     64                  
MM SQ count:                                               2                    (0x2)
MM VQ Maximum message size (B):                            1056                 (0x420)
P2P compatibility bitmap:                                  0                    (0x0)
PCIBUS device name:                                        0000:02:00.0        
Physical device ID:                                        0                    (0x0)
Form Factor:                                               PCIE                 (0x0)
TDP (W):                                                   65                  
Minion boot frequency (MHz):                               600                 
L3 size (KB):                                              32768                (0x8000)
L2 size (KB):                                              16384                (0x4000)
Scratch pad size (KB):                                     81920                (0x14000)
Cache line size (B):                                       64                   (0x40)
Number of L2 Banks:                                        4                   
DDR Bandwidth (MB/s):                                      128000              
Spare shire ID:                                            32                  
Architecture revision:                                     ETSOC1               (0x0)
CM active shire mask:                                      4294967295           (0xffffffff)
Scratchpad base address in format 0:                       2147483648           (0x80000000)
Scratchpad base address in format 1:                       3221225472           (0xc0000000)
Scratchpad base address in format 2:                       18446744073709551615 (0xffffffffffffffff)
Local DDR base address:                                    549848092672         (0x8005801000)
Chiplet DDR base address:                                  549848092672         (0x8005801000)
Interleaved DDR base address:                              18446744073709551615 (0xffffffffffffffff)
Single chiplet DDR size:                                   34265366528         
Address alignment bits:                                    64                  
First shire bit in scratchpad address in format 0:         23                  
Number of shire bits in scratchpad address in format 0:    7                   
Local shire encoding in scratchpad address in format 0:    127                 
First shire bit in scratchpad address in format 1:         6                   
Number of shire bits in scratchpad address in format 1:    5                   
First shire bit in scratchpad address in format 2:         255                 
Number of shire bits in scratchpad address in format 2:    255                 
First chiplet bit in scratchpad address in format 2:       255                 
Number of chiplet bits in scratchpad address in format 2:  255                 
First chiplet bit in chiplet DDR address:                  255                 
Number of chiplet bits in chiplet DDR address:             255                 
First chiplet bit in interleaved chiplet DDR address:      255                 
Number of chiplet bits in interleaved chiplet DDR address: 255                 

device ready in 0.13 s
device held for 0.51 s
LOGGER NOT INITIALIZED:
		ET [DEVICE_LAYER][TH:123358575832704]: 
PCIe target:                                               /dev/et0_ops        
DRAM base:                                                 549848092672         (0x8005801000)
DRAM size (B):                                             34265366528          (0x7fa600000)
DRAM alignment (bits):                                     64                  
MM SQ count:                                               2                    (0x2)
MM VQ Maximum message size (B):                            1056                 (0x420)
P2P compatibility bitmap:                                  0                    (0x0)
PCIBUS device name:                                        0000:02:00.0        
Physical device ID:                                        0                    (0x0)
Form Factor:                                               PCIE                 (0x0)
TDP (W):                                                   65                  
Minion boot frequency (MHz):                               600                 
L3 size (KB):                                              32768                (0x8000)
L2 size (KB):                                              16384                (0x4000)
Scratch pad size (KB):                                     81920                (0x14000)
Cache line size (B):                                       64                   (0x40)
Number of L2 Banks:                                        4                   
DDR Bandwidth (MB/s):                                      128000              
Spare shire ID:                                            32                  
Architecture revision:                                     ETSOC1               (0x0)
CM active shire mask:                                      4294967295           (0xffffffff)
Scratchpad base address in format 0:                       2147483648           (0x80000000)
Scratchpad base address in format 1:                       3221225472           (0xc0000000)
Scratchpad base address in format 2:                       18446744073709551615 (0xffffffffffffffff)
Local DDR base address:                                    549848092672         (0x8005801000)
Chiplet DDR base address:                                  549848092672         (0x8005801000)
Interleaved DDR base address:                              18446744073709551615 (0xffffffffffffffff)
Single chiplet DDR size:                                   34265366528         
Address alignment bits:                                    64                  
First shire bit in scratchpad address in format 0:         23                  
Number of shire bits in scratchpad address in format 0:    7                   
Local shire encoding in scratchpad address in format 0:    127                 
First shire bit in scratchpad address in format 1:         6                   
Number of shire bits in scratchpad address in format 1:    5                   
First shire bit in scratchpad address in format 2:         255                 
Number of shire bits in scratchpad address in format 2:    255                 
First chiplet bit in scratchpad address in format 2:       255                 
Number of chiplet bits in scratchpad address in format 2:  255                 
First chiplet bit in chiplet DDR address:                  255                 
Number of chiplet bits in chiplet DDR address:             255                 
First chiplet bit in interleaved chiplet DDR address:      255                 
Number of chiplet bits in interleaved chiplet DDR address: 255                 

device ready in 0.14 s
device held for 3.44 s
LOGGER NOT INITIALIZED:
		ET [DEVICE_LAYER][TH:136177001266816]: 
PCIe target:                                               /dev/et0_ops        
DRAM base:                                                 549848092672         (0x8005801000)
DRAM size (B):                                             34265366528          (0x7fa600000)
DRAM alignment (bits):                                     64                  
MM SQ count:                                               2                    (0x2)
MM VQ Maximum message size (B):                            1056                 (0x420)
P2P compatibility bitmap:                                  0                    (0x0)
PCIBUS device name:                                        0000:02:00.0        
Physical device ID:                                        0                    (0x0)
Form Factor:                                               PCIE                 (0x0)
TDP (W):                                                   65                  
Minion boot frequency (MHz):                               600                 
L3 size (KB):                                              32768                (0x8000)
L2 size (KB):                                              16384                (0x4000)
Scratch pad size (KB):                                     81920                (0x14000)
Cache line size (B):                                       64                   (0x40)
Number of L2 Banks:                                        4                   
DDR Bandwidth (MB/s):                                      128000              
Spare shire ID:                                            32                  
Architecture revision:                                     ETSOC1               (0x0)
CM active shire mask:                                      4294967295           (0xffffffff)
Scratchpad base address in format 0:                       2147483648           (0x80000000)
Scratchpad base address in format 1:                       3221225472           (0xc0000000)
Scratchpad base address in format 2:                       18446744073709551615 (0xffffffffffffffff)
Local DDR base address:                                    549848092672         (0x8005801000)
Chiplet DDR base address:                                  549848092672         (0x8005801000)
Interleaved DDR base address:                              18446744073709551615 (0xffffffffffffffff)
Single chiplet DDR size:                                   34265366528         
Address alignment bits:                                    64                  
First shire bit in scratchpad address in format 0:         23                  
Number of shire bits in scratchpad address in format 0:    7                   
Local shire encoding in scratchpad address in format 0:    127                 
First shire bit in scratchpad address in format 1:         6                   
Number of shire bits in scratchpad address in format 1:    5                   
First shire bit in scratchpad address in format 2:         255                 
Number of shire bits in scratchpad address in format 2:    255                 
First chiplet bit in scratchpad address in format 2:       255                 
Number of chiplet bits in scratchpad address in format 2:  255                 
First chiplet bit in chiplet DDR address:                  255                 
Number of chiplet bits in chiplet DDR address:             255                 
First chiplet bit in interleaved chiplet DDR address:      255                 
Number of chiplet bits in interleaved chiplet DDR address: 255                 

device ready in 0.14 s
device held for 0.48 s
LOGGER NOT INITIALIZED:
		ET [DEVICE_LAYER][TH:138711527861888]: 
PCIe target:                                               /dev/et0_ops        
DRAM base:                                                 549848092672         (0x8005801000)
DRAM size (B):                                             34265366528          (0x7fa600000)
DRAM alignment (bits):                                     64                  
MM SQ count:                                               2                    (0x2)
MM VQ Maximum message size (B):                            1056                 (0x420)
P2P compatibility bitmap:                                  0                    (0x0)
PCIBUS device name:                                        0000:02:00.0        
Physical device ID:                                        0                    (0x0)
Form Factor:                                               PCIE                 (0x0)
TDP (W):                                                   65                  
Minion boot frequency (MHz):                               600                 
L3 size (KB):                                              32768                (0x8000)
L2 size (KB):                                              16384                (0x4000)
Scratch pad size (KB):                                     81920                (0x14000)
Cache line size (B):                                       64                   (0x40)
Number of L2 Banks:                                        4                   
DDR Bandwidth (MB/s):                                      128000              
Spare shire ID:                                            32                  
Architecture revision:                                     ETSOC1               (0x0)
CM active shire mask:                                      4294967295           (0xffffffff)
Scratchpad base address in format 0:                       2147483648           (0x80000000)
Scratchpad base address in format 1:                       3221225472           (0xc0000000)
Scratchpad base address in format 2:                       18446744073709551615 (0xffffffffffffffff)
Local DDR base address:                                    549848092672         (0x8005801000)
Chiplet DDR base address:                                  549848092672         (0x8005801000)
Interleaved DDR base address:                              18446744073709551615 (0xffffffffffffffff)
Single chiplet DDR size:                                   34265366528         
Address alignment bits:                                    64                  
First shire bit in scratchpad address in format 0:         23                  
Number of shire bits in scratchpad address in format 0:    7                   
Local shire encoding in scratchpad address in format 0:    127                 
First shire bit in scratchpad address in format 1:         6                   
Number of shire bits in scratchpad address in format 1:    5                   
First shire bit in scratchpad address in format 2:         255                 
Number of shire bits in scratchpad address in format 2:    255                 
First chiplet bit in scratchpad address in format 2:       255                 
Number of chiplet bits in scratchpad address in format 2:  255                 
First chiplet bit in chiplet DDR address:                  255                 
Number of chiplet bits in chiplet DDR address:             255                 
First chiplet bit in interleaved chiplet DDR address:      255                 
Number of chiplet bits in interleaved chiplet DDR address: 255                 

device ready in 0.14 s
device held for 3.35 s
LOGGER NOT INITIALIZED:
		ET [DEVICE_LAYER][TH:128008371093120]: 
PCIe target:                                               /dev/et0_ops        
DRAM base:                                                 549848092672         (0x8005801000)
DRAM size (B):                                             34265366528          (0x7fa600000)
DRAM alignment (bits):                                     64                  
MM SQ count:                                               2                    (0x2)
MM VQ Maximum message size (B):                            1056                 (0x420)
P2P compatibility bitmap:                                  0                    (0x0)
PCIBUS device name:                                        0000:02:00.0        
Physical device ID:                                        0                    (0x0)
Form Factor:                                               PCIE                 (0x0)
TDP (W):                                                   65                  
Minion boot frequency (MHz):                               600                 
L3 size (KB):                                              32768                (0x8000)
L2 size (KB):                                              16384                (0x4000)
Scratch pad size (KB):                                     81920                (0x14000)
Cache line size (B):                                       64                   (0x40)
Number of L2 Banks:                                        4                   
DDR Bandwidth (MB/s):                                      128000              
Spare shire ID:                                            32                  
Architecture revision:                                     ETSOC1               (0x0)
CM active shire mask:                                      4294967295           (0xffffffff)
Scratchpad base address in format 0:                       2147483648           (0x80000000)
Scratchpad base address in format 1:                       3221225472           (0xc0000000)
Scratchpad base address in format 2:                       18446744073709551615 (0xffffffffffffffff)
Local DDR base address:                                    549848092672         (0x8005801000)
Chiplet DDR base address:                                  549848092672         (0x8005801000)
Interleaved DDR base address:                              18446744073709551615 (0xffffffffffffffff)
Single chiplet DDR size:                                   34265366528         
Address alignment bits:                                    64                  
First shire bit in scratchpad address in format 0:         23                  
Number of shire bits in scratchpad address in format 0:    7                   
Local shire encoding in scratchpad address in format 0:    127                 
First shire bit in scratchpad address in format 1:         6                   
Number of shire bits in scratchpad address in format 1:    5                   
First shire bit in scratchpad address in format 2:         255                 
Number of shire bits in scratchpad address in format 2:    255                 
First chiplet bit in scratchpad address in format 2:       255                 
Number of chiplet bits in scratchpad address in format 2:  255                 
First chiplet bit in chiplet DDR address:                  255                 
Number of chiplet bits in chiplet DDR address:             255                 
First chiplet bit in interleaved chiplet DDR address:      255                 
Number of chiplet bits in interleaved chiplet DDR address: 255                 

device ready in 0.14 s
device held for 0.51 s
LOGGER NOT INITIALIZED:
		ET [DEVICE_LAYER][TH:140262305758848]: 
PCIe target:                                               /dev/et0_ops        
DRAM base:                                                 549848092672         (0x8005801000)
DRAM size (B):                                             34265366528          (0x7fa600000)
DRAM alignment (bits):                                     64                  
MM SQ count:                                               2                    (0x2)
MM VQ Maximum message size (B):                            1056                 (0x420)
P2P compatibility bitmap:                                  0                    (0x0)
PCIBUS device name:                                        0000:02:00.0        
Physical device ID:                                        0                    (0x0)
Form Factor:                                               PCIE                 (0x0)
TDP (W):                                                   65                  
Minion boot frequency (MHz):                               600                 
L3 size (KB):                                              32768                (0x8000)
L2 size (KB):                                              16384                (0x4000)
Scratch pad size (KB):                                     81920                (0x14000)
Cache line size (B):                                       64                   (0x40)
Number of L2 Banks:                                        4                   
DDR Bandwidth (MB/s):                                      128000              
Spare shire ID:                                            32                  
Architecture revision:                                     ETSOC1               (0x0)
CM active shire mask:                                      4294967295           (0xffffffff)
Scratchpad base address in format 0:                       2147483648           (0x80000000)
Scratchpad base address in format 1:                       3221225472           (0xc0000000)
Scratchpad base address in format 2:                       18446744073709551615 (0xffffffffffffffff)
Local DDR base address:                                    549848092672         (0x8005801000)
Chiplet DDR base address:                                  549848092672         (0x8005801000)
Interleaved DDR base address:                              18446744073709551615 (0xffffffffffffffff)
Single chiplet DDR size:                                   34265366528         
Address alignment bits:                                    64                  
First shire bit in scratchpad address in format 0:         23                  
Number of shire bits in scratchpad address in format 0:    7                   
Local shire encoding in scratchpad address in format 0:    127                 
First shire bit in scratchpad address in format 1:         6                   
Number of shire bits in scratchpad address in format 1:    5                   
First shire bit in scratchpad address in format 2:         255                 
Number of shire bits in scratchpad address in format 2:    255                 
First chiplet bit in scratchpad address in format 2:       255                 
Number of chiplet bits in scratchpad address in format 2:  255                 
First chiplet bit in chiplet DDR address:                  255                 
Number of chiplet bits in chiplet DDR address:             255                 
First chiplet bit in interleaved chiplet DDR address:      255                 
Number of chiplet bits in interleaved chiplet DDR address: 255                 

device ready in 0.13 s
device held for 3.43 s
LOGGER NOT INITIALIZED:
		ET [DEVICE_LAYER][TH:128053381967488]: 
PCIe target:                                               /dev/et0_ops        
DRAM base:                                                 549848092672         (0x8005801000)
DRAM size (B):                                             34265366528          (0x7fa600000)
DRAM alignment (bits):                                     64                  
MM SQ count:                                               2                    (0x2)
MM VQ Maximum message size (B):                            1056                 (0x420)
P2P compatibility bitmap:                                  0                    (0x0)
PCIBUS device name:                                        0000:02:00.0        
Physical device ID:                                        0                    (0x0)
Form Factor:                                               PCIE                 (0x0)
TDP (W):                                                   65                  
Minion boot frequency (MHz):                               600                 
L3 size (KB):                                              32768                (0x8000)
L2 size (KB):                                              16384                (0x4000)
Scratch pad size (KB):                                     81920                (0x14000)
Cache line size (B):                                       64                   (0x40)
Number of L2 Banks:                                        4                   
DDR Bandwidth (MB/s):                                      128000              
Spare shire ID:                                            32                  
Architecture revision:                                     ETSOC1               (0x0)
CM active shire mask:                                      4294967295           (0xffffffff)
Scratchpad base address in format 0:                       2147483648           (0x80000000)
Scratchpad base address in format 1:                       3221225472           (0xc0000000)
Scratchpad base address in format 2:                       18446744073709551615 (0xffffffffffffffff)
Local DDR base address:                                    549848092672         (0x8005801000)
Chiplet DDR base address:                                  549848092672         (0x8005801000)
Interleaved DDR base address:                              18446744073709551615 (0xffffffffffffffff)
Single chiplet DDR size:                                   34265366528         
Address alignment bits:                                    64                  
First shire bit in scratchpad address in format 0:         23                  
Number of shire bits in scratchpad address in format 0:    7                   
Local shire encoding in scratchpad address in format 0:    127                 
First shire bit in scratchpad address in format 1:         6                   
Number of shire bits in scratchpad address in format 1:    5                   
First shire bit in scratchpad address in format 2:         255                 
Number of shire bits in scratchpad address in format 2:    255                 
First chiplet bit in scratchpad address in format 2:       255                 
Number of chiplet bits in scratchpad address in format 2:  255                 
First chiplet bit in chiplet DDR address:                  255                 
Number of chiplet bits in chiplet DDR address:             255                 
First chiplet bit in interleaved chiplet DDR address:      255                 
Number of chiplet bits in interleaved chiplet DDR address: 255                 

device ready in 0.14 s
device held for 0.51 s
LOGGER NOT INITIALIZED:
		ET [DEVICE_LAYER][TH:128264561114752]: 
PCIe target:                                               /dev/et0_ops        
DRAM base:                                                 549848092672         (0x8005801000)
DRAM size (B):                                             34265366528          (0x7fa600000)
DRAM alignment (bits):                                     64                  
MM SQ count:                                               2                    (0x2)
MM VQ Maximum message size (B):                            1056                 (0x420)
P2P compatibility bitmap:                                  0                    (0x0)
PCIBUS device name:                                        0000:02:00.0        
Physical device ID:                                        0                    (0x0)
Form Factor:                                               PCIE                 (0x0)
TDP (W):                                                   65                  
Minion boot frequency (MHz):                               600                 
L3 size (KB):                                              32768                (0x8000)
L2 size (KB):                                              16384                (0x4000)
Scratch pad size (KB):                                     81920                (0x14000)
Cache line size (B):                                       64                   (0x40)
Number of L2 Banks:                                        4                   
DDR Bandwidth (MB/s):                                      128000              
Spare shire ID:                                            32                  
Architecture revision:                                     ETSOC1               (0x0)
CM active shire mask:                                      4294967295           (0xffffffff)
Scratchpad base address in format 0:                       2147483648           (0x80000000)
Scratchpad base address in format 1:                       3221225472           (0xc0000000)
Scratchpad base address in format 2:                       18446744073709551615 (0xffffffffffffffff)
Local DDR base address:                                    549848092672         (0x8005801000)
Chiplet DDR base address:                                  549848092672         (0x8005801000)
Interleaved DDR base address:                              18446744073709551615 (0xffffffffffffffff)
Single chiplet DDR size:                                   34265366528         
Address alignment bits:                                    64                  
First shire bit in scratchpad address in format 0:         23                  
Number of shire bits in scratchpad address in format 0:    7                   
Local shire encoding in scratchpad address in format 0:    127                 
First shire bit in scratchpad address in format 1:         6                   
Number of shire bits in scratchpad address in format 1:    5                   
First shire bit in scratchpad address in format 2:         255                 
Number of shire bits in scratchpad address in format 2:    255                 
First chiplet bit in scratchpad address in format 2:       255                 
Number of chiplet bits in scratchpad address in format 2:  255                 
First chiplet bit in chiplet DDR address:                  255                 
Number of chiplet bits in chiplet DDR address:             255                 
First chiplet bit in interleaved chiplet DDR address:      255                 
Number of chiplet bits in interleaved chiplet DDR address: 255                 

device ready in 0.14 s
device held for 3.35 s
LOGGER NOT INITIALIZED:
		ET [DEVICE_LAYER][TH:135189837389440]: 
PCIe target:                                               /dev/et0_ops        
DRAM base:                                                 549848092672         (0x8005801000)
DRAM size (B):                                             34265366528          (0x7fa600000)
DRAM alignment (bits):                                     64                  
MM SQ count:                                               2                    (0x2)
MM VQ Maximum message size (B):                            1056                 (0x420)
P2P compatibility bitmap:                                  0                    (0x0)
PCIBUS device name:                                        0000:02:00.0        
Physical device ID:                                        0                    (0x0)
Form Factor:                                               PCIE                 (0x0)
TDP (W):                                                   65                  
Minion boot frequency (MHz):                               600                 
L3 size (KB):                                              32768                (0x8000)
L2 size (KB):                                              16384                (0x4000)
Scratch pad size (KB):                                     81920                (0x14000)
Cache line size (B):                                       64                   (0x40)
Number of L2 Banks:                                        4                   
DDR Bandwidth (MB/s):                                      128000              
Spare shire ID:                                            32                  
Architecture revision:                                     ETSOC1               (0x0)
CM active shire mask:                                      4294967295           (0xffffffff)
Scratchpad base address in format 0:                       2147483648           (0x80000000)
Scratchpad base address in format 1:                       3221225472           (0xc0000000)
Scratchpad base address in format 2:                       18446744073709551615 (0xffffffffffffffff)
Local DDR base address:                                    549848092672         (0x8005801000)
Chiplet DDR base address:                                  549848092672         (0x8005801000)
Interleaved DDR base address:                              18446744073709551615 (0xffffffffffffffff)
Single chiplet DDR size:                                   34265366528         
Address alignment bits:                                    64                  
First shire bit in scratchpad address in format 0:         23                  
Number of shire bits in scratchpad address in format 0:    7                   
Local shire encoding in scratchpad address in format 0:    127                 
First shire bit in scratchpad address in format 1:         6                   
Number of shire bits in scratchpad address in format 1:    5                   
First shire bit in scratchpad address in format 2:         255                 
Number of shire bits in scratchpad address in format 2:    255                 
First chiplet bit in scratchpad address in format 2:       255                 
Number of chiplet bits in scratchpad address in format 2:  255                 
First chiplet bit in chiplet DDR address:                  255                 
Number of chiplet bits in chiplet DDR address:             255                 
First chiplet bit in interleaved chiplet DDR address:      255                 
Number of chiplet bits in interleaved chiplet DDR address: 255                 

device ready in 0.13 s
device held for 0.48 s
LOGGER NOT INITIALIZED:
		ET [DEVICE_LAYER][TH:139760425856640]: 
PCIe target:                                               /dev/et0_ops        
DRAM base:                                                 549848092672         (0x8005801000)
DRAM size (B):                                             34265366528          (0x7fa600000)
DRAM alignment (bits):                                     64                  
MM SQ count:                                               2                    (0x2)
MM VQ Maximum message size (B):                            1056                 (0x420)
P2P compatibility bitmap:                                  0                    (0x0)
PCIBUS device name:                                        0000:02:00.0        
Physical device ID:                                        0                    (0x0)
Form Factor:                                               PCIE                 (0x0)
TDP (W):                                                   65                  
Minion boot frequency (MHz):                               600                 
L3 size (KB):                                              32768                (0x8000)
L2 size (KB):                                              16384                (0x4000)
Scratch pad size (KB):                                     81920                (0x14000)
Cache line size (B):                                       64                   (0x40)
Number of L2 Banks:                                        4                   
DDR Bandwidth (MB/s):                                      128000              
Spare shire ID:                                            32                  
Architecture revision:                                     ETSOC1               (0x0)
CM active shire mask:                                      4294967295           (0xffffffff)
Scratchpad base address in format 0:                       2147483648           (0x80000000)
Scratchpad base address in format 1:                       3221225472           (0xc0000000)
Scratchpad base address in format 2:                       18446744073709551615 (0xffffffffffffffff)
Local DDR base address:                                    549848092672         (0x8005801000)
Chiplet DDR base address:                                  549848092672         (0x8005801000)
Interleaved DDR base address:                              18446744073709551615 (0xffffffffffffffff)
Single chiplet DDR size:                                   34265366528         
Address alignment bits:                                    64                  
First shire bit in scratchpad address in format 0:         23                  
Number of shire bits in scratchpad address in format 0:    7                   
Local shire encoding in scratchpad address in format 0:    127                 
First shire bit in scratchpad address in format 1:         6                   
Number of shire bits in scratchpad address in format 1:    5                   
First shire bit in scratchpad address in format 2:         255                 
Number of shire bits in scratchpad address in format 2:    255                 
First chiplet bit in scratchpad address in format 2:       255                 
Number of chiplet bits in scratchpad address in format 2:  255                 
First chiplet bit in chiplet DDR address:                  255                 
Number of chiplet bits in chiplet DDR address:             255                 
First chiplet bit in interleaved chiplet DDR address:      255                 
Number of chiplet bits in interleaved chiplet DDR address: 255                 

device ready in 0.13 s
device held for 3.35 s
