LOGGER NOT INITIALIZED:
		ET [DEVICE_LAYER][TH:127366453685888]: 
PCIe target:                                               /dev/et0_ops        
DRAM base:                                                 549848092672         (0x8005801000)
DRAM size (B):                                             34265366528          (0x7fa600000)
DRAM alignment (bits):                                     64                  
MM SQ count:                                               2                    (0x2)
MM VQ Maximum message size (B):                            1056                 (0x420)
P2P compatibility bitmap:                                  0                    (0x0)
PCIBUS device name:                                        0000:02:00.0        
Physical device ID:                                        0                    (0x0)
Form Factor:                                               PCIE                 (0x0)
TDP (W):                                                   65                  
Minion boot frequency (MHz):                               600                 
L3 size (KB):                                              32768                (0x8000)
L2 size (KB):                                              16384                (0x4000)
Scratch pad size (KB):                                     81920                (0x14000)
Cache line size (B):                                       64                   (0x40)
Number of L2 Banks:                                        4                   
DDR Bandwidth (MB/s):                                      128000              
Spare shire ID:                                            32                  
Architecture revision:                                     ETSOC1               (0x0)
CM active shire mask:                                      4294967295           (0xffffffff)
Scratchpad base address in format 0:                       2147483648           (0x80000000)
Scratchpad base address in format 1:                       3221225472           (0xc0000000)
Scratchpad base address in format 2:                       18446744073709551615 (0xffffffffffffffff)
Local DDR base address:                                    549848092672         (0x8005801000)
Chiplet DDR base address:                                  549848092672         (0x8005801000)
Interleaved DDR base address:                              18446744073709551615 (0xffffffffffffffff)
Single chiplet DDR size:                                   34265366528         
Address alignment bits:                                    64                  
First shire bit in scratchpad address in format 0:         23                  
Number of shire bits in scratchpad address in format 0:    7                   
Local shire encoding in scratchpad address in format 0:    127                 
First shire bit in scratchpad address in format 1:         6                   
Number of shire bits in scratchpad address in format 1:    5                   
First shire bit in scratchpad address in format 2:         255                 
Number of shire bits in scratchpad address in format 2:    255                 
First chiplet bit in scratchpad address in format 2:       255                 
Number of chiplet bits in scratchpad address in format 2:  255                 
First chiplet bit in chiplet DDR address:                  255                 
Number of chiplet bits in chiplet DDR address:             255                 
First chiplet bit in interleaved chiplet DDR address:      255                 
Number of chiplet bits in interleaved chiplet DDR address: 255                 

device ready in 0.18 s
device held for 0.55 s
LOGGER NOT INITIALIZED:
		ET [DEVICE_LAYER][TH:125029390581376]: 
PCIe target:                                               /dev/et0_ops        
DRAM base:                                                 549848092672         (0x8005801000)
DRAM size (B):                                             34265366528          (0x7fa600000)
DRAM alignment (bits):                                     64                  
MM SQ count:                                               2                    (0x2)
MM VQ Maximum message size (B):                            1056                 (0x420)
P2P compatibility bitmap:                                  0                    (0x0)
PCIBUS device name:                                        0000:02:00.0        
Physical device ID:                                        0                    (0x0)
Form Factor:                                               PCIE                 (0x0)
TDP (W):                                                   65                  
Minion boot frequency (MHz):                               600                 
L3 size (KB):                                              32768                (0x8000)
L2 size (KB):                                              16384                (0x4000)
Scratch pad size (KB):                                     81920                (0x14000)
Cache line size (B):                                       64                   (0x40)
Number of L2 Banks:                                        4                   
DDR Bandwidth (MB/s):                                      128000              
Spare shire ID:                                            32                  
Architecture revision:                                     ETSOC1               (0x0)
CM active shire mask:                                      4294967295           (0xffffffff)
Scratchpad base address in format 0:                       2147483648           (0x80000000)
Scratchpad base address in format 1:                       3221225472           (0xc0000000)
Scratchpad base address in format 2:                       18446744073709551615 (0xffffffffffffffff)
Local DDR base address:                                    549848092672         (0x8005801000)
Chiplet DDR base address:                                  549848092672         (0x8005801000)
Interleaved DDR base address:                              18446744073709551615 (0xffffffffffffffff)
Single chiplet DDR size:                                   34265366528         
Address alignment bits:                                    64                  
First shire bit in scratchpad address in format 0:         23                  
Number of shire bits in scratchpad address in format 0:    7                   
Local shire encoding in scratchpad address in format 0:    127                 
First shire bit in scratchpad address in format 1:         6                   
Number of shire bits in scratchpad address in format 1:    5                   
First shire bit in scratchpad address in format 2:         255                 
Number of shire bits in scratchpad address in format 2:    255                 
First chiplet bit in scratchpad address in format 2:       255                 
Number of chiplet bits in scratchpad address in format 2:  255                 
First chiplet bit in chiplet DDR address:                  255                 
Number of chiplet bits in chiplet DDR address:             255                 
First chiplet bit in interleaved chiplet DDR address:      255                 
Number of chiplet bits in interleaved chiplet DDR address: 255                 

device ready in 0.18 s
device held for 3.48 s
LOGGER NOT INITIALIZED:
		ET [DEVICE_LAYER][TH:138057666342528]: 
PCIe target:                                               /dev/et0_ops        
DRAM base:                                                 549848092672         (0x8005801000)
DRAM size (B):                                             34265366528          (0x7fa600000)
DRAM alignment (bits):                                     64                  
MM SQ count:                                               2                    (0x2)
MM VQ Maximum message size (B):                            1056                 (0x420)
P2P compatibility bitmap:                                  0                    (0x0)
PCIBUS device name:                                        0000:02:00.0        
Physical device ID:                                        0                    (0x0)
Form Factor:                                               PCIE                 (0x0)
TDP (W):                                                   65                  
Minion boot frequency (MHz):                               600                 
L3 size (KB):                                              32768                (0x8000)
L2 size (KB):                                              16384                (0x4000)
Scratch pad size (KB):                                     81920                (0x14000)
Cache line size (B):                                       64                   (0x40)
Number of L2 Banks:                                        4                   
DDR Bandwidth (MB/s):                                      128000              
Spare shire ID:                                            32                  
Architecture revision:                                     ETSOC1               (0x0)
CM active shire mask:                                      4294967295           (0xffffffff)
Scratchpad base address in format 0:                       2147483648           (0x80000000)
Scratchpad base address in format 1:                       3221225472           (0xc0000000)
Scratchpad base address in format 2:                       18446744073709551615 (0xffffffffffffffff)
Local DDR base address:                                    549848092672         (0x8005801000)
Chiplet DDR base address:                                  549848092672         (0x8005801000)
Interleaved DDR base address:                              18446744073709551615 (0xffffffffffffffff)
Single chiplet DDR size:                                   34265366528         
Address alignment bits:                                    64                  
First shire bit in scratchpad address in format 0:         23                  
Number of shire bits in scratchpad address in format 0:    7                   
Local shire encoding in scratchpad address in format 0:    127                 
First shire bit in scratchpad address in format 1:         6                   
Number of shire bits in scratchpad address in format 1:    5                   
First shire bit in scratchpad address in format 2:         255                 
Number of shire bits in scratchpad address in format 2:    255                 
First chiplet bit in scratchpad address in format 2:       255                 
Number of chiplet bits in scratchpad address in format 2:  255                 
First chiplet bit in chiplet DDR address:                  255                 
Number of chiplet bits in chiplet DDR address:             255                 
First chiplet bit in interleaved chiplet DDR address:      255                 
Number of chiplet bits in interleaved chiplet DDR address: 255                 

device ready in 0.18 s
device held for 0.52 s
LOGGER NOT INITIALIZED:
		ET [DEVICE_LAYER][TH:133300413238912]: 
PCIe target:                                               /dev/et0_ops        
DRAM base:                                                 549848092672         (0x8005801000)
DRAM size (B):                                             34265366528          (0x7fa600000)
DRAM alignment (bits):                                     64                  
MM SQ count:                                               2                    (0x2)
MM VQ Maximum message size (B):                            1056                 (0x420)
P2P compatibility bitmap:                                  0                    (0x0)
PCIBUS device name:                                        0000:02:00.0        
Physical device ID:                                        0                    (0x0)
Form Factor:                                               PCIE                 (0x0)
TDP (W):                                                   65                  
Minion boot frequency (MHz):                               600                 
L3 size (KB):                                              32768                (0x8000)
L2 size (KB):                                              16384                (0x4000)
Scratch pad size (KB):                                     81920                (0x14000)
Cache line size (B):                                       64                   (0x40)
Number of L2 Banks:                                        4                   
DDR Bandwidth (MB/s):                                      128000              
Spare shire ID:                                            32                  
Architecture revision:                                     ETSOC1               (0x0)
CM active shire mask:                                      4294967295           (0xffffffff)
Scratchpad base address in format 0:                       2147483648           (0x80000000)
Scratchpad base address in format 1:                       3221225472           (0xc0000000)
Scratchpad base address in format 2:                       18446744073709551615 (0xffffffffffffffff)
Local DDR base address:                                    549848092672         (0x8005801000)
Chiplet DDR base address:                                  549848092672         (0x8005801000)
Interleaved DDR base address:                              18446744073709551615 (0xffffffffffffffff)
Single chiplet DDR size:                                   34265366528         
Address alignment bits:                                    64                  
First shire bit in scratchpad address in format 0:         23                  
Number of shire bits in scratchpad address in format 0:    7                   
Local shire encoding in scratchpad address in format 0:    127                 
First shire bit in scratchpad address in format 1:         6                   
Number of shire bits in scratchpad address in format 1:    5                   
First shire bit in scratchpad address in format 2:         255                 
Number of shire bits in scratchpad address in format 2:    255                 
First chiplet bit in scratchpad address in format 2:       255                 
Number of chiplet bits in scratchpad address in format 2:  255                 
First chiplet bit in chiplet DDR address:                  255                 
Number of chiplet bits in chiplet DDR address:             255                 
First chiplet bit in interleaved chiplet DDR address:      255                 
Number of chiplet bits in interleaved chiplet DDR address: 255                 

device ready in 0.18 s
device held for 3.48 s
double free or corruption (fasttop)
timeout: the monitored command dumped core
tools/claims-v3/wire/../lib.sh: line 100: 167709 Aborted                 timeout 10 "$@" < /dev/null
LOGGER NOT INITIALIZED:
		ET [DEVICE_LAYER][TH:138351378763392]: 
PCIe target:                                               /dev/et0_ops        
DRAM base:                                                 549848092672         (0x8005801000)
DRAM size (B):                                             34265366528          (0x7fa600000)
DRAM alignment (bits):                                     64                  
MM SQ count:                                               2                    (0x2)
MM VQ Maximum message size (B):                            1056                 (0x420)
P2P compatibility bitmap:                                  0                    (0x0)
PCIBUS device name:                                        0000:02:00.0        
Physical device ID:                                        0                    (0x0)
Form Factor:                                               PCIE                 (0x0)
TDP (W):                                                   65                  
Minion boot frequency (MHz):                               600                 
L3 size (KB):                                              32768                (0x8000)
L2 size (KB):                                              16384                (0x4000)
Scratch pad size (KB):                                     81920                (0x14000)
Cache line size (B):                                       64                   (0x40)
Number of L2 Banks:                                        4                   
DDR Bandwidth (MB/s):                                      128000              
Spare shire ID:                                            32                  
Architecture revision:                                     ETSOC1               (0x0)
CM active shire mask:                                      4294967295           (0xffffffff)
Scratchpad base address in format 0:                       2147483648           (0x80000000)
Scratchpad base address in format 1:                       3221225472           (0xc0000000)
Scratchpad base address in format 2:                       18446744073709551615 (0xffffffffffffffff)
Local DDR base address:                                    549848092672         (0x8005801000)
Chiplet DDR base address:                                  549848092672         (0x8005801000)
Interleaved DDR base address:                              18446744073709551615 (0xffffffffffffffff)
Single chiplet DDR size:                                   34265366528         
Address alignment bits:                                    64                  
First shire bit in scratchpad address in format 0:         23                  
Number of shire bits in scratchpad address in format 0:    7                   
Local shire encoding in scratchpad address in format 0:    127                 
First shire bit in scratchpad address in format 1:         6                   
Number of shire bits in scratchpad address in format 1:    5                   
First shire bit in scratchpad address in format 2:         255                 
Number of shire bits in scratchpad address in format 2:    255                 
First chiplet bit in scratchpad address in format 2:       255                 
Number of chiplet bits in scratchpad address in format 2:  255                 
First chiplet bit in chiplet DDR address:                  255                 
Number of chiplet bits in chiplet DDR address:             255                 
First chiplet bit in interleaved chiplet DDR address:      255                 
Number of chiplet bits in interleaved chiplet DDR address: 255                 

device ready in 0.18 s
device held for 0.55 s
LOGGER NOT INITIALIZED:
		ET [DEVICE_LAYER][TH:124004898078336]: 
PCIe target:                                               /dev/et0_ops        
DRAM base:                                                 549848092672         (0x8005801000)
DRAM size (B):                                             34265366528          (0x7fa600000)
DRAM alignment (bits):                                     64                  
MM SQ count:                                               2                    (0x2)
MM VQ Maximum message size (B):                            1056                 (0x420)
P2P compatibility bitmap:                                  0                    (0x0)
PCIBUS device name:                                        0000:02:00.0        
Physical device ID:                                        0                    (0x0)
Form Factor:                                               PCIE                 (0x0)
TDP (W):                                                   65                  
Minion boot frequency (MHz):                               600                 
L3 size (KB):                                              32768                (0x8000)
L2 size (KB):                                              16384                (0x4000)
Scratch pad size (KB):                                     81920                (0x14000)
Cache line size (B):                                       64                   (0x40)
Number of L2 Banks:                                        4                   
DDR Bandwidth (MB/s):                                      128000              
Spare shire ID:                                            32                  
Architecture revision:                                     ETSOC1               (0x0)
CM active shire mask:                                      4294967295           (0xffffffff)
Scratchpad base address in format 0:                       2147483648           (0x80000000)
Scratchpad base address in format 1:                       3221225472           (0xc0000000)
Scratchpad base address in format 2:                       18446744073709551615 (0xffffffffffffffff)
Local DDR base address:                                    549848092672         (0x8005801000)
Chiplet DDR base address:                                  549848092672         (0x8005801000)
Interleaved DDR base address:                              18446744073709551615 (0xffffffffffffffff)
Single chiplet DDR size:                                   34265366528         
Address alignment bits:                                    64                  
First shire bit in scratchpad address in format 0:         23                  
Number of shire bits in scratchpad address in format 0:    7                   
Local shire encoding in scratchpad address in format 0:    127                 
First shire bit in scratchpad address in format 1:         6                   
Number of shire bits in scratchpad address in format 1:    5                   
First shire bit in scratchpad address in format 2:         255                 
Number of shire bits in scratchpad address in format 2:    255                 
First chiplet bit in scratchpad address in format 2:       255                 
Number of chiplet bits in scratchpad address in format 2:  255                 
First chiplet bit in chiplet DDR address:                  255                 
Number of chiplet bits in chiplet DDR address:             255                 
First chiplet bit in interleaved chiplet DDR address:      255                 
Number of chiplet bits in interleaved chiplet DDR address: 255                 

device ready in 0.18 s
device held for 3.48 s
LOGGER NOT INITIALIZED:
		ET [DEVICE_LAYER][TH:128328644800128]: 
PCIe target:                                               /dev/et0_ops        
DRAM base:                                                 549848092672         (0x8005801000)
DRAM size (B):                                             34265366528          (0x7fa600000)
DRAM alignment (bits):                                     64                  
MM SQ count:                                               2                    (0x2)
MM VQ Maximum message size (B):                            1056                 (0x420)
P2P compatibility bitmap:                                  0                    (0x0)
PCIBUS device name:                                        0000:02:00.0        
Physical device ID:                                        0                    (0x0)
Form Factor:                                               PCIE                 (0x0)
TDP (W):                                                   65                  
Minion boot frequency (MHz):                               600                 
L3 size (KB):                                              32768                (0x8000)
L2 size (KB):                                              16384                (0x4000)
Scratch pad size (KB):                                     81920                (0x14000)
Cache line size (B):                                       64                   (0x40)
Number of L2 Banks:                                        4                   
DDR Bandwidth (MB/s):                                      128000              
Spare shire ID:                                            32                  
Architecture revision:                                     ETSOC1               (0x0)
CM active shire mask:                                      4294967295           (0xffffffff)
Scratchpad base address in format 0:                       2147483648           (0x80000000)
Scratchpad base address in format 1:                       3221225472           (0xc0000000)
Scratchpad base address in format 2:                       18446744073709551615 (0xffffffffffffffff)
Local DDR base address:                                    549848092672         (0x8005801000)
Chiplet DDR base address:                                  549848092672         (0x8005801000)
Interleaved DDR base address:                              18446744073709551615 (0xffffffffffffffff)
Single chiplet DDR size:                                   34265366528         
Address alignment bits:                                    64                  
First shire bit in scratchpad address in format 0:         23                  
Number of shire bits in scratchpad address in format 0:    7                   
Local shire encoding in scratchpad address in format 0:    127                 
First shire bit in scratchpad address in format 1:         6                   
Number of shire bits in scratchpad address in format 1:    5                   
First shire bit in scratchpad address in format 2:         255                 
Number of shire bits in scratchpad address in format 2:    255                 
First chiplet bit in scratchpad address in format 2:       255                 
Number of chiplet bits in scratchpad address in format 2:  255                 
First chiplet bit in chiplet DDR address:                  255                 
Number of chiplet bits in chiplet DDR address:             255                 
First chiplet bit in interleaved chiplet DDR address:      255                 
Number of chiplet bits in interleaved chiplet DDR address: 255                 

device ready in 0.18 s
device held for 0.52 s
LOGGER NOT INITIALIZED:
		ET [DEVICE_LAYER][TH:132902716579456]: 
PCIe target:                                               /dev/et0_ops        
DRAM base:                                                 549848092672         (0x8005801000)
DRAM size (B):                                             34265366528          (0x7fa600000)
DRAM alignment (bits):                                     64                  
MM SQ count:                                               2                    (0x2)
MM VQ Maximum message size (B):                            1056                 (0x420)
P2P compatibility bitmap:                                  0                    (0x0)
PCIBUS device name:                                        0000:02:00.0        
Physical device ID:                                        0                    (0x0)
Form Factor:                                               PCIE                 (0x0)
TDP (W):                                                   65                  
Minion boot frequency (MHz):                               600                 
L3 size (KB):                                              32768                (0x8000)
L2 size (KB):                                              16384                (0x4000)
Scratch pad size (KB):                                     81920                (0x14000)
Cache line size (B):                                       64                   (0x40)
Number of L2 Banks:                                        4                   
DDR Bandwidth (MB/s):                                      128000              
Spare shire ID:                                            32                  
Architecture revision:                                     ETSOC1               (0x0)
CM active shire mask:                                      4294967295           (0xffffffff)
Scratchpad base address in format 0:                       2147483648           (0x80000000)
Scratchpad base address in format 1:                       3221225472           (0xc0000000)
Scratchpad base address in format 2:                       18446744073709551615 (0xffffffffffffffff)
Local DDR base address:                                    549848092672         (0x8005801000)
Chiplet DDR base address:                                  549848092672         (0x8005801000)
Interleaved DDR base address:                              18446744073709551615 (0xffffffffffffffff)
Single chiplet DDR size:                                   34265366528         
Address alignment bits:                                    64                  
First shire bit in scratchpad address in format 0:         23                  
Number of shire bits in scratchpad address in format 0:    7                   
Local shire encoding in scratchpad address in format 0:    127                 
First shire bit in scratchpad address in format 1:         6                   
Number of shire bits in scratchpad address in format 1:    5                   
First shire bit in scratchpad address in format 2:         255                 
Number of shire bits in scratchpad address in format 2:    255                 
First chiplet bit in scratchpad address in format 2:       255                 
Number of chiplet bits in scratchpad address in format 2:  255                 
First chiplet bit in chiplet DDR address:                  255                 
Number of chiplet bits in chiplet DDR address:             255                 
First chiplet bit in interleaved chiplet DDR address:      255                 
Number of chiplet bits in interleaved chiplet DDR address: 255                 

device ready in 0.18 s
device held for 3.47 s
LOGGER NOT INITIALIZED:
		ET [DEVICE_LAYER][TH:137682588642944]: 
PCIe target:                                               /dev/et0_ops        
DRAM base:                                                 549848092672         (0x8005801000)
DRAM size (B):                                             34265366528          (0x7fa600000)
DRAM alignment (bits):                                     64                  
MM SQ count:                                               2                    (0x2)
MM VQ Maximum message size (B):                            1056                 (0x420)
P2P compatibility bitmap:                                  0                    (0x0)
PCIBUS device name:                                        0000:02:00.0        
Physical device ID:                                        0                    (0x0)
Form Factor:                                               PCIE                 (0x0)
TDP (W):                                                   65                  
Minion boot frequency (MHz):                               600                 
L3 size (KB):                                              32768                (0x8000)
L2 size (KB):                                              16384                (0x4000)
Scratch pad size (KB):                                     81920                (0x14000)
Cache line size (B):                                       64                   (0x40)
Number of L2 Banks:                                        4                   
DDR Bandwidth (MB/s):                                      128000              
Spare shire ID:                                            32                  
Architecture revision:                                     ETSOC1               (0x0)
CM active shire mask:                                      4294967295           (0xffffffff)
Scratchpad base address in format 0:                       2147483648           (0x80000000)
Scratchpad base address in format 1:                       3221225472           (0xc0000000)
Scratchpad base address in format 2:                       18446744073709551615 (0xffffffffffffffff)
Local DDR base address:                                    549848092672         (0x8005801000)
Chiplet DDR base address:                                  549848092672         (0x8005801000)
Interleaved DDR base address:                              18446744073709551615 (0xffffffffffffffff)
Single chiplet DDR size:                                   34265366528         
Address alignment bits:                                    64                  
First shire bit in scratchpad address in format 0:         23                  
Number of shire bits in scratchpad address in format 0:    7                   
Local shire encoding in scratchpad address in format 0:    127                 
First shire bit in scratchpad address in format 1:         6                   
Number of shire bits in scratchpad address in format 1:    5                   
First shire bit in scratchpad address in format 2:         255                 
Number of shire bits in scratchpad address in format 2:    255                 
First chiplet bit in scratchpad address in format 2:       255                 
Number of chiplet bits in scratchpad address in format 2:  255                 
First chiplet bit in chiplet DDR address:                  255                 
Number of chiplet bits in chiplet DDR address:             255                 
First chiplet bit in interleaved chiplet DDR address:      255                 
Number of chiplet bits in interleaved chiplet DDR address: 255                 

device ready in 0.18 s
device held for 0.52 s
LOGGER NOT INITIALIZED:
		ET [DEVICE_LAYER][TH:132787078160000]: 
PCIe target:                                               /dev/et0_ops        
DRAM base:                                                 549848092672         (0x8005801000)
DRAM size (B):                                             34265366528          (0x7fa600000)
DRAM alignment (bits):                                     64                  
MM SQ count:                                               2                    (0x2)
MM VQ Maximum message size (B):                            1056                 (0x420)
P2P compatibility bitmap:                                  0                    (0x0)
PCIBUS device name:                                        0000:02:00.0        
Physical device ID:                                        0                    (0x0)
Form Factor:                                               PCIE                 (0x0)
TDP (W):                                                   65                  
Minion boot frequency (MHz):                               600                 
L3 size (KB):                                              32768                (0x8000)
L2 size (KB):                                              16384                (0x4000)
Scratch pad size (KB):                                     81920                (0x14000)
Cache line size (B):                                       64                   (0x40)
Number of L2 Banks:                                        4                   
DDR Bandwidth (MB/s):                                      128000              
Spare shire ID:                                            32                  
Architecture revision:                                     ETSOC1               (0x0)
CM active shire mask:                                      4294967295           (0xffffffff)
Scratchpad base address in format 0:                       2147483648           (0x80000000)
Scratchpad base address in format 1:                       3221225472           (0xc0000000)
Scratchpad base address in format 2:                       18446744073709551615 (0xffffffffffffffff)
Local DDR base address:                                    549848092672         (0x8005801000)
Chiplet DDR base address:                                  549848092672         (0x8005801000)
Interleaved DDR base address:                              18446744073709551615 (0xffffffffffffffff)
Single chiplet DDR size:                                   34265366528         
Address alignment bits:                                    64                  
First shire bit in scratchpad address in format 0:         23                  
Number of shire bits in scratchpad address in format 0:    7                   
Local shire encoding in scratchpad address in format 0:    127                 
First shire bit in scratchpad address in format 1:         6                   
Number of shire bits in scratchpad address in format 1:    5                   
First shire bit in scratchpad address in format 2:         255                 
Number of shire bits in scratchpad address in format 2:    255                 
First chiplet bit in scratchpad address in format 2:       255                 
Number of chiplet bits in scratchpad address in format 2:  255                 
First chiplet bit in chiplet DDR address:                  255                 
Number of chiplet bits in chiplet DDR address:             255                 
First chiplet bit in interleaved chiplet DDR address:      255                 
Number of chiplet bits in interleaved chiplet DDR address: 255                 

device ready in 0.18 s
device held for 3.47 s
LOGGER NOT INITIALIZED:
		ET [DEVICE_LAYER][TH:131054191672960]: 
PCIe target:                                               /dev/et0_ops        
DRAM base:                                                 549848092672         (0x8005801000)
DRAM size (B):                                             34265366528          (0x7fa600000)
DRAM alignment (bits):                                     64                  
MM SQ count:                                               2                    (0x2)
MM VQ Maximum message size (B):                            1056                 (0x420)
P2P compatibility bitmap:                                  0                    (0x0)
PCIBUS device name:                                        0000:02:00.0        
Physical device ID:                                        0                    (0x0)
Form Factor:                                               PCIE                 (0x0)
TDP (W):                                                   65                  
Minion boot frequency (MHz):                               600                 
L3 size (KB):                                              32768                (0x8000)
L2 size (KB):                                              16384                (0x4000)
Scratch pad size (KB):                                     81920                (0x14000)
Cache line size (B):                                       64                   (0x40)
Number of L2 Banks:                                        4                   
DDR Bandwidth (MB/s):                                      128000              
Spare shire ID:                                            32                  
Architecture revision:                                     ETSOC1               (0x0)
CM active shire mask:                                      4294967295           (0xffffffff)
Scratchpad base address in format 0:                       2147483648           (0x80000000)
Scratchpad base address in format 1:                       3221225472           (0xc0000000)
Scratchpad base address in format 2:                       18446744073709551615 (0xffffffffffffffff)
Local DDR base address:                                    549848092672         (0x8005801000)
Chiplet DDR base address:                                  549848092672         (0x8005801000)
Interleaved DDR base address:                              18446744073709551615 (0xffffffffffffffff)
Single chiplet DDR size:                                   34265366528         
Address alignment bits:                                    64                  
First shire bit in scratchpad address in format 0:         23                  
Number of shire bits in scratchpad address in format 0:    7                   
Local shire encoding in scratchpad address in format 0:    127                 
First shire bit in scratchpad address in format 1:         6                   
Number of shire bits in scratchpad address in format 1:    5                   
First shire bit in scratchpad address in format 2:         255                 
Number of shire bits in scratchpad address in format 2:    255                 
First chiplet bit in scratchpad address in format 2:       255                 
Number of chiplet bits in scratchpad address in format 2:  255                 
First chiplet bit in chiplet DDR address:                  255                 
Number of chiplet bits in chiplet DDR address:             255                 
First chiplet bit in interleaved chiplet DDR address:      255                 
Number of chiplet bits in interleaved chiplet DDR address: 255                 

device ready in 0.18 s
device held for 0.55 s
LOGGER NOT INITIALIZED:
		ET [DEVICE_LAYER][TH:138291180809856]: 
PCIe target:                                               /dev/et0_ops        
DRAM base:                                                 549848092672         (0x8005801000)
DRAM size (B):                                             34265366528          (0x7fa600000)
DRAM alignment (bits):                                     64                  
MM SQ count:                                               2                    (0x2)
MM VQ Maximum message size (B):                            1056                 (0x420)
P2P compatibility bitmap:                                  0                    (0x0)
PCIBUS device name:                                        0000:02:00.0        
Physical device ID:                                        0                    (0x0)
Form Factor:                                               PCIE                 (0x0)
TDP (W):                                                   65                  
Minion boot frequency (MHz):                               600                 
L3 size (KB):                                              32768                (0x8000)
L2 size (KB):                                              16384                (0x4000)
Scratch pad size (KB):                                     81920                (0x14000)
Cache line size (B):                                       64                   (0x40)
Number of L2 Banks:                                        4                   
DDR Bandwidth (MB/s):                                      128000              
Spare shire ID:                                            32                  
Architecture revision:                                     ETSOC1               (0x0)
CM active shire mask:                                      4294967295           (0xffffffff)
Scratchpad base address in format 0:                       2147483648           (0x80000000)
Scratchpad base address in format 1:                       3221225472           (0xc0000000)
Scratchpad base address in format 2:                       18446744073709551615 (0xffffffffffffffff)
Local DDR base address:                                    549848092672         (0x8005801000)
Chiplet DDR base address:                                  549848092672         (0x8005801000)
Interleaved DDR base address:                              18446744073709551615 (0xffffffffffffffff)
Single chiplet DDR size:                                   34265366528         
Address alignment bits:                                    64                  
First shire bit in scratchpad address in format 0:         23                  
Number of shire bits in scratchpad address in format 0:    7                   
Local shire encoding in scratchpad address in format 0:    127                 
First shire bit in scratchpad address in format 1:         6                   
Number of shire bits in scratchpad address in format 1:    5                   
First shire bit in scratchpad address in format 2:         255                 
Number of shire bits in scratchpad address in format 2:    255                 
First chiplet bit in scratchpad address in format 2:       255                 
Number of chiplet bits in scratchpad address in format 2:  255                 
First chiplet bit in chiplet DDR address:                  255                 
Number of chiplet bits in chiplet DDR address:             255                 
First chiplet bit in interleaved chiplet DDR address:      255                 
Number of chiplet bits in interleaved chiplet DDR address: 255                 

device ready in 0.18 s
device held for 3.39 s
LOGGER NOT INITIALIZED:
		ET [DEVICE_LAYER][TH:125580109287040]: 
PCIe target:                                               /dev/et0_ops        
DRAM base:                                                 549848092672         (0x8005801000)
DRAM size (B):                                             34265366528          (0x7fa600000)
DRAM alignment (bits):                                     64                  
MM SQ count:                                               2                    (0x2)
MM VQ Maximum message size (B):                            1056                 (0x420)
P2P compatibility bitmap:                                  0                    (0x0)
PCIBUS device name:                                        0000:02:00.0        
Physical device ID:                                        0                    (0x0)
Form Factor:                                               PCIE                 (0x0)
TDP (W):                                                   65                  
Minion boot frequency (MHz):                               600                 
L3 size (KB):                                              32768                (0x8000)
L2 size (KB):                                              16384                (0x4000)
Scratch pad size (KB):                                     81920                (0x14000)
Cache line size (B):                                       64                   (0x40)
Number of L2 Banks:                                        4                   
DDR Bandwidth (MB/s):                                      128000              
Spare shire ID:                                            32                  
Architecture revision:                                     ETSOC1               (0x0)
CM active shire mask:                                      4294967295           (0xffffffff)
Scratchpad base address in format 0:                       2147483648           (0x80000000)
Scratchpad base address in format 1:                       3221225472           (0xc0000000)
Scratchpad base address in format 2:                       18446744073709551615 (0xffffffffffffffff)
Local DDR base address:                                    549848092672         (0x8005801000)
Chiplet DDR base address:                                  549848092672         (0x8005801000)
Interleaved DDR base address:                              18446744073709551615 (0xffffffffffffffff)
Single chiplet DDR size:                                   34265366528         
Address alignment bits:                                    64                  
First shire bit in scratchpad address in format 0:         23                  
Number of shire bits in scratchpad address in format 0:    7                   
Local shire encoding in scratchpad address in format 0:    127                 
First shire bit in scratchpad address in format 1:         6                   
Number of shire bits in scratchpad address in format 1:    5                   
First shire bit in scratchpad address in format 2:         255                 
Number of shire bits in scratchpad address in format 2:    255                 
First chiplet bit in scratchpad address in format 2:       255                 
Number of chiplet bits in scratchpad address in format 2:  255                 
First chiplet bit in chiplet DDR address:                  255                 
Number of chiplet bits in chiplet DDR address:             255                 
First chiplet bit in interleaved chiplet DDR address:      255                 
Number of chiplet bits in interleaved chiplet DDR address: 255                 

device ready in 0.18 s
device held for 0.52 s
LOGGER NOT INITIALIZED:
		ET [DEVICE_LAYER][TH:130868323430016]: 
PCIe target:                                               /dev/et0_ops        
DRAM base:                                                 549848092672         (0x8005801000)
DRAM size (B):                                             34265366528          (0x7fa600000)
DRAM alignment (bits):                                     64                  
MM SQ count:                                               2                    (0x2)
MM VQ Maximum message size (B):                            1056                 (0x420)
P2P compatibility bitmap:                                  0                    (0x0)
PCIBUS device name:                                        0000:02:00.0        
Physical device ID:                                        0                    (0x0)
Form Factor:                                               PCIE                 (0x0)
TDP (W):                                                   65                  
Minion boot frequency (MHz):                               600                 
L3 size (KB):                                              32768                (0x8000)
L2 size (KB):                                              16384                (0x4000)
Scratch pad size (KB):                                     81920                (0x14000)
Cache line size (B):                                       64                   (0x40)
Number of L2 Banks:                                        4                   
DDR Bandwidth (MB/s):                                      128000              
Spare shire ID:                                            32                  
Architecture revision:                                     ETSOC1               (0x0)
CM active shire mask:                                      4294967295           (0xffffffff)
Scratchpad base address in format 0:                       2147483648           (0x80000000)
Scratchpad base address in format 1:                       3221225472           (0xc0000000)
Scratchpad base address in format 2:                       18446744073709551615 (0xffffffffffffffff)
Local DDR base address:                                    549848092672         (0x8005801000)
Chiplet DDR base address:                                  549848092672         (0x8005801000)
Interleaved DDR base address:                              18446744073709551615 (0xffffffffffffffff)
Single chiplet DDR size:                                   34265366528         
Address alignment bits:                                    64                  
First shire bit in scratchpad address in format 0:         23                  
Number of shire bits in scratchpad address in format 0:    7                   
Local shire encoding in scratchpad address in format 0:    127                 
First shire bit in scratchpad address in format 1:         6                   
Number of shire bits in scratchpad address in format 1:    5                   
First shire bit in scratchpad address in format 2:         255                 
Number of shire bits in scratchpad address in format 2:    255                 
First chiplet bit in scratchpad address in format 2:       255                 
Number of chiplet bits in scratchpad address in format 2:  255                 
First chiplet bit in chiplet DDR address:                  255                 
Number of chiplet bits in chiplet DDR address:             255                 
First chiplet bit in interleaved chiplet DDR address:      255                 
Number of chiplet bits in interleaved chiplet DDR address: 255                 

device ready in 0.18 s
device held for 3.39 s
LOGGER NOT INITIALIZED:
		ET [DEVICE_LAYER][TH:135525366959744]: 
PCIe target:                                               /dev/et0_ops        
DRAM base:                                                 549848092672         (0x8005801000)
DRAM size (B):                                             34265366528          (0x7fa600000)
DRAM alignment (bits):                                     64                  
MM SQ count:                                               2                    (0x2)
MM VQ Maximum message size (B):                            1056                 (0x420)
P2P compatibility bitmap:                                  0                    (0x0)
PCIBUS device name:                                        0000:02:00.0        
Physical device ID:                                        0                    (0x0)
Form Factor:                                               PCIE                 (0x0)
TDP (W):                                                   65                  
Minion boot frequency (MHz):                               600                 
L3 size (KB):                                              32768                (0x8000)
L2 size (KB):                                              16384                (0x4000)
Scratch pad size (KB):                                     81920                (0x14000)
Cache line size (B):                                       64                   (0x40)
Number of L2 Banks:                                        4                   
DDR Bandwidth (MB/s):                                      128000              
Spare shire ID:                                            32                  
Architecture revision:                                     ETSOC1               (0x0)
CM active shire mask:                                      4294967295           (0xffffffff)
Scratchpad base address in format 0:                       2147483648           (0x80000000)
Scratchpad base address in format 1:                       3221225472           (0xc0000000)
Scratchpad base address in format 2:                       18446744073709551615 (0xffffffffffffffff)
Local DDR base address:                                    549848092672         (0x8005801000)
Chiplet DDR base address:                                  549848092672         (0x8005801000)
Interleaved DDR base address:                              18446744073709551615 (0xffffffffffffffff)
Single chiplet DDR size:                                   34265366528         
Address alignment bits:                                    64                  
First shire bit in scratchpad address in format 0:         23                  
Number of shire bits in scratchpad address in format 0:    7                   
Local shire encoding in scratchpad address in format 0:    127                 
First shire bit in scratchpad address in format 1:         6                   
Number of shire bits in scratchpad address in format 1:    5                   
First shire bit in scratchpad address in format 2:         255                 
Number of shire bits in scratchpad address in format 2:    255                 
First chiplet bit in scratchpad address in format 2:       255                 
Number of chiplet bits in scratchpad address in format 2:  255                 
First chiplet bit in chiplet DDR address:                  255                 
Number of chiplet bits in chiplet DDR address:             255                 
First chiplet bit in interleaved chiplet DDR address:      255                 
Number of chiplet bits in interleaved chiplet DDR address: 255                 

device ready in 0.18 s
device held for 0.52 s
LOGGER NOT INITIALIZED:
		ET [DEVICE_LAYER][TH:133937864515200]: 
PCIe target:                                               /dev/et0_ops        
DRAM base:                                                 549848092672         (0x8005801000)
DRAM size (B):                                             34265366528          (0x7fa600000)
DRAM alignment (bits):                                     64                  
MM SQ count:                                               2                    (0x2)
MM VQ Maximum message size (B):                            1056                 (0x420)
P2P compatibility bitmap:                                  0                    (0x0)
PCIBUS device name:                                        0000:02:00.0        
Physical device ID:                                        0                    (0x0)
Form Factor:                                               PCIE                 (0x0)
TDP (W):                                                   65                  
Minion boot frequency (MHz):                               600                 
L3 size (KB):                                              32768                (0x8000)
L2 size (KB):                                              16384                (0x4000)
Scratch pad size (KB):                                     81920                (0x14000)
Cache line size (B):                                       64                   (0x40)
Number of L2 Banks:                                        4                   
DDR Bandwidth (MB/s):                                      128000              
Spare shire ID:                                            32                  
Architecture revision:                                     ETSOC1               (0x0)
CM active shire mask:                                      4294967295           (0xffffffff)
Scratchpad base address in format 0:                       2147483648           (0x80000000)
Scratchpad base address in format 1:                       3221225472           (0xc0000000)
Scratchpad base address in format 2:                       18446744073709551615 (0xffffffffffffffff)
Local DDR base address:                                    549848092672         (0x8005801000)
Chiplet DDR base address:                                  549848092672         (0x8005801000)
Interleaved DDR base address:                              18446744073709551615 (0xffffffffffffffff)
Single chiplet DDR size:                                   34265366528         
Address alignment bits:                                    64                  
First shire bit in scratchpad address in format 0:         23                  
Number of shire bits in scratchpad address in format 0:    7                   
Local shire encoding in scratchpad address in format 0:    127                 
First shire bit in scratchpad address in format 1:         6                   
Number of shire bits in scratchpad address in format 1:    5                   
First shire bit in scratchpad address in format 2:         255                 
Number of shire bits in scratchpad address in format 2:    255                 
First chiplet bit in scratchpad address in format 2:       255                 
Number of chiplet bits in scratchpad address in format 2:  255                 
First chiplet bit in chiplet DDR address:                  255                 
Number of chiplet bits in chiplet DDR address:             255                 
First chiplet bit in interleaved chiplet DDR address:      255                 
Number of chiplet bits in interleaved chiplet DDR address: 255                 

device ready in 0.18 s
device held for 3.40 s
LOGGER NOT INITIALIZED:
		ET [DEVICE_LAYER][TH:138045660270208]: 
PCIe target:                                               /dev/et0_ops        
DRAM base:                                                 549848092672         (0x8005801000)
DRAM size (B):                                             34265366528          (0x7fa600000)
DRAM alignment (bits):                                     64                  
MM SQ count:                                               2                    (0x2)
MM VQ Maximum message size (B):                            1056                 (0x420)
P2P compatibility bitmap:                                  0                    (0x0)
PCIBUS device name:                                        0000:02:00.0        
Physical device ID:                                        0                    (0x0)
Form Factor:                                               PCIE                 (0x0)
TDP (W):                                                   65                  
Minion boot frequency (MHz):                               600                 
L3 size (KB):                                              32768                (0x8000)
L2 size (KB):                                              16384                (0x4000)
Scratch pad size (KB):                                     81920                (0x14000)
Cache line size (B):                                       64                   (0x40)
Number of L2 Banks:                                        4                   
DDR Bandwidth (MB/s):                                      128000              
Spare shire ID:                                            32                  
Architecture revision:                                     ETSOC1               (0x0)
CM active shire mask:                                      4294967295           (0xffffffff)
Scratchpad base address in format 0:                       2147483648           (0x80000000)
Scratchpad base address in format 1:                       3221225472           (0xc0000000)
Scratchpad base address in format 2:                       18446744073709551615 (0xffffffffffffffff)
Local DDR base address:                                    549848092672         (0x8005801000)
Chiplet DDR base address:                                  549848092672         (0x8005801000)
Interleaved DDR base address:                              18446744073709551615 (0xffffffffffffffff)
Single chiplet DDR size:                                   34265366528         
Address alignment bits:                                    64                  
First shire bit in scratchpad address in format 0:         23                  
Number of shire bits in scratchpad address in format 0:    7                   
Local shire encoding in scratchpad address in format 0:    127                 
First shire bit in scratchpad address in format 1:         6                   
Number of shire bits in scratchpad address in format 1:    5                   
First shire bit in scratchpad address in format 2:         255                 
Number of shire bits in scratchpad address in format 2:    255                 
First chiplet bit in scratchpad address in format 2:       255                 
Number of chiplet bits in scratchpad address in format 2:  255                 
First chiplet bit in chiplet DDR address:                  255                 
Number of chiplet bits in chiplet DDR address:             255                 
First chiplet bit in interleaved chiplet DDR address:      255                 
Number of chiplet bits in interleaved chiplet DDR address: 255                 

device ready in 0.18 s
device held for 0.52 s
LOGGER NOT INITIALIZED:
		ET [DEVICE_LAYER][TH:138533114052224]: 
PCIe target:                                               /dev/et0_ops        
DRAM base:                                                 549848092672         (0x8005801000)
DRAM size (B):                                             34265366528          (0x7fa600000)
DRAM alignment (bits):                                     64                  
MM SQ count:                                               2                    (0x2)
MM VQ Maximum message size (B):                            1056                 (0x420)
P2P compatibility bitmap:                                  0                    (0x0)
PCIBUS device name:                                        0000:02:00.0        
Physical device ID:                                        0                    (0x0)
Form Factor:                                               PCIE                 (0x0)
TDP (W):                                                   65                  
Minion boot frequency (MHz):                               600                 
L3 size (KB):                                              32768                (0x8000)
L2 size (KB):                                              16384                (0x4000)
Scratch pad size (KB):                                     81920                (0x14000)
Cache line size (B):                                       64                   (0x40)
Number of L2 Banks:                                        4                   
DDR Bandwidth (MB/s):                                      128000              
Spare shire ID:                                            32                  
Architecture revision:                                     ETSOC1               (0x0)
CM active shire mask:                                      4294967295           (0xffffffff)
Scratchpad base address in format 0:                       2147483648           (0x80000000)
Scratchpad base address in format 1:                       3221225472           (0xc0000000)
Scratchpad base address in format 2:                       18446744073709551615 (0xffffffffffffffff)
Local DDR base address:                                    549848092672         (0x8005801000)
Chiplet DDR base address:                                  549848092672         (0x8005801000)
Interleaved DDR base address:                              18446744073709551615 (0xffffffffffffffff)
Single chiplet DDR size:                                   34265366528         
Address alignment bits:                                    64                  
First shire bit in scratchpad address in format 0:         23                  
Number of shire bits in scratchpad address in format 0:    7                   
Local shire encoding in scratchpad address in format 0:    127                 
First shire bit in scratchpad address in format 1:         6                   
Number of shire bits in scratchpad address in format 1:    5                   
First shire bit in scratchpad address in format 2:         255                 
Number of shire bits in scratchpad address in format 2:    255                 
First chiplet bit in scratchpad address in format 2:       255                 
Number of chiplet bits in scratchpad address in format 2:  255                 
First chiplet bit in chiplet DDR address:                  255                 
Number of chiplet bits in chiplet DDR address:             255                 
First chiplet bit in interleaved chiplet DDR address:      255                 
Number of chiplet bits in interleaved chiplet DDR address: 255                 

device ready in 0.18 s
device held for 3.39 s
LOGGER NOT INITIALIZED:
		ET [DEVICE_LAYER][TH:136089569414784]: 
PCIe target:                                               /dev/et0_ops        
DRAM base:                                                 549848092672         (0x8005801000)
DRAM size (B):                                             34265366528          (0x7fa600000)
DRAM alignment (bits):                                     64                  
MM SQ count:                                               2                    (0x2)
MM VQ Maximum message size (B):                            1056                 (0x420)
P2P compatibility bitmap:                                  0                    (0x0)
PCIBUS device name:                                        0000:02:00.0        
Physical device ID:                                        0                    (0x0)
Form Factor:                                               PCIE                 (0x0)
TDP (W):                                                   65                  
Minion boot frequency (MHz):                               600                 
L3 size (KB):                                              32768                (0x8000)
L2 size (KB):                                              16384                (0x4000)
Scratch pad size (KB):                                     81920                (0x14000)
Cache line size (B):                                       64                   (0x40)
Number of L2 Banks:                                        4                   
DDR Bandwidth (MB/s):                                      128000              
Spare shire ID:                                            32                  
Architecture revision:                                     ETSOC1               (0x0)
CM active shire mask:                                      4294967295           (0xffffffff)
Scratchpad base address in format 0:                       2147483648           (0x80000000)
Scratchpad base address in format 1:                       3221225472           (0xc0000000)
Scratchpad base address in format 2:                       18446744073709551615 (0xffffffffffffffff)
Local DDR base address:                                    549848092672         (0x8005801000)
Chiplet DDR base address:                                  549848092672         (0x8005801000)
Interleaved DDR base address:                              18446744073709551615 (0xffffffffffffffff)
Single chiplet DDR size:                                   34265366528         
Address alignment bits:                                    64                  
First shire bit in scratchpad address in format 0:         23                  
Number of shire bits in scratchpad address in format 0:    7                   
Local shire encoding in scratchpad address in format 0:    127                 
First shire bit in scratchpad address in format 1:         6                   
Number of shire bits in scratchpad address in format 1:    5                   
First shire bit in scratchpad address in format 2:         255                 
Number of shire bits in scratchpad address in format 2:    255                 
First chiplet bit in scratchpad address in format 2:       255                 
Number of chiplet bits in scratchpad address in format 2:  255                 
First chiplet bit in chiplet DDR address:                  255                 
Number of chiplet bits in chiplet DDR address:             255                 
First chiplet bit in interleaved chiplet DDR address:      255                 
Number of chiplet bits in interleaved chiplet DDR address: 255                 

device ready in 0.18 s
device held for 0.55 s
LOGGER NOT INITIALIZED:
		ET [DEVICE_LAYER][TH:134725421985408]: 
PCIe target:                                               /dev/et0_ops        
DRAM base:                                                 549848092672         (0x8005801000)
DRAM size (B):                                             34265366528          (0x7fa600000)
DRAM alignment (bits):                                     64                  
MM SQ count:                                               2                    (0x2)
MM VQ Maximum message size (B):                            1056                 (0x420)
P2P compatibility bitmap:                                  0                    (0x0)
PCIBUS device name:                                        0000:02:00.0        
Physical device ID:                                        0                    (0x0)
Form Factor:                                               PCIE                 (0x0)
TDP (W):                                                   65                  
Minion boot frequency (MHz):                               600                 
L3 size (KB):                                              32768                (0x8000)
L2 size (KB):                                              16384                (0x4000)
Scratch pad size (KB):                                     81920                (0x14000)
Cache line size (B):                                       64                   (0x40)
Number of L2 Banks:                                        4                   
DDR Bandwidth (MB/s):                                      128000              
Spare shire ID:                                            32                  
Architecture revision:                                     ETSOC1               (0x0)
CM active shire mask:                                      4294967295           (0xffffffff)
Scratchpad base address in format 0:                       2147483648           (0x80000000)
Scratchpad base address in format 1:                       3221225472           (0xc0000000)
Scratchpad base address in format 2:                       18446744073709551615 (0xffffffffffffffff)
Local DDR base address:                                    549848092672         (0x8005801000)
Chiplet DDR base address:                                  549848092672         (0x8005801000)
Interleaved DDR base address:                              18446744073709551615 (0xffffffffffffffff)
Single chiplet DDR size:                                   34265366528         
Address alignment bits:                                    64                  
First shire bit in scratchpad address in format 0:         23                  
Number of shire bits in scratchpad address in format 0:    7                   
Local shire encoding in scratchpad address in format 0:    127                 
First shire bit in scratchpad address in format 1:         6                   
Number of shire bits in scratchpad address in format 1:    5                   
First shire bit in scratchpad address in format 2:         255                 
Number of shire bits in scratchpad address in format 2:    255                 
First chiplet bit in scratchpad address in format 2:       255                 
Number of chiplet bits in scratchpad address in format 2:  255                 
First chiplet bit in chiplet DDR address:                  255                 
Number of chiplet bits in chiplet DDR address:             255                 
First chiplet bit in interleaved chiplet DDR address:      255                 
Number of chiplet bits in interleaved chiplet DDR address: 255                 

device ready in 0.18 s
device held for 3.39 s
LOGGER NOT INITIALIZED:
		ET [DEVICE_LAYER][TH:139040733671040]: 
PCIe target:                                               /dev/et0_ops        
DRAM base:                                                 549848092672         (0x8005801000)
DRAM size (B):                                             34265366528          (0x7fa600000)
DRAM alignment (bits):                                     64                  
MM SQ count:                                               2                    (0x2)
MM VQ Maximum message size (B):                            1056                 (0x420)
P2P compatibility bitmap:                                  0                    (0x0)
PCIBUS device name:                                        0000:02:00.0        
Physical device ID:                                        0                    (0x0)
Form Factor:                                               PCIE                 (0x0)
TDP (W):                                                   65                  
Minion boot frequency (MHz):                               600                 
L3 size (KB):                                              32768                (0x8000)
L2 size (KB):                                              16384                (0x4000)
Scratch pad size (KB):                                     81920                (0x14000)
Cache line size (B):                                       64                   (0x40)
Number of L2 Banks:                                        4                   
DDR Bandwidth (MB/s):                                      128000              
Spare shire ID:                                            32                  
Architecture revision:                                     ETSOC1               (0x0)
CM active shire mask:                                      4294967295           (0xffffffff)
Scratchpad base address in format 0:                       2147483648           (0x80000000)
Scratchpad base address in format 1:                       3221225472           (0xc0000000)
Scratchpad base address in format 2:                       18446744073709551615 (0xffffffffffffffff)
Local DDR base address:                                    549848092672         (0x8005801000)
Chiplet DDR base address:                                  549848092672         (0x8005801000)
Interleaved DDR base address:                              18446744073709551615 (0xffffffffffffffff)
Single chiplet DDR size:                                   34265366528         
Address alignment bits:                                    64                  
First shire bit in scratchpad address in format 0:         23                  
Number of shire bits in scratchpad address in format 0:    7                   
Local shire encoding in scratchpad address in format 0:    127                 
First shire bit in scratchpad address in format 1:         6                   
Number of shire bits in scratchpad address in format 1:    5                   
First shire bit in scratchpad address in format 2:         255                 
Number of shire bits in scratchpad address in format 2:    255                 
First chiplet bit in scratchpad address in format 2:       255                 
Number of chiplet bits in scratchpad address in format 2:  255                 
First chiplet bit in chiplet DDR address:                  255                 
Number of chiplet bits in chiplet DDR address:             255                 
First chiplet bit in interleaved chiplet DDR address:      255                 
Number of chiplet bits in interleaved chiplet DDR address: 255                 

device ready in 0.18 s
device held for 0.55 s
LOGGER NOT INITIALIZED:
		ET [DEVICE_LAYER][TH:124800063110784]: 
PCIe target:                                               /dev/et0_ops        
DRAM base:                                                 549848092672         (0x8005801000)
DRAM size (B):                                             34265366528          (0x7fa600000)
DRAM alignment (bits):                                     64                  
MM SQ count:                                               2                    (0x2)
MM VQ Maximum message size (B):                            1056                 (0x420)
P2P compatibility bitmap:                                  0                    (0x0)
PCIBUS device name:                                        0000:02:00.0        
Physical device ID:                                        0                    (0x0)
Form Factor:                                               PCIE                 (0x0)
TDP (W):                                                   65                  
Minion boot frequency (MHz):                               600                 
L3 size (KB):                                              32768                (0x8000)
L2 size (KB):                                              16384                (0x4000)
Scratch pad size (KB):                                     81920                (0x14000)
Cache line size (B):                                       64                   (0x40)
Number of L2 Banks:                                        4                   
DDR Bandwidth (MB/s):                                      128000              
Spare shire ID:                                            32                  
Architecture revision:                                     ETSOC1               (0x0)
CM active shire mask:                                      4294967295           (0xffffffff)
Scratchpad base address in format 0:                       2147483648           (0x80000000)
Scratchpad base address in format 1:                       3221225472           (0xc0000000)
Scratchpad base address in format 2:                       18446744073709551615 (0xffffffffffffffff)
Local DDR base address:                                    549848092672         (0x8005801000)
Chiplet DDR base address:                                  549848092672         (0x8005801000)
Interleaved DDR base address:                              18446744073709551615 (0xffffffffffffffff)
Single chiplet DDR size:                                   34265366528         
Address alignment bits:                                    64                  
First shire bit in scratchpad address in format 0:         23                  
Number of shire bits in scratchpad address in format 0:    7                   
Local shire encoding in scratchpad address in format 0:    127                 
First shire bit in scratchpad address in format 1:         6                   
Number of shire bits in scratchpad address in format 1:    5                   
First shire bit in scratchpad address in format 2:         255                 
Number of shire bits in scratchpad address in format 2:    255                 
First chiplet bit in scratchpad address in format 2:       255                 
Number of chiplet bits in scratchpad address in format 2:  255                 
First chiplet bit in chiplet DDR address:                  255                 
Number of chiplet bits in chiplet DDR address:             255                 
First chiplet bit in interleaved chiplet DDR address:      255                 
Number of chiplet bits in interleaved chiplet DDR address: 255                 

device ready in 0.18 s
device held for 3.39 s
LOGGER NOT INITIALIZED:
		ET [DEVICE_LAYER][TH:128447664422528]: 
PCIe target:                                               /dev/et0_ops        
DRAM base:                                                 549848092672         (0x8005801000)
DRAM size (B):                                             34265366528          (0x7fa600000)
DRAM alignment (bits):                                     64                  
MM SQ count:                                               2                    (0x2)
MM VQ Maximum message size (B):                            1056                 (0x420)
P2P compatibility bitmap:                                  0                    (0x0)
PCIBUS device name:                                        0000:02:00.0        
Physical device ID:                                        0                    (0x0)
Form Factor:                                               PCIE                 (0x0)
TDP (W):                                                   65                  
Minion boot frequency (MHz):                               600                 
L3 size (KB):                                              32768                (0x8000)
L2 size (KB):                                              16384                (0x4000)
Scratch pad size (KB):                                     81920                (0x14000)
Cache line size (B):                                       64                   (0x40)
Number of L2 Banks:                                        4                   
DDR Bandwidth (MB/s):                                      128000              
Spare shire ID:                                            32                  
Architecture revision:                                     ETSOC1               (0x0)
CM active shire mask:                                      4294967295           (0xffffffff)
Scratchpad base address in format 0:                       2147483648           (0x80000000)
Scratchpad base address in format 1:                       3221225472           (0xc0000000)
Scratchpad base address in format 2:                       18446744073709551615 (0xffffffffffffffff)
Local DDR base address:                                    549848092672         (0x8005801000)
Chiplet DDR base address:                                  549848092672         (0x8005801000)
Interleaved DDR base address:                              18446744073709551615 (0xffffffffffffffff)
Single chiplet DDR size:                                   34265366528         
Address alignment bits:                                    64                  
First shire bit in scratchpad address in format 0:         23                  
Number of shire bits in scratchpad address in format 0:    7                   
Local shire encoding in scratchpad address in format 0:    127                 
First shire bit in scratchpad address in format 1:         6                   
Number of shire bits in scratchpad address in format 1:    5                   
First shire bit in scratchpad address in format 2:         255                 
Number of shire bits in scratchpad address in format 2:    255                 
First chiplet bit in scratchpad address in format 2:       255                 
Number of chiplet bits in scratchpad address in format 2:  255                 
First chiplet bit in chiplet DDR address:                  255                 
Number of chiplet bits in chiplet DDR address:             255                 
First chiplet bit in interleaved chiplet DDR address:      255                 
Number of chiplet bits in interleaved chiplet DDR address: 255                 

device ready in 0.18 s
device held for 0.55 s
LOGGER NOT INITIALIZED:
		ET [DEVICE_LAYER][TH:130448387341952]: 
PCIe target:                                               /dev/et0_ops        
DRAM base:                                                 549848092672         (0x8005801000)
DRAM size (B):                                             34265366528          (0x7fa600000)
DRAM alignment (bits):                                     64                  
MM SQ count:                                               2                    (0x2)
MM VQ Maximum message size (B):                            1056                 (0x420)
P2P compatibility bitmap:                                  0                    (0x0)
PCIBUS device name:                                        0000:02:00.0        
Physical device ID:                                        0                    (0x0)
Form Factor:                                               PCIE                 (0x0)
TDP (W):                                                   65                  
Minion boot frequency (MHz):                               600                 
L3 size (KB):                                              32768                (0x8000)
L2 size (KB):                                              16384                (0x4000)
Scratch pad size (KB):                                     81920                (0x14000)
Cache line size (B):                                       64                   (0x40)
Number of L2 Banks:                                        4                   
DDR Bandwidth (MB/s):                                      128000              
Spare shire ID:                                            32                  
Architecture revision:                                     ETSOC1               (0x0)
CM active shire mask:                                      4294967295           (0xffffffff)
Scratchpad base address in format 0:                       2147483648           (0x80000000)
Scratchpad base address in format 1:                       3221225472           (0xc0000000)
Scratchpad base address in format 2:                       18446744073709551615 (0xffffffffffffffff)
Local DDR base address:                                    549848092672         (0x8005801000)
Chiplet DDR base address:                                  549848092672         (0x8005801000)
Interleaved DDR base address:                              18446744073709551615 (0xffffffffffffffff)
Single chiplet DDR size:                                   34265366528         
Address alignment bits:                                    64                  
First shire bit in scratchpad address in format 0:         23                  
Number of shire bits in scratchpad address in format 0:    7                   
Local shire encoding in scratchpad address in format 0:    127                 
First shire bit in scratchpad address in format 1:         6                   
Number of shire bits in scratchpad address in format 1:    5                   
First shire bit in scratchpad address in format 2:         255                 
Number of shire bits in scratchpad address in format 2:    255                 
First chiplet bit in scratchpad address in format 2:       255                 
Number of chiplet bits in scratchpad address in format 2:  255                 
First chiplet bit in chiplet DDR address:                  255                 
Number of chiplet bits in chiplet DDR address:             255                 
First chiplet bit in interleaved chiplet DDR address:      255                 
Number of chiplet bits in interleaved chiplet DDR address: 255                 

device ready in 0.18 s
device held for 3.40 s
LOGGER NOT INITIALIZED:
		ET [DEVICE_LAYER][TH:137262099107456]: 
PCIe target:                                               /dev/et0_ops        
DRAM base:                                                 549848092672         (0x8005801000)
DRAM size (B):                                             34265366528          (0x7fa600000)
DRAM alignment (bits):                                     64                  
MM SQ count:                                               2                    (0x2)
MM VQ Maximum message size (B):                            1056                 (0x420)
P2P compatibility bitmap:                                  0                    (0x0)
PCIBUS device name:                                        0000:02:00.0        
Physical device ID:                                        0                    (0x0)
Form Factor:                                               PCIE                 (0x0)
TDP (W):                                                   65                  
Minion boot frequency (MHz):                               600                 
L3 size (KB):                                              32768                (0x8000)
L2 size (KB):                                              16384                (0x4000)
Scratch pad size (KB):                                     81920                (0x14000)
Cache line size (B):                                       64                   (0x40)
Number of L2 Banks:                                        4                   
DDR Bandwidth (MB/s):                                      128000              
Spare shire ID:                                            32                  
Architecture revision:                                     ETSOC1               (0x0)
CM active shire mask:                                      4294967295           (0xffffffff)
Scratchpad base address in format 0:                       2147483648           (0x80000000)
Scratchpad base address in format 1:                       3221225472           (0xc0000000)
Scratchpad base address in format 2:                       18446744073709551615 (0xffffffffffffffff)
Local DDR base address:                                    549848092672         (0x8005801000)
Chiplet DDR base address:                                  549848092672         (0x8005801000)
Interleaved DDR base address:                              18446744073709551615 (0xffffffffffffffff)
Single chiplet DDR size:                                   34265366528         
Address alignment bits:                                    64                  
First shire bit in scratchpad address in format 0:         23                  
Number of shire bits in scratchpad address in format 0:    7                   
Local shire encoding in scratchpad address in format 0:    127                 
First shire bit in scratchpad address in format 1:         6                   
Number of shire bits in scratchpad address in format 1:    5                   
First shire bit in scratchpad address in format 2:         255                 
Number of shire bits in scratchpad address in format 2:    255                 
First chiplet bit in scratchpad address in format 2:       255                 
Number of chiplet bits in scratchpad address in format 2:  255                 
First chiplet bit in chiplet DDR address:                  255                 
Number of chiplet bits in chiplet DDR address:             255                 
First chiplet bit in interleaved chiplet DDR address:      255                 
Number of chiplet bits in interleaved chiplet DDR address: 255                 

device ready in 0.18 s
device held for 0.52 s
LOGGER NOT INITIALIZED:
		ET [DEVICE_LAYER][TH:138447820664448]: 
PCIe target:                                               /dev/et0_ops        
DRAM base:                                                 549848092672         (0x8005801000)
DRAM size (B):                                             34265366528          (0x7fa600000)
DRAM alignment (bits):                                     64                  
MM SQ count:                                               2                    (0x2)
MM VQ Maximum message size (B):                            1056                 (0x420)
P2P compatibility bitmap:                                  0                    (0x0)
PCIBUS device name:                                        0000:02:00.0        
Physical device ID:                                        0                    (0x0)
Form Factor:                                               PCIE                 (0x0)
TDP (W):                                                   65                  
Minion boot frequency (MHz):                               600                 
L3 size (KB):                                              32768                (0x8000)
L2 size (KB):                                              16384                (0x4000)
Scratch pad size (KB):                                     81920                (0x14000)
Cache line size (B):                                       64                   (0x40)
Number of L2 Banks:                                        4                   
DDR Bandwidth (MB/s):                                      128000              
Spare shire ID:                                            32                  
Architecture revision:                                     ETSOC1               (0x0)
CM active shire mask:                                      4294967295           (0xffffffff)
Scratchpad base address in format 0:                       2147483648           (0x80000000)
Scratchpad base address in format 1:                       3221225472           (0xc0000000)
Scratchpad base address in format 2:                       18446744073709551615 (0xffffffffffffffff)
Local DDR base address:                                    549848092672         (0x8005801000)
Chiplet DDR base address:                                  549848092672         (0x8005801000)
Interleaved DDR base address:                              18446744073709551615 (0xffffffffffffffff)
Single chiplet DDR size:                                   34265366528         
Address alignment bits:                                    64                  
First shire bit in scratchpad address in format 0:         23                  
Number of shire bits in scratchpad address in format 0:    7                   
Local shire encoding in scratchpad address in format 0:    127                 
First shire bit in scratchpad address in format 1:         6                   
Number of shire bits in scratchpad address in format 1:    5                   
First shire bit in scratchpad address in format 2:         255                 
Number of shire bits in scratchpad address in format 2:    255                 
First chiplet bit in scratchpad address in format 2:       255                 
Number of chiplet bits in scratchpad address in format 2:  255                 
First chiplet bit in chiplet DDR address:                  255                 
Number of chiplet bits in chiplet DDR address:             255                 
First chiplet bit in interleaved chiplet DDR address:      255                 
Number of chiplet bits in interleaved chiplet DDR address: 255                 

device ready in 0.18 s
device held for 3.47 s
LOGGER NOT INITIALIZED:
		ET [DEVICE_LAYER][TH:126914495401600]: 
PCIe target:                                               /dev/et0_ops        
DRAM base:                                                 549848092672         (0x8005801000)
DRAM size (B):                                             34265366528          (0x7fa600000)
DRAM alignment (bits):                                     64                  
MM SQ count:                                               2                    (0x2)
MM VQ Maximum message size (B):                            1056                 (0x420)
P2P compatibility bitmap:                                  0                    (0x0)
PCIBUS device name:                                        0000:02:00.0        
Physical device ID:                                        0                    (0x0)
Form Factor:                                               PCIE                 (0x0)
TDP (W):                                                   65                  
Minion boot frequency (MHz):                               600                 
L3 size (KB):                                              32768                (0x8000)
L2 size (KB):                                              16384                (0x4000)
Scratch pad size (KB):                                     81920                (0x14000)
Cache line size (B):                                       64                   (0x40)
Number of L2 Banks:                                        4                   
DDR Bandwidth (MB/s):                                      128000              
Spare shire ID:                                            32                  
Architecture revision:                                     ETSOC1               (0x0)
CM active shire mask:                                      4294967295           (0xffffffff)
Scratchpad base address in format 0:                       2147483648           (0x80000000)
Scratchpad base address in format 1:                       3221225472           (0xc0000000)
Scratchpad base address in format 2:                       18446744073709551615 (0xffffffffffffffff)
Local DDR base address:                                    549848092672         (0x8005801000)
Chiplet DDR base address:                                  549848092672         (0x8005801000)
Interleaved DDR base address:                              18446744073709551615 (0xffffffffffffffff)
Single chiplet DDR size:                                   34265366528         
Address alignment bits:                                    64                  
First shire bit in scratchpad address in format 0:         23                  
Number of shire bits in scratchpad address in format 0:    7                   
Local shire encoding in scratchpad address in format 0:    127                 
First shire bit in scratchpad address in format 1:         6                   
Number of shire bits in scratchpad address in format 1:    5                   
First shire bit in scratchpad address in format 2:         255                 
Number of shire bits in scratchpad address in format 2:    255                 
First chiplet bit in scratchpad address in format 2:       255                 
Number of chiplet bits in scratchpad address in format 2:  255                 
First chiplet bit in chiplet DDR address:                  255                 
Number of chiplet bits in chiplet DDR address:             255                 
First chiplet bit in interleaved chiplet DDR address:      255                 
Number of chiplet bits in interleaved chiplet DDR address: 255                 

device ready in 0.18 s
device held for 0.52 s
LOGGER NOT INITIALIZED:
		ET [DEVICE_LAYER][TH:131844201373312]: 
PCIe target:                                               /dev/et0_ops        
DRAM base:                                                 549848092672         (0x8005801000)
DRAM size (B):                                             34265366528          (0x7fa600000)
DRAM alignment (bits):                                     64                  
MM SQ count:                                               2                    (0x2)
MM VQ Maximum message size (B):                            1056                 (0x420)
P2P compatibility bitmap:                                  0                    (0x0)
PCIBUS device name:                                        0000:02:00.0        
Physical device ID:                                        0                    (0x0)
Form Factor:                                               PCIE                 (0x0)
TDP (W):                                                   65                  
Minion boot frequency (MHz):                               600                 
L3 size (KB):                                              32768                (0x8000)
L2 size (KB):                                              16384                (0x4000)
Scratch pad size (KB):                                     81920                (0x14000)
Cache line size (B):                                       64                   (0x40)
Number of L2 Banks:                                        4                   
DDR Bandwidth (MB/s):                                      128000              
Spare shire ID:                                            32                  
Architecture revision:                                     ETSOC1               (0x0)
CM active shire mask:                                      4294967295           (0xffffffff)
Scratchpad base address in format 0:                       2147483648           (0x80000000)
Scratchpad base address in format 1:                       3221225472           (0xc0000000)
Scratchpad base address in format 2:                       18446744073709551615 (0xffffffffffffffff)
Local DDR base address:                                    549848092672         (0x8005801000)
Chiplet DDR base address:                                  549848092672         (0x8005801000)
Interleaved DDR base address:                              18446744073709551615 (0xffffffffffffffff)
Single chiplet DDR size:                                   34265366528         
Address alignment bits:                                    64                  
First shire bit in scratchpad address in format 0:         23                  
Number of shire bits in scratchpad address in format 0:    7                   
Local shire encoding in scratchpad address in format 0:    127                 
First shire bit in scratchpad address in format 1:         6                   
Number of shire bits in scratchpad address in format 1:    5                   
First shire bit in scratchpad address in format 2:         255                 
Number of shire bits in scratchpad address in format 2:    255                 
First chiplet bit in scratchpad address in format 2:       255                 
Number of chiplet bits in scratchpad address in format 2:  255                 
First chiplet bit in chiplet DDR address:                  255                 
Number of chiplet bits in chiplet DDR address:             255                 
First chiplet bit in interleaved chiplet DDR address:      255                 
Number of chiplet bits in interleaved chiplet DDR address: 255                 

device ready in 0.18 s
device held for 3.39 s
LOGGER NOT INITIALIZED:
		ET [DEVICE_LAYER][TH:126705478483584]: 
PCIe target:                                               /dev/et0_ops        
DRAM base:                                                 549848092672         (0x8005801000)
DRAM size (B):                                             34265366528          (0x7fa600000)
DRAM alignment (bits):                                     64                  
MM SQ count:                                               2                    (0x2)
MM VQ Maximum message size (B):                            1056                 (0x420)
P2P compatibility bitmap:                                  0                    (0x0)
PCIBUS device name:                                        0000:02:00.0        
Physical device ID:                                        0                    (0x0)
Form Factor:                                               PCIE                 (0x0)
TDP (W):                                                   65                  
Minion boot frequency (MHz):                               600                 
L3 size (KB):                                              32768                (0x8000)
L2 size (KB):                                              16384                (0x4000)
Scratch pad size (KB):                                     81920                (0x14000)
Cache line size (B):                                       64                   (0x40)
Number of L2 Banks:                                        4                   
DDR Bandwidth (MB/s):                                      128000              
Spare shire ID:                                            32                  
Architecture revision:                                     ETSOC1               (0x0)
CM active shire mask:                                      4294967295           (0xffffffff)
Scratchpad base address in format 0:                       2147483648           (0x80000000)
Scratchpad base address in format 1:                       3221225472           (0xc0000000)
Scratchpad base address in format 2:                       18446744073709551615 (0xffffffffffffffff)
Local DDR base address:                                    549848092672         (0x8005801000)
Chiplet DDR base address:                                  549848092672         (0x8005801000)
Interleaved DDR base address:                              18446744073709551615 (0xffffffffffffffff)
Single chiplet DDR size:                                   34265366528         
Address alignment bits:                                    64                  
First shire bit in scratchpad address in format 0:         23                  
Number of shire bits in scratchpad address in format 0:    7                   
Local shire encoding in scratchpad address in format 0:    127                 
First shire bit in scratchpad address in format 1:         6                   
Number of shire bits in scratchpad address in format 1:    5                   
First shire bit in scratchpad address in format 2:         255                 
Number of shire bits in scratchpad address in format 2:    255                 
First chiplet bit in scratchpad address in format 2:       255                 
Number of chiplet bits in scratchpad address in format 2:  255                 
First chiplet bit in chiplet DDR address:                  255                 
Number of chiplet bits in chiplet DDR address:             255                 
First chiplet bit in interleaved chiplet DDR address:      255                 
Number of chiplet bits in interleaved chiplet DDR address: 255                 

device ready in 0.18 s
device held for 0.55 s
LOGGER NOT INITIALIZED:
		ET [DEVICE_LAYER][TH:128535733382784]: 
PCIe target:                                               /dev/et0_ops        
DRAM base:                                                 549848092672         (0x8005801000)
DRAM size (B):                                             34265366528          (0x7fa600000)
DRAM alignment (bits):                                     64                  
MM SQ count:                                               2                    (0x2)
MM VQ Maximum message size (B):                            1056                 (0x420)
P2P compatibility bitmap:                                  0                    (0x0)
PCIBUS device name:                                        0000:02:00.0        
Physical device ID:                                        0                    (0x0)
Form Factor:                                               PCIE                 (0x0)
TDP (W):                                                   65                  
Minion boot frequency (MHz):                               600                 
L3 size (KB):                                              32768                (0x8000)
L2 size (KB):                                              16384                (0x4000)
Scratch pad size (KB):                                     81920                (0x14000)
Cache line size (B):                                       64                   (0x40)
Number of L2 Banks:                                        4                   
DDR Bandwidth (MB/s):                                      128000              
Spare shire ID:                                            32                  
Architecture revision:                                     ETSOC1               (0x0)
CM active shire mask:                                      4294967295           (0xffffffff)
Scratchpad base address in format 0:                       2147483648           (0x80000000)
Scratchpad base address in format 1:                       3221225472           (0xc0000000)
Scratchpad base address in format 2:                       18446744073709551615 (0xffffffffffffffff)
Local DDR base address:                                    549848092672         (0x8005801000)
Chiplet DDR base address:                                  549848092672         (0x8005801000)
Interleaved DDR base address:                              18446744073709551615 (0xffffffffffffffff)
Single chiplet DDR size:                                   34265366528         
Address alignment bits:                                    64                  
First shire bit in scratchpad address in format 0:         23                  
Number of shire bits in scratchpad address in format 0:    7                   
Local shire encoding in scratchpad address in format 0:    127                 
First shire bit in scratchpad address in format 1:         6                   
Number of shire bits in scratchpad address in format 1:    5                   
First shire bit in scratchpad address in format 2:         255                 
Number of shire bits in scratchpad address in format 2:    255                 
First chiplet bit in scratchpad address in format 2:       255                 
Number of chiplet bits in scratchpad address in format 2:  255                 
First chiplet bit in chiplet DDR address:                  255                 
Number of chiplet bits in chiplet DDR address:             255                 
First chiplet bit in interleaved chiplet DDR address:      255                 
Number of chiplet bits in interleaved chiplet DDR address: 255                 

device ready in 0.18 s
device held for 3.48 s
LOGGER NOT INITIALIZED:
		ET [DEVICE_LAYER][TH:123521685155456]: 
PCIe target:                                               /dev/et0_ops        
DRAM base:                                                 549848092672         (0x8005801000)
DRAM size (B):                                             34265366528          (0x7fa600000)
DRAM alignment (bits):                                     64                  
MM SQ count:                                               2                    (0x2)
MM VQ Maximum message size (B):                            1056                 (0x420)
P2P compatibility bitmap:                                  0                    (0x0)
PCIBUS device name:                                        0000:02:00.0        
Physical device ID:                                        0                    (0x0)
Form Factor:                                               PCIE                 (0x0)
TDP (W):                                                   65                  
Minion boot frequency (MHz):                               600                 
L3 size (KB):                                              32768                (0x8000)
L2 size (KB):                                              16384                (0x4000)
Scratch pad size (KB):                                     81920                (0x14000)
Cache line size (B):                                       64                   (0x40)
Number of L2 Banks:                                        4                   
DDR Bandwidth (MB/s):                                      128000              
Spare shire ID:                                            32                  
Architecture revision:                                     ETSOC1               (0x0)
CM active shire mask:                                      4294967295           (0xffffffff)
Scratchpad base address in format 0:                       2147483648           (0x80000000)
Scratchpad base address in format 1:                       3221225472           (0xc0000000)
Scratchpad base address in format 2:                       18446744073709551615 (0xffffffffffffffff)
Local DDR base address:                                    549848092672         (0x8005801000)
Chiplet DDR base address:                                  549848092672         (0x8005801000)
Interleaved DDR base address:                              18446744073709551615 (0xffffffffffffffff)
Single chiplet DDR size:                                   34265366528         
Address alignment bits:                                    64                  
First shire bit in scratchpad address in format 0:         23                  
Number of shire bits in scratchpad address in format 0:    7                   
Local shire encoding in scratchpad address in format 0:    127                 
First shire bit in scratchpad address in format 1:         6                   
Number of shire bits in scratchpad address in format 1:    5                   
First shire bit in scratchpad address in format 2:         255                 
Number of shire bits in scratchpad address in format 2:    255                 
First chiplet bit in scratchpad address in format 2:       255                 
Number of chiplet bits in scratchpad address in format 2:  255                 
First chiplet bit in chiplet DDR address:                  255                 
Number of chiplet bits in chiplet DDR address:             255                 
First chiplet bit in interleaved chiplet DDR address:      255                 
Number of chiplet bits in interleaved chiplet DDR address: 255                 

device ready in 0.18 s
device held for 0.52 s
LOGGER NOT INITIALIZED:
		ET [DEVICE_LAYER][TH:129588768906880]: 
PCIe target:                                               /dev/et0_ops        
DRAM base:                                                 549848092672         (0x8005801000)
DRAM size (B):                                             34265366528          (0x7fa600000)
DRAM alignment (bits):                                     64                  
MM SQ count:                                               2                    (0x2)
MM VQ Maximum message size (B):                            1056                 (0x420)
P2P compatibility bitmap:                                  0                    (0x0)
PCIBUS device name:                                        0000:02:00.0        
Physical device ID:                                        0                    (0x0)
Form Factor:                                               PCIE                 (0x0)
TDP (W):                                                   65                  
Minion boot frequency (MHz):                               600                 
L3 size (KB):                                              32768                (0x8000)
L2 size (KB):                                              16384                (0x4000)
Scratch pad size (KB):                                     81920                (0x14000)
Cache line size (B):                                       64                   (0x40)
Number of L2 Banks:                                        4                   
DDR Bandwidth (MB/s):                                      128000              
Spare shire ID:                                            32                  
Architecture revision:                                     ETSOC1               (0x0)
CM active shire mask:                                      4294967295           (0xffffffff)
Scratchpad base address in format 0:                       2147483648           (0x80000000)
Scratchpad base address in format 1:                       3221225472           (0xc0000000)
Scratchpad base address in format 2:                       18446744073709551615 (0xffffffffffffffff)
Local DDR base address:                                    549848092672         (0x8005801000)
Chiplet DDR base address:                                  549848092672         (0x8005801000)
Interleaved DDR base address:                              18446744073709551615 (0xffffffffffffffff)
Single chiplet DDR size:                                   34265366528         
Address alignment bits:                                    64                  
First shire bit in scratchpad address in format 0:         23                  
Number of shire bits in scratchpad address in format 0:    7                   
Local shire encoding in scratchpad address in format 0:    127                 
First shire bit in scratchpad address in format 1:         6                   
Number of shire bits in scratchpad address in format 1:    5                   
First shire bit in scratchpad address in format 2:         255                 
Number of shire bits in scratchpad address in format 2:    255                 
First chiplet bit in scratchpad address in format 2:       255                 
Number of chiplet bits in scratchpad address in format 2:  255                 
First chiplet bit in chiplet DDR address:                  255                 
Number of chiplet bits in chiplet DDR address:             255                 
First chiplet bit in interleaved chiplet DDR address:      255                 
Number of chiplet bits in interleaved chiplet DDR address: 255                 

device ready in 0.18 s
device held for 3.39 s
LOGGER NOT INITIALIZED:
		ET [DEVICE_LAYER][TH:140668352474752]: 
PCIe target:                                               /dev/et0_ops        
DRAM base:                                                 549848092672         (0x8005801000)
DRAM size (B):                                             34265366528          (0x7fa600000)
DRAM alignment (bits):                                     64                  
MM SQ count:                                               2                    (0x2)
MM VQ Maximum message size (B):                            1056                 (0x420)
P2P compatibility bitmap:                                  0                    (0x0)
PCIBUS device name:                                        0000:02:00.0        
Physical device ID:                                        0                    (0x0)
Form Factor:                                               PCIE                 (0x0)
TDP (W):                                                   65                  
Minion boot frequency (MHz):                               600                 
L3 size (KB):                                              32768                (0x8000)
L2 size (KB):                                              16384                (0x4000)
Scratch pad size (KB):                                     81920                (0x14000)
Cache line size (B):                                       64                   (0x40)
Number of L2 Banks:                                        4                   
DDR Bandwidth (MB/s):                                      128000              
Spare shire ID:                                            32                  
Architecture revision:                                     ETSOC1               (0x0)
CM active shire mask:                                      4294967295           (0xffffffff)
Scratchpad base address in format 0:                       2147483648           (0x80000000)
Scratchpad base address in format 1:                       3221225472           (0xc0000000)
Scratchpad base address in format 2:                       18446744073709551615 (0xffffffffffffffff)
Local DDR base address:                                    549848092672         (0x8005801000)
Chiplet DDR base address:                                  549848092672         (0x8005801000)
Interleaved DDR base address:                              18446744073709551615 (0xffffffffffffffff)
Single chiplet DDR size:                                   34265366528         
Address alignment bits:                                    64                  
First shire bit in scratchpad address in format 0:         23                  
Number of shire bits in scratchpad address in format 0:    7                   
Local shire encoding in scratchpad address in format 0:    127                 
First shire bit in scratchpad address in format 1:         6                   
Number of shire bits in scratchpad address in format 1:    5                   
First shire bit in scratchpad address in format 2:         255                 
Number of shire bits in scratchpad address in format 2:    255                 
First chiplet bit in scratchpad address in format 2:       255                 
Number of chiplet bits in scratchpad address in format 2:  255                 
First chiplet bit in chiplet DDR address:                  255                 
Number of chiplet bits in chiplet DDR address:             255                 
First chiplet bit in interleaved chiplet DDR address:      255                 
Number of chiplet bits in interleaved chiplet DDR address: 255                 

device ready in 0.18 s
device held for 0.52 s
LOGGER NOT INITIALIZED:
		ET [DEVICE_LAYER][TH:123856756412032]: 
PCIe target:                                               /dev/et0_ops        
DRAM base:                                                 549848092672         (0x8005801000)
DRAM size (B):                                             34265366528          (0x7fa600000)
DRAM alignment (bits):                                     64                  
MM SQ count:                                               2                    (0x2)
MM VQ Maximum message size (B):                            1056                 (0x420)
P2P compatibility bitmap:                                  0                    (0x0)
PCIBUS device name:                                        0000:02:00.0        
Physical device ID:                                        0                    (0x0)
Form Factor:                                               PCIE                 (0x0)
TDP (W):                                                   65                  
Minion boot frequency (MHz):                               600                 
L3 size (KB):                                              32768                (0x8000)
L2 size (KB):                                              16384                (0x4000)
Scratch pad size (KB):                                     81920                (0x14000)
Cache line size (B):                                       64                   (0x40)
Number of L2 Banks:                                        4                   
DDR Bandwidth (MB/s):                                      128000              
Spare shire ID:                                            32                  
Architecture revision:                                     ETSOC1               (0x0)
CM active shire mask:                                      4294967295           (0xffffffff)
Scratchpad base address in format 0:                       2147483648           (0x80000000)
Scratchpad base address in format 1:                       3221225472           (0xc0000000)
Scratchpad base address in format 2:                       18446744073709551615 (0xffffffffffffffff)
Local DDR base address:                                    549848092672         (0x8005801000)
Chiplet DDR base address:                                  549848092672         (0x8005801000)
Interleaved DDR base address:                              18446744073709551615 (0xffffffffffffffff)
Single chiplet DDR size:                                   34265366528         
Address alignment bits:                                    64                  
First shire bit in scratchpad address in format 0:         23                  
Number of shire bits in scratchpad address in format 0:    7                   
Local shire encoding in scratchpad address in format 0:    127                 
First shire bit in scratchpad address in format 1:         6                   
Number of shire bits in scratchpad address in format 1:    5                   
First shire bit in scratchpad address in format 2:         255                 
Number of shire bits in scratchpad address in format 2:    255                 
First chiplet bit in scratchpad address in format 2:       255                 
Number of chiplet bits in scratchpad address in format 2:  255                 
First chiplet bit in chiplet DDR address:                  255                 
Number of chiplet bits in chiplet DDR address:             255                 
First chiplet bit in interleaved chiplet DDR address:      255                 
Number of chiplet bits in interleaved chiplet DDR address: 255                 

device ready in 0.18 s
device held for 3.40 s
LOGGER NOT INITIALIZED:
		ET [DEVICE_LAYER][TH:126091105205888]: 
PCIe target:                                               /dev/et0_ops        
DRAM base:                                                 549848092672         (0x8005801000)
DRAM size (B):                                             34265366528          (0x7fa600000)
DRAM alignment (bits):                                     64                  
MM SQ count:                                               2                    (0x2)
MM VQ Maximum message size (B):                            1056                 (0x420)
P2P compatibility bitmap:                                  0                    (0x0)
PCIBUS device name:                                        0000:02:00.0        
Physical device ID:                                        0                    (0x0)
Form Factor:                                               PCIE                 (0x0)
TDP (W):                                                   65                  
Minion boot frequency (MHz):                               600                 
L3 size (KB):                                              32768                (0x8000)
L2 size (KB):                                              16384                (0x4000)
Scratch pad size (KB):                                     81920                (0x14000)
Cache line size (B):                                       64                   (0x40)
Number of L2 Banks:                                        4                   
DDR Bandwidth (MB/s):                                      128000              
Spare shire ID:                                            32                  
Architecture revision:                                     ETSOC1               (0x0)
CM active shire mask:                                      4294967295           (0xffffffff)
Scratchpad base address in format 0:                       2147483648           (0x80000000)
Scratchpad base address in format 1:                       3221225472           (0xc0000000)
Scratchpad base address in format 2:                       18446744073709551615 (0xffffffffffffffff)
Local DDR base address:                                    549848092672         (0x8005801000)
Chiplet DDR base address:                                  549848092672         (0x8005801000)
Interleaved DDR base address:                              18446744073709551615 (0xffffffffffffffff)
Single chiplet DDR size:                                   34265366528         
Address alignment bits:                                    64                  
First shire bit in scratchpad address in format 0:         23                  
Number of shire bits in scratchpad address in format 0:    7                   
Local shire encoding in scratchpad address in format 0:    127                 
First shire bit in scratchpad address in format 1:         6                   
Number of shire bits in scratchpad address in format 1:    5                   
First shire bit in scratchpad address in format 2:         255                 
Number of shire bits in scratchpad address in format 2:    255                 
First chiplet bit in scratchpad address in format 2:       255                 
Number of chiplet bits in scratchpad address in format 2:  255                 
First chiplet bit in chiplet DDR address:                  255                 
Number of chiplet bits in chiplet DDR address:             255                 
First chiplet bit in interleaved chiplet DDR address:      255                 
Number of chiplet bits in interleaved chiplet DDR address: 255                 

device ready in 0.18 s
device held for 0.52 s
LOGGER NOT INITIALIZED:
		ET [DEVICE_LAYER][TH:137079158267520]: 
PCIe target:                                               /dev/et0_ops        
DRAM base:                                                 549848092672         (0x8005801000)
DRAM size (B):                                             34265366528          (0x7fa600000)
DRAM alignment (bits):                                     64                  
MM SQ count:                                               2                    (0x2)
MM VQ Maximum message size (B):                            1056                 (0x420)
P2P compatibility bitmap:                                  0                    (0x0)
PCIBUS device name:                                        0000:02:00.0        
Physical device ID:                                        0                    (0x0)
Form Factor:                                               PCIE                 (0x0)
TDP (W):                                                   65                  
Minion boot frequency (MHz):                               600                 
L3 size (KB):                                              32768                (0x8000)
L2 size (KB):                                              16384                (0x4000)
Scratch pad size (KB):                                     81920                (0x14000)
Cache line size (B):                                       64                   (0x40)
Number of L2 Banks:                                        4                   
DDR Bandwidth (MB/s):                                      128000              
Spare shire ID:                                            32                  
Architecture revision:                                     ETSOC1               (0x0)
CM active shire mask:                                      4294967295           (0xffffffff)
Scratchpad base address in format 0:                       2147483648           (0x80000000)
Scratchpad base address in format 1:                       3221225472           (0xc0000000)
Scratchpad base address in format 2:                       18446744073709551615 (0xffffffffffffffff)
Local DDR base address:                                    549848092672         (0x8005801000)
Chiplet DDR base address:                                  549848092672         (0x8005801000)
Interleaved DDR base address:                              18446744073709551615 (0xffffffffffffffff)
Single chiplet DDR size:                                   34265366528         
Address alignment bits:                                    64                  
First shire bit in scratchpad address in format 0:         23                  
Number of shire bits in scratchpad address in format 0:    7                   
Local shire encoding in scratchpad address in format 0:    127                 
First shire bit in scratchpad address in format 1:         6                   
Number of shire bits in scratchpad address in format 1:    5                   
First shire bit in scratchpad address in format 2:         255                 
Number of shire bits in scratchpad address in format 2:    255                 
First chiplet bit in scratchpad address in format 2:       255                 
Number of chiplet bits in scratchpad address in format 2:  255                 
First chiplet bit in chiplet DDR address:                  255                 
Number of chiplet bits in chiplet DDR address:             255                 
First chiplet bit in interleaved chiplet DDR address:      255                 
Number of chiplet bits in interleaved chiplet DDR address: 255                 

device ready in 0.18 s
device held for 3.39 s
LOGGER NOT INITIALIZED:
		ET [DEVICE_LAYER][TH:136053286039168]: 
PCIe target:                                               /dev/et0_ops        
DRAM base:                                                 549848092672         (0x8005801000)
DRAM size (B):                                             34265366528          (0x7fa600000)
DRAM alignment (bits):                                     64                  
MM SQ count:                                               2                    (0x2)
MM VQ Maximum message size (B):                            1056                 (0x420)
P2P compatibility bitmap:                                  0                    (0x0)
PCIBUS device name:                                        0000:02:00.0        
Physical device ID:                                        0                    (0x0)
Form Factor:                                               PCIE                 (0x0)
TDP (W):                                                   65                  
Minion boot frequency (MHz):                               600                 
L3 size (KB):                                              32768                (0x8000)
L2 size (KB):                                              16384                (0x4000)
Scratch pad size (KB):                                     81920                (0x14000)
Cache line size (B):                                       64                   (0x40)
Number of L2 Banks:                                        4                   
DDR Bandwidth (MB/s):                                      128000              
Spare shire ID:                                            32                  
Architecture revision:                                     ETSOC1               (0x0)
CM active shire mask:                                      4294967295           (0xffffffff)
Scratchpad base address in format 0:                       2147483648           (0x80000000)
Scratchpad base address in format 1:                       3221225472           (0xc0000000)
Scratchpad base address in format 2:                       18446744073709551615 (0xffffffffffffffff)
Local DDR base address:                                    549848092672         (0x8005801000)
Chiplet DDR base address:                                  549848092672         (0x8005801000)
Interleaved DDR base address:                              18446744073709551615 (0xffffffffffffffff)
Single chiplet DDR size:                                   34265366528         
Address alignment bits:                                    64                  
First shire bit in scratchpad address in format 0:         23                  
Number of shire bits in scratchpad address in format 0:    7                   
Local shire encoding in scratchpad address in format 0:    127                 
First shire bit in scratchpad address in format 1:         6                   
Number of shire bits in scratchpad address in format 1:    5                   
First shire bit in scratchpad address in format 2:         255                 
Number of shire bits in scratchpad address in format 2:    255                 
First chiplet bit in scratchpad address in format 2:       255                 
Number of chiplet bits in scratchpad address in format 2:  255                 
First chiplet bit in chiplet DDR address:                  255                 
Number of chiplet bits in chiplet DDR address:             255                 
First chiplet bit in interleaved chiplet DDR address:      255                 
Number of chiplet bits in interleaved chiplet DDR address: 255                 

device ready in 0.18 s
device held for 0.52 s
LOGGER NOT INITIALIZED:
		ET [DEVICE_LAYER][TH:133719629827712]: 
PCIe target:                                               /dev/et0_ops        
DRAM base:                                                 549848092672         (0x8005801000)
DRAM size (B):                                             34265366528          (0x7fa600000)
DRAM alignment (bits):                                     64                  
MM SQ count:                                               2                    (0x2)
MM VQ Maximum message size (B):                            1056                 (0x420)
P2P compatibility bitmap:                                  0                    (0x0)
PCIBUS device name:                                        0000:02:00.0        
Physical device ID:                                        0                    (0x0)
Form Factor:                                               PCIE                 (0x0)
TDP (W):                                                   65                  
Minion boot frequency (MHz):                               600                 
L3 size (KB):                                              32768                (0x8000)
L2 size (KB):                                              16384                (0x4000)
Scratch pad size (KB):                                     81920                (0x14000)
Cache line size (B):                                       64                   (0x40)
Number of L2 Banks:                                        4                   
DDR Bandwidth (MB/s):                                      128000              
Spare shire ID:                                            32                  
Architecture revision:                                     ETSOC1               (0x0)
CM active shire mask:                                      4294967295           (0xffffffff)
Scratchpad base address in format 0:                       2147483648           (0x80000000)
Scratchpad base address in format 1:                       3221225472           (0xc0000000)
Scratchpad base address in format 2:                       18446744073709551615 (0xffffffffffffffff)
Local DDR base address:                                    549848092672         (0x8005801000)
Chiplet DDR base address:                                  549848092672         (0x8005801000)
Interleaved DDR base address:                              18446744073709551615 (0xffffffffffffffff)
Single chiplet DDR size:                                   34265366528         
Address alignment bits:                                    64                  
First shire bit in scratchpad address in format 0:         23                  
Number of shire bits in scratchpad address in format 0:    7                   
Local shire encoding in scratchpad address in format 0:    127                 
First shire bit in scratchpad address in format 1:         6                   
Number of shire bits in scratchpad address in format 1:    5                   
First shire bit in scratchpad address in format 2:         255                 
Number of shire bits in scratchpad address in format 2:    255                 
First chiplet bit in scratchpad address in format 2:       255                 
Number of chiplet bits in scratchpad address in format 2:  255                 
First chiplet bit in chiplet DDR address:                  255                 
Number of chiplet bits in chiplet DDR address:             255                 
First chiplet bit in interleaved chiplet DDR address:      255                 
Number of chiplet bits in interleaved chiplet DDR address: 255                 

device ready in 0.18 s
device held for 3.39 s
LOGGER NOT INITIALIZED:
		ET [DEVICE_LAYER][TH:128826393443968]: 
PCIe target:                                               /dev/et0_ops        
DRAM base:                                                 549848092672         (0x8005801000)
DRAM size (B):                                             34265366528          (0x7fa600000)
DRAM alignment (bits):                                     64                  
MM SQ count:                                               2                    (0x2)
MM VQ Maximum message size (B):                            1056                 (0x420)
P2P compatibility bitmap:                                  0                    (0x0)
PCIBUS device name:                                        0000:02:00.0        
Physical device ID:                                        0                    (0x0)
Form Factor:                                               PCIE                 (0x0)
TDP (W):                                                   65                  
Minion boot frequency (MHz):                               600                 
L3 size (KB):                                              32768                (0x8000)
L2 size (KB):                                              16384                (0x4000)
Scratch pad size (KB):                                     81920                (0x14000)
Cache line size (B):                                       64                   (0x40)
Number of L2 Banks:                                        4                   
DDR Bandwidth (MB/s):                                      128000              
Spare shire ID:                                            32                  
Architecture revision:                                     ETSOC1               (0x0)
CM active shire mask:                                      4294967295           (0xffffffff)
Scratchpad base address in format 0:                       2147483648           (0x80000000)
Scratchpad base address in format 1:                       3221225472           (0xc0000000)
Scratchpad base address in format 2:                       18446744073709551615 (0xffffffffffffffff)
Local DDR base address:                                    549848092672         (0x8005801000)
Chiplet DDR base address:                                  549848092672         (0x8005801000)
Interleaved DDR base address:                              18446744073709551615 (0xffffffffffffffff)
Single chiplet DDR size:                                   34265366528         
Address alignment bits:                                    64                  
First shire bit in scratchpad address in format 0:         23                  
Number of shire bits in scratchpad address in format 0:    7                   
Local shire encoding in scratchpad address in format 0:    127                 
First shire bit in scratchpad address in format 1:         6                   
Number of shire bits in scratchpad address in format 1:    5                   
First shire bit in scratchpad address in format 2:         255                 
Number of shire bits in scratchpad address in format 2:    255                 
First chiplet bit in scratchpad address in format 2:       255                 
Number of chiplet bits in scratchpad address in format 2:  255                 
First chiplet bit in chiplet DDR address:                  255                 
Number of chiplet bits in chiplet DDR address:             255                 
First chiplet bit in interleaved chiplet DDR address:      255                 
Number of chiplet bits in interleaved chiplet DDR address: 255                 

device ready in 0.18 s
device held for 0.55 s
LOGGER NOT INITIALIZED:
		ET [DEVICE_LAYER][TH:131697306631808]: 
PCIe target:                                               /dev/et0_ops        
DRAM base:                                                 549848092672         (0x8005801000)
DRAM size (B):                                             34265366528          (0x7fa600000)
DRAM alignment (bits):                                     64                  
MM SQ count:                                               2                    (0x2)
MM VQ Maximum message size (B):                            1056                 (0x420)
P2P compatibility bitmap:                                  0                    (0x0)
PCIBUS device name:                                        0000:02:00.0        
Physical device ID:                                        0                    (0x0)
Form Factor:                                               PCIE                 (0x0)
TDP (W):                                                   65                  
Minion boot frequency (MHz):                               600                 
L3 size (KB):                                              32768                (0x8000)
L2 size (KB):                                              16384                (0x4000)
Scratch pad size (KB):                                     81920                (0x14000)
Cache line size (B):                                       64                   (0x40)
Number of L2 Banks:                                        4                   
DDR Bandwidth (MB/s):                                      128000              
Spare shire ID:                                            32                  
Architecture revision:                                     ETSOC1               (0x0)
CM active shire mask:                                      4294967295           (0xffffffff)
Scratchpad base address in format 0:                       2147483648           (0x80000000)
Scratchpad base address in format 1:                       3221225472           (0xc0000000)
Scratchpad base address in format 2:                       18446744073709551615 (0xffffffffffffffff)
Local DDR base address:                                    549848092672         (0x8005801000)
Chiplet DDR base address:                                  549848092672         (0x8005801000)
Interleaved DDR base address:                              18446744073709551615 (0xffffffffffffffff)
Single chiplet DDR size:                                   34265366528         
Address alignment bits:                                    64                  
First shire bit in scratchpad address in format 0:         23                  
Number of shire bits in scratchpad address in format 0:    7                   
Local shire encoding in scratchpad address in format 0:    127                 
First shire bit in scratchpad address in format 1:         6                   
Number of shire bits in scratchpad address in format 1:    5                   
First shire bit in scratchpad address in format 2:         255                 
Number of shire bits in scratchpad address in format 2:    255                 
First chiplet bit in scratchpad address in format 2:       255                 
Number of chiplet bits in scratchpad address in format 2:  255                 
First chiplet bit in chiplet DDR address:                  255                 
Number of chiplet bits in chiplet DDR address:             255                 
First chiplet bit in interleaved chiplet DDR address:      255                 
Number of chiplet bits in interleaved chiplet DDR address: 255                 

device ready in 0.18 s
device held for 3.48 s
LOGGER NOT INITIALIZED:
		ET [DEVICE_LAYER][TH:135082369773184]: 
PCIe target:                                               /dev/et0_ops        
DRAM base:                                                 549848092672         (0x8005801000)
DRAM size (B):                                             34265366528          (0x7fa600000)
DRAM alignment (bits):                                     64                  
MM SQ count:                                               2                    (0x2)
MM VQ Maximum message size (B):                            1056                 (0x420)
P2P compatibility bitmap:                                  0                    (0x0)
PCIBUS device name:                                        0000:02:00.0        
Physical device ID:                                        0                    (0x0)
Form Factor:                                               PCIE                 (0x0)
TDP (W):                                                   65                  
Minion boot frequency (MHz):                               600                 
L3 size (KB):                                              32768                (0x8000)
L2 size (KB):                                              16384                (0x4000)
Scratch pad size (KB):                                     81920                (0x14000)
Cache line size (B):                                       64                   (0x40)
Number of L2 Banks:                                        4                   
DDR Bandwidth (MB/s):                                      128000              
Spare shire ID:                                            32                  
Architecture revision:                                     ETSOC1               (0x0)
CM active shire mask:                                      4294967295           (0xffffffff)
Scratchpad base address in format 0:                       2147483648           (0x80000000)
Scratchpad base address in format 1:                       3221225472           (0xc0000000)
Scratchpad base address in format 2:                       18446744073709551615 (0xffffffffffffffff)
Local DDR base address:                                    549848092672         (0x8005801000)
Chiplet DDR base address:                                  549848092672         (0x8005801000)
Interleaved DDR base address:                              18446744073709551615 (0xffffffffffffffff)
Single chiplet DDR size:                                   34265366528         
Address alignment bits:                                    64                  
First shire bit in scratchpad address in format 0:         23                  
Number of shire bits in scratchpad address in format 0:    7                   
Local shire encoding in scratchpad address in format 0:    127                 
First shire bit in scratchpad address in format 1:         6                   
Number of shire bits in scratchpad address in format 1:    5                   
First shire bit in scratchpad address in format 2:         255                 
Number of shire bits in scratchpad address in format 2:    255                 
First chiplet bit in scratchpad address in format 2:       255                 
Number of chiplet bits in scratchpad address in format 2:  255                 
First chiplet bit in chiplet DDR address:                  255                 
Number of chiplet bits in chiplet DDR address:             255                 
First chiplet bit in interleaved chiplet DDR address:      255                 
Number of chiplet bits in interleaved chiplet DDR address: 255                 

device ready in 0.18 s
device held for 0.52 s
LOGGER NOT INITIALIZED:
		ET [DEVICE_LAYER][TH:130420656770688]: 
PCIe target:                                               /dev/et0_ops        
DRAM base:                                                 549848092672         (0x8005801000)
DRAM size (B):                                             34265366528          (0x7fa600000)
DRAM alignment (bits):                                     64                  
MM SQ count:                                               2                    (0x2)
MM VQ Maximum message size (B):                            1056                 (0x420)
P2P compatibility bitmap:                                  0                    (0x0)
PCIBUS device name:                                        0000:02:00.0        
Physical device ID:                                        0                    (0x0)
Form Factor:                                               PCIE                 (0x0)
TDP (W):                                                   65                  
Minion boot frequency (MHz):                               600                 
L3 size (KB):                                              32768                (0x8000)
L2 size (KB):                                              16384                (0x4000)
Scratch pad size (KB):                                     81920                (0x14000)
Cache line size (B):                                       64                   (0x40)
Number of L2 Banks:                                        4                   
DDR Bandwidth (MB/s):                                      128000              
Spare shire ID:                                            32                  
Architecture revision:                                     ETSOC1               (0x0)
CM active shire mask:                                      4294967295           (0xffffffff)
Scratchpad base address in format 0:                       2147483648           (0x80000000)
Scratchpad base address in format 1:                       3221225472           (0xc0000000)
Scratchpad base address in format 2:                       18446744073709551615 (0xffffffffffffffff)
Local DDR base address:                                    549848092672         (0x8005801000)
Chiplet DDR base address:                                  549848092672         (0x8005801000)
Interleaved DDR base address:                              18446744073709551615 (0xffffffffffffffff)
Single chiplet DDR size:                                   34265366528         
Address alignment bits:                                    64                  
First shire bit in scratchpad address in format 0:         23                  
Number of shire bits in scratchpad address in format 0:    7                   
Local shire encoding in scratchpad address in format 0:    127                 
First shire bit in scratchpad address in format 1:         6                   
Number of shire bits in scratchpad address in format 1:    5                   
First shire bit in scratchpad address in format 2:         255                 
Number of shire bits in scratchpad address in format 2:    255                 
First chiplet bit in scratchpad address in format 2:       255                 
Number of chiplet bits in scratchpad address in format 2:  255                 
First chiplet bit in chiplet DDR address:                  255                 
Number of chiplet bits in chiplet DDR address:             255                 
First chiplet bit in interleaved chiplet DDR address:      255                 
Number of chiplet bits in interleaved chiplet DDR address: 255                 

device ready in 0.18 s
device held for 3.40 s
LOGGER NOT INITIALIZED:
		ET [DEVICE_LAYER][TH:139193951645312]: 
PCIe target:                                               /dev/et0_ops        
DRAM base:                                                 549848092672         (0x8005801000)
DRAM size (B):                                             34265366528          (0x7fa600000)
DRAM alignment (bits):                                     64                  
MM SQ count:                                               2                    (0x2)
MM VQ Maximum message size (B):                            1056                 (0x420)
P2P compatibility bitmap:                                  0                    (0x0)
PCIBUS device name:                                        0000:02:00.0        
Physical device ID:                                        0                    (0x0)
Form Factor:                                               PCIE                 (0x0)
TDP (W):                                                   65                  
Minion boot frequency (MHz):                               600                 
L3 size (KB):                                              32768                (0x8000)
L2 size (KB):                                              16384                (0x4000)
Scratch pad size (KB):                                     81920                (0x14000)
Cache line size (B):                                       64                   (0x40)
Number of L2 Banks:                                        4                   
DDR Bandwidth (MB/s):                                      128000              
Spare shire ID:                                            32                  
Architecture revision:                                     ETSOC1               (0x0)
CM active shire mask:                                      4294967295           (0xffffffff)
Scratchpad base address in format 0:                       2147483648           (0x80000000)
Scratchpad base address in format 1:                       3221225472           (0xc0000000)
Scratchpad base address in format 2:                       18446744073709551615 (0xffffffffffffffff)
Local DDR base address:                                    549848092672         (0x8005801000)
Chiplet DDR base address:                                  549848092672         (0x8005801000)
Interleaved DDR base address:                              18446744073709551615 (0xffffffffffffffff)
Single chiplet DDR size:                                   34265366528         
Address alignment bits:                                    64                  
First shire bit in scratchpad address in format 0:         23                  
Number of shire bits in scratchpad address in format 0:    7                   
Local shire encoding in scratchpad address in format 0:    127                 
First shire bit in scratchpad address in format 1:         6                   
Number of shire bits in scratchpad address in format 1:    5                   
First shire bit in scratchpad address in format 2:         255                 
Number of shire bits in scratchpad address in format 2:    255                 
First chiplet bit in scratchpad address in format 2:       255                 
Number of chiplet bits in scratchpad address in format 2:  255                 
First chiplet bit in chiplet DDR address:                  255                 
Number of chiplet bits in chiplet DDR address:             255                 
First chiplet bit in interleaved chiplet DDR address:      255                 
Number of chiplet bits in interleaved chiplet DDR address: 255                 

device ready in 0.18 s
device held for 0.55 s
LOGGER NOT INITIALIZED:
		ET [DEVICE_LAYER][TH:139413592551040]: 
PCIe target:                                               /dev/et0_ops        
DRAM base:                                                 549848092672         (0x8005801000)
DRAM size (B):                                             34265366528          (0x7fa600000)
DRAM alignment (bits):                                     64                  
MM SQ count:                                               2                    (0x2)
MM VQ Maximum message size (B):                            1056                 (0x420)
P2P compatibility bitmap:                                  0                    (0x0)
PCIBUS device name:                                        0000:02:00.0        
Physical device ID:                                        0                    (0x0)
Form Factor:                                               PCIE                 (0x0)
TDP (W):                                                   65                  
Minion boot frequency (MHz):                               600                 
L3 size (KB):                                              32768                (0x8000)
L2 size (KB):                                              16384                (0x4000)
Scratch pad size (KB):                                     81920                (0x14000)
Cache line size (B):                                       64                   (0x40)
Number of L2 Banks:                                        4                   
DDR Bandwidth (MB/s):                                      128000              
Spare shire ID:                                            32                  
Architecture revision:                                     ETSOC1               (0x0)
CM active shire mask:                                      4294967295           (0xffffffff)
Scratchpad base address in format 0:                       2147483648           (0x80000000)
Scratchpad base address in format 1:                       3221225472           (0xc0000000)
Scratchpad base address in format 2:                       18446744073709551615 (0xffffffffffffffff)
Local DDR base address:                                    549848092672         (0x8005801000)
Chiplet DDR base address:                                  549848092672         (0x8005801000)
Interleaved DDR base address:                              18446744073709551615 (0xffffffffffffffff)
Single chiplet DDR size:                                   34265366528         
Address alignment bits:                                    64                  
First shire bit in scratchpad address in format 0:         23                  
Number of shire bits in scratchpad address in format 0:    7                   
Local shire encoding in scratchpad address in format 0:    127                 
First shire bit in scratchpad address in format 1:         6                   
Number of shire bits in scratchpad address in format 1:    5                   
First shire bit in scratchpad address in format 2:         255                 
Number of shire bits in scratchpad address in format 2:    255                 
First chiplet bit in scratchpad address in format 2:       255                 
Number of chiplet bits in scratchpad address in format 2:  255                 
First chiplet bit in chiplet DDR address:                  255                 
Number of chiplet bits in chiplet DDR address:             255                 
First chiplet bit in interleaved chiplet DDR address:      255                 
Number of chiplet bits in interleaved chiplet DDR address: 255                 

device ready in 0.18 s
device held for 3.39 s
LOGGER NOT INITIALIZED:
		ET [DEVICE_LAYER][TH:140349429882496]: 
PCIe target:                                               /dev/et0_ops        
DRAM base:                                                 549848092672         (0x8005801000)
DRAM size (B):                                             34265366528          (0x7fa600000)
DRAM alignment (bits):                                     64                  
MM SQ count:                                               2                    (0x2)
MM VQ Maximum message size (B):                            1056                 (0x420)
P2P compatibility bitmap:                                  0                    (0x0)
PCIBUS device name:                                        0000:02:00.0        
Physical device ID:                                        0                    (0x0)
Form Factor:                                               PCIE                 (0x0)
TDP (W):                                                   65                  
Minion boot frequency (MHz):                               600                 
L3 size (KB):                                              32768                (0x8000)
L2 size (KB):                                              16384                (0x4000)
Scratch pad size (KB):                                     81920                (0x14000)
Cache line size (B):                                       64                   (0x40)
Number of L2 Banks:                                        4                   
DDR Bandwidth (MB/s):                                      128000              
Spare shire ID:                                            32                  
Architecture revision:                                     ETSOC1               (0x0)
CM active shire mask:                                      4294967295           (0xffffffff)
Scratchpad base address in format 0:                       2147483648           (0x80000000)
Scratchpad base address in format 1:                       3221225472           (0xc0000000)
Scratchpad base address in format 2:                       18446744073709551615 (0xffffffffffffffff)
Local DDR base address:                                    549848092672         (0x8005801000)
Chiplet DDR base address:                                  549848092672         (0x8005801000)
Interleaved DDR base address:                              18446744073709551615 (0xffffffffffffffff)
Single chiplet DDR size:                                   34265366528         
Address alignment bits:                                    64                  
First shire bit in scratchpad address in format 0:         23                  
Number of shire bits in scratchpad address in format 0:    7                   
Local shire encoding in scratchpad address in format 0:    127                 
First shire bit in scratchpad address in format 1:         6                   
Number of shire bits in scratchpad address in format 1:    5                   
First shire bit in scratchpad address in format 2:         255                 
Number of shire bits in scratchpad address in format 2:    255                 
First chiplet bit in scratchpad address in format 2:       255                 
Number of chiplet bits in scratchpad address in format 2:  255                 
First chiplet bit in chiplet DDR address:                  255                 
Number of chiplet bits in chiplet DDR address:             255                 
First chiplet bit in interleaved chiplet DDR address:      255                 
Number of chiplet bits in interleaved chiplet DDR address: 255                 

device ready in 0.18 s
device held for 0.52 s
LOGGER NOT INITIALIZED:
		ET [DEVICE_LAYER][TH:125686176603776]: 
PCIe target:                                               /dev/et0_ops        
DRAM base:                                                 549848092672         (0x8005801000)
DRAM size (B):                                             34265366528          (0x7fa600000)
DRAM alignment (bits):                                     64                  
MM SQ count:                                               2                    (0x2)
MM VQ Maximum message size (B):                            1056                 (0x420)
P2P compatibility bitmap:                                  0                    (0x0)
PCIBUS device name:                                        0000:02:00.0        
Physical device ID:                                        0                    (0x0)
Form Factor:                                               PCIE                 (0x0)
TDP (W):                                                   65                  
Minion boot frequency (MHz):                               600                 
L3 size (KB):                                              32768                (0x8000)
L2 size (KB):                                              16384                (0x4000)
Scratch pad size (KB):                                     81920                (0x14000)
Cache line size (B):                                       64                   (0x40)
Number of L2 Banks:                                        4                   
DDR Bandwidth (MB/s):                                      128000              
Spare shire ID:                                            32                  
Architecture revision:                                     ETSOC1               (0x0)
CM active shire mask:                                      4294967295           (0xffffffff)
Scratchpad base address in format 0:                       2147483648           (0x80000000)
Scratchpad base address in format 1:                       3221225472           (0xc0000000)
Scratchpad base address in format 2:                       18446744073709551615 (0xffffffffffffffff)
Local DDR base address:                                    549848092672         (0x8005801000)
Chiplet DDR base address:                                  549848092672         (0x8005801000)
Interleaved DDR base address:                              18446744073709551615 (0xffffffffffffffff)
Single chiplet DDR size:                                   34265366528         
Address alignment bits:                                    64                  
First shire bit in scratchpad address in format 0:         23                  
Number of shire bits in scratchpad address in format 0:    7                   
Local shire encoding in scratchpad address in format 0:    127                 
First shire bit in scratchpad address in format 1:         6                   
Number of shire bits in scratchpad address in format 1:    5                   
First shire bit in scratchpad address in format 2:         255                 
Number of shire bits in scratchpad address in format 2:    255                 
First chiplet bit in scratchpad address in format 2:       255                 
Number of chiplet bits in scratchpad address in format 2:  255                 
First chiplet bit in chiplet DDR address:                  255                 
Number of chiplet bits in chiplet DDR address:             255                 
First chiplet bit in interleaved chiplet DDR address:      255                 
Number of chiplet bits in interleaved chiplet DDR address: 255                 

device ready in 0.18 s
device held for 3.39 s
LOGGER NOT INITIALIZED:
		ET [DEVICE_LAYER][TH:139742966943360]: 
PCIe target:                                               /dev/et0_ops        
DRAM base:                                                 549848092672         (0x8005801000)
DRAM size (B):                                             34265366528          (0x7fa600000)
DRAM alignment (bits):                                     64                  
MM SQ count:                                               2                    (0x2)
MM VQ Maximum message size (B):                            1056                 (0x420)
P2P compatibility bitmap:                                  0                    (0x0)
PCIBUS device name:                                        0000:02:00.0        
Physical device ID:                                        0                    (0x0)
Form Factor:                                               PCIE                 (0x0)
TDP (W):                                                   65                  
Minion boot frequency (MHz):                               600                 
L3 size (KB):                                              32768                (0x8000)
L2 size (KB):                                              16384                (0x4000)
Scratch pad size (KB):                                     81920                (0x14000)
Cache line size (B):                                       64                   (0x40)
Number of L2 Banks:                                        4                   
DDR Bandwidth (MB/s):                                      128000              
Spare shire ID:                                            32                  
Architecture revision:                                     ETSOC1               (0x0)
CM active shire mask:                                      4294967295           (0xffffffff)
Scratchpad base address in format 0:                       2147483648           (0x80000000)
Scratchpad base address in format 1:                       3221225472           (0xc0000000)
Scratchpad base address in format 2:                       18446744073709551615 (0xffffffffffffffff)
Local DDR base address:                                    549848092672         (0x8005801000)
Chiplet DDR base address:                                  549848092672         (0x8005801000)
Interleaved DDR base address:                              18446744073709551615 (0xffffffffffffffff)
Single chiplet DDR size:                                   34265366528         
Address alignment bits:                                    64                  
First shire bit in scratchpad address in format 0:         23                  
Number of shire bits in scratchpad address in format 0:    7                   
Local shire encoding in scratchpad address in format 0:    127                 
First shire bit in scratchpad address in format 1:         6                   
Number of shire bits in scratchpad address in format 1:    5                   
First shire bit in scratchpad address in format 2:         255                 
Number of shire bits in scratchpad address in format 2:    255                 
First chiplet bit in scratchpad address in format 2:       255                 
Number of chiplet bits in scratchpad address in format 2:  255                 
First chiplet bit in chiplet DDR address:                  255                 
Number of chiplet bits in chiplet DDR address:             255                 
First chiplet bit in interleaved chiplet DDR address:      255                 
Number of chiplet bits in interleaved chiplet DDR address: 255                 

device ready in 0.18 s
device held for 0.52 s
LOGGER NOT INITIALIZED:
		ET [DEVICE_LAYER][TH:131236495003264]: 
PCIe target:                                               /dev/et0_ops        
DRAM base:                                                 549848092672         (0x8005801000)
DRAM size (B):                                             34265366528          (0x7fa600000)
DRAM alignment (bits):                                     64                  
MM SQ count:                                               2                    (0x2)
MM VQ Maximum message size (B):                            1056                 (0x420)
P2P compatibility bitmap:                                  0                    (0x0)
PCIBUS device name:                                        0000:02:00.0        
Physical device ID:                                        0                    (0x0)
Form Factor:                                               PCIE                 (0x0)
TDP (W):                                                   65                  
Minion boot frequency (MHz):                               600                 
L3 size (KB):                                              32768                (0x8000)
L2 size (KB):                                              16384                (0x4000)
Scratch pad size (KB):                                     81920                (0x14000)
Cache line size (B):                                       64                   (0x40)
Number of L2 Banks:                                        4                   
DDR Bandwidth (MB/s):                                      128000              
Spare shire ID:                                            32                  
Architecture revision:                                     ETSOC1               (0x0)
CM active shire mask:                                      4294967295           (0xffffffff)
Scratchpad base address in format 0:                       2147483648           (0x80000000)
Scratchpad base address in format 1:                       3221225472           (0xc0000000)
Scratchpad base address in format 2:                       18446744073709551615 (0xffffffffffffffff)
Local DDR base address:                                    549848092672         (0x8005801000)
Chiplet DDR base address:                                  549848092672         (0x8005801000)
Interleaved DDR base address:                              18446744073709551615 (0xffffffffffffffff)
Single chiplet DDR size:                                   34265366528         
Address alignment bits:                                    64                  
First shire bit in scratchpad address in format 0:         23                  
Number of shire bits in scratchpad address in format 0:    7                   
Local shire encoding in scratchpad address in format 0:    127                 
First shire bit in scratchpad address in format 1:         6                   
Number of shire bits in scratchpad address in format 1:    5                   
First shire bit in scratchpad address in format 2:         255                 
Number of shire bits in scratchpad address in format 2:    255                 
First chiplet bit in scratchpad address in format 2:       255                 
Number of chiplet bits in scratchpad address in format 2:  255                 
First chiplet bit in chiplet DDR address:                  255                 
Number of chiplet bits in chiplet DDR address:             255                 
First chiplet bit in interleaved chiplet DDR address:      255                 
Number of chiplet bits in interleaved chiplet DDR address: 255                 

device ready in 0.18 s
device held for 3.39 s
LOGGER NOT INITIALIZED:
		ET [DEVICE_LAYER][TH:132761902472832]: 
PCIe target:                                               /dev/et0_ops        
DRAM base:                                                 549848092672         (0x8005801000)
DRAM size (B):                                             34265366528          (0x7fa600000)
DRAM alignment (bits):                                     64                  
MM SQ count:                                               2                    (0x2)
MM VQ Maximum message size (B):                            1056                 (0x420)
P2P compatibility bitmap:                                  0                    (0x0)
PCIBUS device name:                                        0000:02:00.0        
Physical device ID:                                        0                    (0x0)
Form Factor:                                               PCIE                 (0x0)
TDP (W):                                                   65                  
Minion boot frequency (MHz):                               600                 
L3 size (KB):                                              32768                (0x8000)
L2 size (KB):                                              16384                (0x4000)
Scratch pad size (KB):                                     81920                (0x14000)
Cache line size (B):                                       64                   (0x40)
Number of L2 Banks:                                        4                   
DDR Bandwidth (MB/s):                                      128000              
Spare shire ID:                                            32                  
Architecture revision:                                     ETSOC1               (0x0)
CM active shire mask:                                      4294967295           (0xffffffff)
Scratchpad base address in format 0:                       2147483648           (0x80000000)
Scratchpad base address in format 1:                       3221225472           (0xc0000000)
Scratchpad base address in format 2:                       18446744073709551615 (0xffffffffffffffff)
Local DDR base address:                                    549848092672         (0x8005801000)
Chiplet DDR base address:                                  549848092672         (0x8005801000)
Interleaved DDR base address:                              18446744073709551615 (0xffffffffffffffff)
Single chiplet DDR size:                                   34265366528         
Address alignment bits:                                    64                  
First shire bit in scratchpad address in format 0:         23                  
Number of shire bits in scratchpad address in format 0:    7                   
Local shire encoding in scratchpad address in format 0:    127                 
First shire bit in scratchpad address in format 1:         6                   
Number of shire bits in scratchpad address in format 1:    5                   
First shire bit in scratchpad address in format 2:         255                 
Number of shire bits in scratchpad address in format 2:    255                 
First chiplet bit in scratchpad address in format 2:       255                 
Number of chiplet bits in scratchpad address in format 2:  255                 
First chiplet bit in chiplet DDR address:                  255                 
Number of chiplet bits in chiplet DDR address:             255                 
First chiplet bit in interleaved chiplet DDR address:      255                 
Number of chiplet bits in interleaved chiplet DDR address: 255                 

device ready in 0.18 s
device held for 0.55 s
LOGGER NOT INITIALIZED:
		ET [DEVICE_LAYER][TH:124438436277888]: 
PCIe target:                                               /dev/et0_ops        
DRAM base:                                                 549848092672         (0x8005801000)
DRAM size (B):                                             34265366528          (0x7fa600000)
DRAM alignment (bits):                                     64                  
MM SQ count:                                               2                    (0x2)
MM VQ Maximum message size (B):                            1056                 (0x420)
P2P compatibility bitmap:                                  0                    (0x0)
PCIBUS device name:                                        0000:02:00.0        
Physical device ID:                                        0                    (0x0)
Form Factor:                                               PCIE                 (0x0)
TDP (W):                                                   65                  
Minion boot frequency (MHz):                               600                 
L3 size (KB):                                              32768                (0x8000)
L2 size (KB):                                              16384                (0x4000)
Scratch pad size (KB):                                     81920                (0x14000)
Cache line size (B):                                       64                   (0x40)
Number of L2 Banks:                                        4                   
DDR Bandwidth (MB/s):                                      128000              
Spare shire ID:                                            32                  
Architecture revision:                                     ETSOC1               (0x0)
CM active shire mask:                                      4294967295           (0xffffffff)
Scratchpad base address in format 0:                       2147483648           (0x80000000)
Scratchpad base address in format 1:                       3221225472           (0xc0000000)
Scratchpad base address in format 2:                       18446744073709551615 (0xffffffffffffffff)
Local DDR base address:                                    549848092672         (0x8005801000)
Chiplet DDR base address:                                  549848092672         (0x8005801000)
Interleaved DDR base address:                              18446744073709551615 (0xffffffffffffffff)
Single chiplet DDR size:                                   34265366528         
Address alignment bits:                                    64                  
First shire bit in scratchpad address in format 0:         23                  
Number of shire bits in scratchpad address in format 0:    7                   
Local shire encoding in scratchpad address in format 0:    127                 
First shire bit in scratchpad address in format 1:         6                   
Number of shire bits in scratchpad address in format 1:    5                   
First shire bit in scratchpad address in format 2:         255                 
Number of shire bits in scratchpad address in format 2:    255                 
First chiplet bit in scratchpad address in format 2:       255                 
Number of chiplet bits in scratchpad address in format 2:  255                 
First chiplet bit in chiplet DDR address:                  255                 
Number of chiplet bits in chiplet DDR address:             255                 
First chiplet bit in interleaved chiplet DDR address:      255                 
Number of chiplet bits in interleaved chiplet DDR address: 255                 

device ready in 0.18 s
device held for 3.47 s
LOGGER NOT INITIALIZED:
		ET [DEVICE_LAYER][TH:140242527633024]: 
PCIe target:                                               /dev/et0_ops        
DRAM base:                                                 549848092672         (0x8005801000)
DRAM size (B):                                             34265366528          (0x7fa600000)
DRAM alignment (bits):                                     64                  
MM SQ count:                                               2                    (0x2)
MM VQ Maximum message size (B):                            1056                 (0x420)
P2P compatibility bitmap:                                  0                    (0x0)
PCIBUS device name:                                        0000:02:00.0        
Physical device ID:                                        0                    (0x0)
Form Factor:                                               PCIE                 (0x0)
TDP (W):                                                   65                  
Minion boot frequency (MHz):                               600                 
L3 size (KB):                                              32768                (0x8000)
L2 size (KB):                                              16384                (0x4000)
Scratch pad size (KB):                                     81920                (0x14000)
Cache line size (B):                                       64                   (0x40)
Number of L2 Banks:                                        4                   
DDR Bandwidth (MB/s):                                      128000              
Spare shire ID:                                            32                  
Architecture revision:                                     ETSOC1               (0x0)
CM active shire mask:                                      4294967295           (0xffffffff)
Scratchpad base address in format 0:                       2147483648           (0x80000000)
Scratchpad base address in format 1:                       3221225472           (0xc0000000)
Scratchpad base address in format 2:                       18446744073709551615 (0xffffffffffffffff)
Local DDR base address:                                    549848092672         (0x8005801000)
Chiplet DDR base address:                                  549848092672         (0x8005801000)
Interleaved DDR base address:                              18446744073709551615 (0xffffffffffffffff)
Single chiplet DDR size:                                   34265366528         
Address alignment bits:                                    64                  
First shire bit in scratchpad address in format 0:         23                  
Number of shire bits in scratchpad address in format 0:    7                   
Local shire encoding in scratchpad address in format 0:    127                 
First shire bit in scratchpad address in format 1:         6                   
Number of shire bits in scratchpad address in format 1:    5                   
First shire bit in scratchpad address in format 2:         255                 
Number of shire bits in scratchpad address in format 2:    255                 
First chiplet bit in scratchpad address in format 2:       255                 
Number of chiplet bits in scratchpad address in format 2:  255                 
First chiplet bit in chiplet DDR address:                  255                 
Number of chiplet bits in chiplet DDR address:             255                 
First chiplet bit in interleaved chiplet DDR address:      255                 
Number of chiplet bits in interleaved chiplet DDR address: 255                 

device ready in 0.18 s
device held for 0.52 s
LOGGER NOT INITIALIZED:
		ET [DEVICE_LAYER][TH:130394414939776]: 
PCIe target:                                               /dev/et0_ops        
DRAM base:                                                 549848092672         (0x8005801000)
DRAM size (B):                                             34265366528          (0x7fa600000)
DRAM alignment (bits):                                     64                  
MM SQ count:                                               2                    (0x2)
MM VQ Maximum message size (B):                            1056                 (0x420)
P2P compatibility bitmap:                                  0                    (0x0)
PCIBUS device name:                                        0000:02:00.0        
Physical device ID:                                        0                    (0x0)
Form Factor:                                               PCIE                 (0x0)
TDP (W):                                                   65                  
Minion boot frequency (MHz):                               600                 
L3 size (KB):                                              32768                (0x8000)
L2 size (KB):                                              16384                (0x4000)
Scratch pad size (KB):                                     81920                (0x14000)
Cache line size (B):                                       64                   (0x40)
Number of L2 Banks:                                        4                   
DDR Bandwidth (MB/s):                                      128000              
Spare shire ID:                                            32                  
Architecture revision:                                     ETSOC1               (0x0)
CM active shire mask:                                      4294967295           (0xffffffff)
Scratchpad base address in format 0:                       2147483648           (0x80000000)
Scratchpad base address in format 1:                       3221225472           (0xc0000000)
Scratchpad base address in format 2:                       18446744073709551615 (0xffffffffffffffff)
Local DDR base address:                                    549848092672         (0x8005801000)
Chiplet DDR base address:                                  549848092672         (0x8005801000)
Interleaved DDR base address:                              18446744073709551615 (0xffffffffffffffff)
Single chiplet DDR size:                                   34265366528         
Address alignment bits:                                    64                  
First shire bit in scratchpad address in format 0:         23                  
Number of shire bits in scratchpad address in format 0:    7                   
Local shire encoding in scratchpad address in format 0:    127                 
First shire bit in scratchpad address in format 1:         6                   
Number of shire bits in scratchpad address in format 1:    5                   
First shire bit in scratchpad address in format 2:         255                 
Number of shire bits in scratchpad address in format 2:    255                 
First chiplet bit in scratchpad address in format 2:       255                 
Number of chiplet bits in scratchpad address in format 2:  255                 
First chiplet bit in chiplet DDR address:                  255                 
Number of chiplet bits in chiplet DDR address:             255                 
First chiplet bit in interleaved chiplet DDR address:      255                 
Number of chiplet bits in interleaved chiplet DDR address: 255                 

device ready in 0.18 s
device held for 3.48 s
LOGGER NOT INITIALIZED:
		ET [DEVICE_LAYER][TH:136984736095872]: 
PCIe target:                                               /dev/et0_ops        
DRAM base:                                                 549848092672         (0x8005801000)
DRAM size (B):                                             34265366528          (0x7fa600000)
DRAM alignment (bits):                                     64                  
MM SQ count:                                               2                    (0x2)
MM VQ Maximum message size (B):                            1056                 (0x420)
P2P compatibility bitmap:                                  0                    (0x0)
PCIBUS device name:                                        0000:02:00.0        
Physical device ID:                                        0                    (0x0)
Form Factor:                                               PCIE                 (0x0)
TDP (W):                                                   65                  
Minion boot frequency (MHz):                               600                 
L3 size (KB):                                              32768                (0x8000)
L2 size (KB):                                              16384                (0x4000)
Scratch pad size (KB):                                     81920                (0x14000)
Cache line size (B):                                       64                   (0x40)
Number of L2 Banks:                                        4                   
DDR Bandwidth (MB/s):                                      128000              
Spare shire ID:                                            32                  
Architecture revision:                                     ETSOC1               (0x0)
CM active shire mask:                                      4294967295           (0xffffffff)
Scratchpad base address in format 0:                       2147483648           (0x80000000)
Scratchpad base address in format 1:                       3221225472           (0xc0000000)
Scratchpad base address in format 2:                       18446744073709551615 (0xffffffffffffffff)
Local DDR base address:                                    549848092672         (0x8005801000)
Chiplet DDR base address:                                  549848092672         (0x8005801000)
Interleaved DDR base address:                              18446744073709551615 (0xffffffffffffffff)
Single chiplet DDR size:                                   34265366528         
Address alignment bits:                                    64                  
First shire bit in scratchpad address in format 0:         23                  
Number of shire bits in scratchpad address in format 0:    7                   
Local shire encoding in scratchpad address in format 0:    127                 
First shire bit in scratchpad address in format 1:         6                   
Number of shire bits in scratchpad address in format 1:    5                   
First shire bit in scratchpad address in format 2:         255                 
Number of shire bits in scratchpad address in format 2:    255                 
First chiplet bit in scratchpad address in format 2:       255                 
Number of chiplet bits in scratchpad address in format 2:  255                 
First chiplet bit in chiplet DDR address:                  255                 
Number of chiplet bits in chiplet DDR address:             255                 
First chiplet bit in interleaved chiplet DDR address:      255                 
Number of chiplet bits in interleaved chiplet DDR address: 255                 

device ready in 0.18 s
device held for 0.55 s
LOGGER NOT INITIALIZED:
		ET [DEVICE_LAYER][TH:136459740765824]: 
PCIe target:                                               /dev/et0_ops        
DRAM base:                                                 549848092672         (0x8005801000)
DRAM size (B):                                             34265366528          (0x7fa600000)
DRAM alignment (bits):                                     64                  
MM SQ count:                                               2                    (0x2)
MM VQ Maximum message size (B):                            1056                 (0x420)
P2P compatibility bitmap:                                  0                    (0x0)
PCIBUS device name:                                        0000:02:00.0        
Physical device ID:                                        0                    (0x0)
Form Factor:                                               PCIE                 (0x0)
TDP (W):                                                   65                  
Minion boot frequency (MHz):                               600                 
L3 size (KB):                                              32768                (0x8000)
L2 size (KB):                                              16384                (0x4000)
Scratch pad size (KB):                                     81920                (0x14000)
Cache line size (B):                                       64                   (0x40)
Number of L2 Banks:                                        4                   
DDR Bandwidth (MB/s):                                      128000              
Spare shire ID:                                            32                  
Architecture revision:                                     ETSOC1               (0x0)
CM active shire mask:                                      4294967295           (0xffffffff)
Scratchpad base address in format 0:                       2147483648           (0x80000000)
Scratchpad base address in format 1:                       3221225472           (0xc0000000)
Scratchpad base address in format 2:                       18446744073709551615 (0xffffffffffffffff)
Local DDR base address:                                    549848092672         (0x8005801000)
Chiplet DDR base address:                                  549848092672         (0x8005801000)
Interleaved DDR base address:                              18446744073709551615 (0xffffffffffffffff)
Single chiplet DDR size:                                   34265366528         
Address alignment bits:                                    64                  
First shire bit in scratchpad address in format 0:         23                  
Number of shire bits in scratchpad address in format 0:    7                   
Local shire encoding in scratchpad address in format 0:    127                 
First shire bit in scratchpad address in format 1:         6                   
Number of shire bits in scratchpad address in format 1:    5                   
First shire bit in scratchpad address in format 2:         255                 
Number of shire bits in scratchpad address in format 2:    255                 
First chiplet bit in scratchpad address in format 2:       255                 
Number of chiplet bits in scratchpad address in format 2:  255                 
First chiplet bit in chiplet DDR address:                  255                 
Number of chiplet bits in chiplet DDR address:             255                 
First chiplet bit in interleaved chiplet DDR address:      255                 
Number of chiplet bits in interleaved chiplet DDR address: 255                 

device ready in 0.18 s
device held for 3.39 s
LOGGER NOT INITIALIZED:
		ET [DEVICE_LAYER][TH:129507139485312]: 
PCIe target:                                               /dev/et0_ops        
DRAM base:                                                 549848092672         (0x8005801000)
DRAM size (B):                                             34265366528          (0x7fa600000)
DRAM alignment (bits):                                     64                  
MM SQ count:                                               2                    (0x2)
MM VQ Maximum message size (B):                            1056                 (0x420)
P2P compatibility bitmap:                                  0                    (0x0)
PCIBUS device name:                                        0000:02:00.0        
Physical device ID:                                        0                    (0x0)
Form Factor:                                               PCIE                 (0x0)
TDP (W):                                                   65                  
Minion boot frequency (MHz):                               600                 
L3 size (KB):                                              32768                (0x8000)
L2 size (KB):                                              16384                (0x4000)
Scratch pad size (KB):                                     81920                (0x14000)
Cache line size (B):                                       64                   (0x40)
Number of L2 Banks:                                        4                   
DDR Bandwidth (MB/s):                                      128000              
Spare shire ID:                                            32                  
Architecture revision:                                     ETSOC1               (0x0)
CM active shire mask:                                      4294967295           (0xffffffff)
Scratchpad base address in format 0:                       2147483648           (0x80000000)
Scratchpad base address in format 1:                       3221225472           (0xc0000000)
Scratchpad base address in format 2:                       18446744073709551615 (0xffffffffffffffff)
Local DDR base address:                                    549848092672         (0x8005801000)
Chiplet DDR base address:                                  549848092672         (0x8005801000)
Interleaved DDR base address:                              18446744073709551615 (0xffffffffffffffff)
Single chiplet DDR size:                                   34265366528         
Address alignment bits:                                    64                  
First shire bit in scratchpad address in format 0:         23                  
Number of shire bits in scratchpad address in format 0:    7                   
Local shire encoding in scratchpad address in format 0:    127                 
First shire bit in scratchpad address in format 1:         6                   
Number of shire bits in scratchpad address in format 1:    5                   
First shire bit in scratchpad address in format 2:         255                 
Number of shire bits in scratchpad address in format 2:    255                 
First chiplet bit in scratchpad address in format 2:       255                 
Number of chiplet bits in scratchpad address in format 2:  255                 
First chiplet bit in chiplet DDR address:                  255                 
Number of chiplet bits in chiplet DDR address:             255                 
First chiplet bit in interleaved chiplet DDR address:      255                 
Number of chiplet bits in interleaved chiplet DDR address: 255                 

device ready in 0.18 s
device held for 0.52 s
LOGGER NOT INITIALIZED:
		ET [DEVICE_LAYER][TH:135041066364544]: 
PCIe target:                                               /dev/et0_ops        
DRAM base:                                                 549848092672         (0x8005801000)
DRAM size (B):                                             34265366528          (0x7fa600000)
DRAM alignment (bits):                                     64                  
MM SQ count:                                               2                    (0x2)
MM VQ Maximum message size (B):                            1056                 (0x420)
P2P compatibility bitmap:                                  0                    (0x0)
PCIBUS device name:                                        0000:02:00.0        
Physical device ID:                                        0                    (0x0)
Form Factor:                                               PCIE                 (0x0)
TDP (W):                                                   65                  
Minion boot frequency (MHz):                               600                 
L3 size (KB):                                              32768                (0x8000)
L2 size (KB):                                              16384                (0x4000)
Scratch pad size (KB):                                     81920                (0x14000)
Cache line size (B):                                       64                   (0x40)
Number of L2 Banks:                                        4                   
DDR Bandwidth (MB/s):                                      128000              
Spare shire ID:                                            32                  
Architecture revision:                                     ETSOC1               (0x0)
CM active shire mask:                                      4294967295           (0xffffffff)
Scratchpad base address in format 0:                       2147483648           (0x80000000)
Scratchpad base address in format 1:                       3221225472           (0xc0000000)
Scratchpad base address in format 2:                       18446744073709551615 (0xffffffffffffffff)
Local DDR base address:                                    549848092672         (0x8005801000)
Chiplet DDR base address:                                  549848092672         (0x8005801000)
Interleaved DDR base address:                              18446744073709551615 (0xffffffffffffffff)
Single chiplet DDR size:                                   34265366528         
Address alignment bits:                                    64                  
First shire bit in scratchpad address in format 0:         23                  
Number of shire bits in scratchpad address in format 0:    7                   
Local shire encoding in scratchpad address in format 0:    127                 
First shire bit in scratchpad address in format 1:         6                   
Number of shire bits in scratchpad address in format 1:    5                   
First shire bit in scratchpad address in format 2:         255                 
Number of shire bits in scratchpad address in format 2:    255                 
First chiplet bit in scratchpad address in format 2:       255                 
Number of chiplet bits in scratchpad address in format 2:  255                 
First chiplet bit in chiplet DDR address:                  255                 
Number of chiplet bits in chiplet DDR address:             255                 
First chiplet bit in interleaved chiplet DDR address:      255                 
Number of chiplet bits in interleaved chiplet DDR address: 255                 

device ready in 0.18 s
device held for 3.39 s
