epoch_ms,watts
1789837037239,31.83
1789837037257,31.83
1789837037283,31.83
1789837037315,31.83
1789837037349,31.96
1789837037381,31.96
1789837037412,31.96
1789837037447,31.96
1789837037483,31.95
1789837037518,31.95
1789837037554,31.95
1789837037590,31.94
1789837037624,31.94
1789837037657,31.94
1789837037687,31.94
1789837037711,31.94
1789837038842,31.91
1789837038861,31.91
1789837038890,31.91
1789837038918,31.91
1789837038950,31.91
1789837038985,31.91
1789837039022,31.91
1789837039053,31.91
1789837039076,31.97
1789837039110,31.97
1789837039146,31.97
1789837039181,31.97
1789837039217,31.94
1789837039245,31.94
1789837039267,31.94
1789837039291,31.94
1789837039318,31.94
1789837039347,31.91
1789837039365,31.91
1789837039391,31.91
1789837039426,31.91
1789837039461,31.91
1789837039490,31.94
1789837039526,31.94
1789837039558,31.94
1789837039591,31.87
1789837039627,31.87
1789837039662,31.87
1789837039694,31.87
1789837039716,31.87
1789837039752,31.91
1789837039788,31.91
1789837039823,31.91
1789837039858,31.91
1789837039891,31.84
1789837039928,31.84
1789837039964,31.84
1789837040000,31.91
1789837040034,31.91
1789837040067,31.91
1789837040103,31.91
1789837040139,31.87
1789837040171,31.87
1789837040208,31.87
1789837040233,31.87
1789837040256,31.87
1789837040282,31.86
1789837040304,31.86
1789837040334,31.86
1789837040356,31.86
1789837040390,31.86
1789837040413,31.83
1789837040449,31.83
1789837040485,31.83
1789837040508,31.83
1789837040543,31.98
1789837040579,31.98
1789837040616,31.98
1789837040652,31.98
1789837040688,31.91
1789837040724,31.91
1789837040759,31.91
1789837040793,31.91
1789837040829,31.91
1789837040859,31.91
1789837040894,31.91
1789837040930,31.91
1789837040963,31.91
1789837040998,31.91
1789837041032,31.91
1789837041065,31.91
1789837041087,31.91
1789837041120,31.91
1789837041146,31.91
1789837041178,31.91
1789837041213,31.9
1789837041236,31.9
1789837041256,31.9
1789837041279,31.9
1789837041305,31.9
1789837041327,31.9
1789837041355,31.88
1789837041391,31.88
1789837041408,31.88
1789837041430,31.88
1789837041464,31.88
1789837041494,31.87
1789837041516,31.87
1789837041551,31.87
1789837041588,31.87
1789837041618,31.94
1789837041641,31.94
1789837041676,31.94
1789837041709,31.94
1789837041732,31.91
1789837041767,31.91
1789837041803,31.91
1789837041840,31.91
1789837041875,31.91
1789837041910,31.91
1789837041939,31.91
1789837041961,31.91
1789837041996,31.91
1789837042028,31.97
1789837042060,31.97
1789837042082,31.97
1789837042104,31.97
1789837042137,31.93
1789837042173,31.93
1789837042210,31.93
1789837042234,31.93
1789837042263,31.93
1789837042284,31.91
1789837042313,31.91
1789837042341,31.91
1789837042373,31.91
1789837042400,31.91
1789837042422,31.85
1789837042455,31.85
1789837042492,31.85
1789837042524,31.85
1789837042546,31.89
1789837042581,31.89
1789837042616,31.89
1789837042635,31.89
1789837042667,31.89
1789837042700,31.95
1789837042737,31.95
1789837042769,31.95
1789837042803,31.88
1789837042839,31.88
1789837042876,31.88
1789837042900,31.88
1789837042916,31.88
1789837042933,31.88
1789837042949,31.88
1789837042966,31.83
1789837042982,31.83
1789837042998,31.83
1789837043014,31.83
1789837043030,31.83
1789837043047,31.83
1789837043063,31.83
1789837043079,31.83
1789837043095,34.88
1789837043111,34.88
1789837043127,34.88
1789837043144,34.88
1789837043160,34.88
1789837043175,34.88
1789837043191,34.88
1789837043208,34.88
1789837043223,34.91
1789837043239,34.91
1789837043255,34.91
1789837043272,34.91
1789837043288,34.91
1789837043304,34.91
1789837043321,34.91
1789837043337,34.91
1789837043353,34.92
1789837043368,34.92
1789837043384,34.92
1789837043400,34.92
1789837043416,34.92
1789837043433,34.92
1789837043449,34.92
1789837043465,34.92
1789837043481,34.92
1789837043497,34.82
1789837043513,34.82
1789837043529,34.82
1789837043545,34.82
1789837043562,34.82
1789837043578,34.82
1789837043594,34.82
1789837043610,34.82
1789837043627,34.79
1789837043642,34.79
1789837043659,34.79
1789837043675,34.79
1789837043691,34.79
1789837043706,34.79
1789837043722,34.79
1789837043738,34.79
1789837043755,34.93
1789837043770,34.93
1789837043785,34.93
1789837043802,34.93
1789837043818,34.93
1789837043834,34.93
1789837043850,34.93
1789837043867,34.93
1789837043883,34.93
1789837043899,34.88
1789837043914,34.88
1789837043931,34.88
1789837043947,34.88
1789837043963,34.88
1789837043980,34.88
1789837043996,34.88
1789837044012,34.88
1789837044028,34.96
1789837044044,34.96
1789837044060,34.96
1789837044077,34.96
1789837044093,34.96
1789837044109,34.96
1789837044125,34.96
1789837044141,34.96
1789837044158,35
1789837044173,35
1789837044188,35
1789837044205,35
1789837044221,35
1789837044237,35
1789837044254,35
1789837044270,35
1789837044286,35
1789837044302,34.97
1789837044317,34.97
1789837044334,34.97
1789837044350,34.97
1789837044366,34.97
1789837044383,34.97
1789837044399,34.97
1789837044415,34.97
1789837044431,34.96
1789837044447,34.96
1789837044463,34.96
1789837044480,34.96
1789837044496,34.96
1789837044512,34.96
1789837044529,34.96
1789837044545,34.96
1789837044561,34.99
1789837044576,34.99
1789837044591,34.99
1789837044608,34.99
1789837044624,34.99
1789837044640,34.99
1789837044657,34.99
1789837044673,34.99
1789837044689,34.99
1789837044705,34.97
1789837044721,34.97
1789837044737,34.97
1789837044753,34.97
1789837044770,34.97
1789837044786,34.97
1789837044802,34.97
1789837044819,34.97
1789837044834,35.05
1789837044850,35.05
1789837044867,35.05
1789837044883,35.05
1789837044899,35.05
1789837044916,35.05
1789837044932,35.05
1789837044948,35.05
1789837044964,35.05
1789837044980,35.05
1789837044996,35.05
1789837045013,35.05
1789837045029,35.05
1789837045045,35.05
1789837045061,35.05
1789837045078,35.05
1789837045094,35.05
1789837045109,35.05
1789837045126,35.05
1789837045142,35.05
1789837045158,35.05
1789837045174,35.05
1789837045189,35.05
1789837045206,35.05
1789837045222,35.05
1789837045238,34.96
1789837045254,34.96
1789837045270,34.96
1789837045286,34.96
1789837045303,34.96
1789837045319,34.96
1789837045335,34.96
1789837045351,34.96
1789837045367,35.03
1789837045383,35.03
1789837045400,35.03
1789837045416,35.03
1789837045432,35.03
1789837045448,35.03
1789837045465,35.03
1789837045481,35.03
1789837045497,35.05
1789837045512,35.05
1789837045528,35.05
1789837045544,35.05
1789837045560,35.05
1789837045577,35.05
1789837045593,35.05
1789837045609,35.05
1789837045625,35.05
1789837045641,35.11
1789837045657,35.11
1789837045674,35.11
1789837045690,35.11
1789837045705,35.11
1789837045721,35.11
1789837045737,35.11
1789837045754,35.11
1789837045769,35.05
1789837045785,35.05
1789837045802,35.05
1789837045818,35.05
1789837045834,35.05
1789837045850,35.05
1789837045867,35.05
1789837045883,35.05
1789837045899,35.07
1789837045914,35.07
1789837045930,35.07
1789837045946,35.07
1789837045962,35.07
1789837045978,35.07
1789837045995,35.07
1789837046011,35.07
1789837046026,35.07
1789837046042,35.03
1789837046058,35.03
1789837046074,35.03
1789837046091,35.03
1789837046107,35.03
1789837046123,35.03
1789837046139,35.03
1789837046156,35.03
1789837046172,34.98
1789837046187,34.98
1789837046204,34.98
1789837046220,34.98
1789837046236,34.98
1789837046253,34.98
1789837046269,34.98
1789837046285,34.98
1789837046301,34.99
1789837046316,34.99
1789837046332,34.99
1789837046348,34.99
1789837046364,34.99
1789837046381,34.99
1789837046397,34.99
1789837046413,34.99
1789837046430,34.99
1789837046445,35.05
1789837046461,35.05
1789837046477,35.05
1789837046494,35.05
1789837046510,35.05
1789837046526,35.05
1789837046543,35.05
1789837046559,35.05
1789837046575,35.1
1789837046590,35.1
1789837046607,35.1
1789837046623,35.1
1789837046639,35.1
1789837046656,35.1
1789837046672,35.1
1789837046688,35.1
1789837046703,35.09
1789837046718,35.09
1789837046733,35.09
1789837046750,35.09
1789837046766,35.09
1789837046782,35.09
1789837046798,35.09
1789837046815,35.09
1789837046831,35.09
1789837046847,35.12
1789837046863,35.12
1789837046879,35.12
1789837046895,35.12
1789837046912,35.12
1789837046926,35.12
1789837046943,35.12
1789837046959,35.12
1789837046975,35.04
1789837046991,35.04
1789837047007,35.04
1789837047024,35.04
1789837047040,35.04
1789837047056,35.04
1789837047072,35.04
1789837047089,35.04
1789837047105,35.1
1789837047120,35.1
1789837047137,35.1
1789837047153,35.1
1789837047169,35.1
1789837047185,35.1
1789837047202,35.1
1789837047218,35.1
1789837047234,35.1
1789837047250,35.19
1789837047266,35.19
1789837047282,35.19
1789837047299,35.19
1789837047315,35.19
1789837047332,35.19
1789837047348,35.19
1789837047364,35.19
1789837047379,35.12
1789837047396,35.12
1789837047412,35.12
1789837047428,35.12
1789837047445,35.12
1789837047461,35.12
1789837047477,35.12
1789837047493,35.12
1789837047510,35.12
1789837047525,35.12
1789837047542,35.12
1789837047558,35.12
1789837047574,35.12
1789837047590,35.12
1789837047606,35.12
1789837047623,35.12
1789837047639,35.12
1789837047654,35.03
1789837047670,35.03
1789837047686,35.03
1789837047702,35.03
1789837047718,35.03
1789837047735,35.03
1789837047751,35.03
1789837047768,35.03
1789837047783,35
1789837047799,35
1789837047815,35
1789837047832,35
1789837047848,35
1789837047864,35
1789837047880,35
1789837047897,35
1789837047913,35.09
1789837047928,35.09
1789837047945,35.09
1789837047961,35.09
1789837047977,35.09
1789837047992,35.09
1789837048008,35.09
1789837048025,35.09
1789837048041,35.09
1789837048056,35.07
1789837048071,35.07
1789837048086,35.07
1789837048101,35.07
1789837048118,35.07
1789837048134,35.07
1789837048150,35.07
1789837048167,35.07
1789837048182,35.13
1789837048198,35.13
1789837048216,35.13
1789837048232,35.13
1789837048249,35.13
1789837048265,35.13
1789837048281,35.13
1789837048297,35.13
1789837048313,35.15
1789837048329,35.15
1789837048344,35.15
1789837048360,35.15
1789837048376,35.15
1789837048393,35.15
1789837048409,35.15
1789837048425,35.15
1789837048442,35.15
1789837048458,35.09
1789837048473,35.09
1789837048490,35.09
1789837048506,35.09
1789837048522,35.09
1789837048539,35.09
1789837048555,35.09
1789837048571,35.09
1789837048587,35.14
1789837048603,35.14
1789837048619,35.14
1789837048636,35.14
1789837048652,35.14
1789837048668,35.14
1789837048684,35.14
1789837048701,35.14
1789837048717,35.22
1789837048732,35.22
1789837048749,35.22
1789837048765,35.22
1789837048781,35.22
1789837048797,35.22
1789837048814,35.22
1789837048830,35.22
1789837048847,35.17
1789837048862,35.17
1789837048877,35.17
1789837048893,35.17
1789837048909,35.17
1789837048926,35.17
1789837048942,35.17
1789837048958,35.17
1789837048975,35.17
1789837048990,34.96
1789837049006,34.96
1789837049023,34.96
1789837049039,34.96
1789837049055,34.96
1789837049072,34.96
1789837049088,34.96
1789837049105,34.96
1789837049121,32.2
1789837049137,32.2
1789837049154,32.2
1789837049172,32.2
1789837049199,32.2
1789837049220,32.2
1789837049237,32.2
1789837049253,32.09
1789837049275,32.09
1789837049311,32.09
1789837049340,32.09
1789837049358,32.09
1789837049380,32.14
1789837049415,32.14
1789837049451,32.14
1789837049485,32.14
1789837049520,32.11
1789837049556,32.11
1789837049593,32.11
1789837049629,32.11
1789837049664,32.18
1789837049691,32.18
1789837049726,32.18
1789837049760,32.18
1789837049796,32.11
1789837049833,32.11
1789837049868,32.11
1789837049901,32.11
1789837049936,32.1
1789837049973,32.1
1789837050008,32.1
1789837050041,32.13
1789837050074,32.13
1789837050106,32.13
1789837050142,32.13
1789837050178,32.08
1789837050211,32.08
1789837050233,32.08
1789837050250,32.08
1789837050267,32.08
1789837050290,32.08
1789837050324,32.11
1789837050357,32.11
1789837050389,32.11
1789837050425,32.11
1789837050461,32
1789837050494,32
1789837050526,32
1789837050562,32
1789837050597,32.04
1789837050633,32.04
1789837050669,32.04
1789837050702,32.04
1789837050724,32.05
1789837050760,32.05
1789837050795,32.05
1789837050818,32.05
1789837050849,31.98
1789837050886,31.98
1789837050921,31.98
1789837050957,31.98
1789837050991,32.1
1789837051022,32.1
1789837051040,32.1
1789837051068,32.1
1789837051103,32.1
1789837051138,32.01
1789837051173,32.01
1789837051208,32.01
1789837051239,32.01
1789837051267,32.14
1789837051289,32.14
1789837051324,32.14
1789837051348,32.14
1789837051365,32.14
1789837051386,32.02
1789837051422,32.02
1789837051456,32.02
1789837051488,32.02
1789837051511,32.1
1789837051546,32.1
1789837051579,32.1
1789837051614,32.1
1789837051649,32.01
1789837051685,32.01
1789837051718,32.01
1789837051752,32.01
1789837051787,31.99
1789837051824,31.99
1789837051859,31.99
1789837051895,31.99
1789837051932,32.04
1789837051965,32.04
1789837052002,32.04
1789837052040,32.04
1789837052075,32.04
1789837052107,32.04
1789837052135,32.04
1789837052165,32.04
1789837052198,32.08
1789837052231,32.08
1789837052247,32.08
1789837052263,32.08
1789837052285,32.08
1789837052321,32.07
1789837052349,32.07
1789837052371,32.07
1789837052405,32.07
1789837052438,32.07
1789837052474,31.95
1789837052510,31.95
1789837052539,31.95
1789837052555,31.95
1789837052578,31.95
1789837052614,32.01
1789837052649,32.01
1789837052684,32.01
1789837052718,32.01
1789837052752,32.01
1789837052787,32.01
1789837052822,32.01
1789837052858,31.95
1789837052893,31.95
1789837052927,31.95
1789837052959,31.95
1789837052996,31.95
1789837053027,31.95
1789837053050,31.95
1789837053085,31.95
1789837053122,31.98
1789837054235,34.27
1789837054251,34.27
1789837054267,34.27
1789837054284,34.27
1789837054300,34.27
1789837054316,34.27
1789837054333,34.34
1789837054348,34.34
1789837054364,34.34
1789837054381,34.34
1789837054397,34.34
1789837054413,34.34
1789837054429,34.34
1789837054445,34.34
1789837054460,34.34
1789837054476,34.43
1789837054492,34.43
1789837054509,34.43
1789837054525,34.43
1789837054541,34.43
1789837054557,34.43
1789837054572,34.43
1789837054589,34.43
1789837054605,34.33
1789837054620,34.33
1789837054637,34.33
1789837054652,34.33
1789837054668,34.33
1789837054683,34.33
1789837054699,34.33
1789837054715,34.33
1789837054732,34.33
1789837054748,34.33
1789837054765,34.33
1789837054781,34.33
1789837054797,34.33
1789837054814,34.33
1789837054830,34.33
1789837054846,34.33
1789837054862,34.33
1789837054878,34.26
1789837054894,34.26
1789837054911,34.26
1789837054927,34.26
1789837054943,34.26
1789837054960,34.26
1789837054976,34.26
1789837054992,34.26
1789837055008,34.28
1789837055024,34.28
1789837055039,34.28
1789837055055,34.28
1789837055071,34.28
1789837055088,34.28
1789837055104,34.28
1789837055120,34.28
1789837055137,34.28
1789837055152,34.35
1789837055168,34.35
1789837055185,34.35
1789837055201,34.35
1789837055217,34.35
1789837055233,34.35
1789837055250,34.35
1789837055266,34.35
1789837055282,34.31
1789837055298,34.31
1789837055314,34.31
1789837055330,34.31
1789837055347,34.31
1789837055363,34.31
1789837055379,34.31
1789837055395,34.31
1789837055411,34.26
1789837055427,34.26
1789837055443,34.26
1789837055460,34.26
1789837055476,34.26
1789837055492,34.26
1789837055509,34.26
1789837055525,34.26
1789837055541,34.34
1789837055557,34.34
1789837055573,34.34
1789837055589,34.34
1789837055605,34.34
1789837055622,34.34
1789837055638,34.34
1789837055654,34.34
1789837055671,34.34
1789837055686,34.35
1789837055702,34.35
1789837055719,34.35
1789837055735,34.35
1789837055751,34.35
1789837055768,34.35
1789837055784,34.35
1789837055800,34.35
1789837055816,34.42
1789837055832,34.42
1789837055848,34.42
1789837055864,34.42
1789837055881,34.42
1789837055897,34.42
1789837055913,34.42
1789837055930,34.42
1789837055946,34.34
1789837055961,34.34
1789837055977,34.34
1789837055994,34.34
1789837056010,34.34
1789837056026,34.34
1789837056041,34.34
1789837056058,34.34
1789837056074,34.35
1789837056090,34.35
1789837056106,34.35
1789837056122,34.35
1789837056138,34.35
1789837056155,34.35
1789837056171,34.35
1789837056187,34.35
1789837056204,34.35
1789837056220,34.38
1789837056237,34.38
1789837056253,34.38
1789837056269,34.38
1789837056286,34.38
1789837056302,34.38
1789837056318,34.38
1789837056335,34.38
1789837056350,34.38
1789837056366,34.38
1789837056382,34.38
1789837056399,34.38
1789837056415,34.38
1789837056431,34.38
1789837056447,34.38
1789837056464,34.38
1789837056480,34.41
1789837056495,34.41
1789837056511,34.41
1789837056528,34.41
1789837056544,34.41
1789837056560,34.41
1789837056575,34.41
1789837056591,34.41
1789837056608,34.41
1789837056623,34.37
1789837056640,34.37
1789837056656,34.37
1789837056671,34.37
1789837056687,34.37
1789837056703,34.37
1789837056720,34.37
1789837056736,34.37
1789837056752,34.29
1789837056768,34.29
1789837056784,34.29
1789837056800,34.29
1789837056816,34.29
1789837056833,34.29
1789837056849,34.29
1789837056865,34.29
1789837056882,34.36
1789837056897,34.36
1789837056912,34.36
1789837056928,34.36
1789837056945,34.36
1789837056961,34.36
1789837056977,34.36
1789837056993,34.36
1789837057010,34.36
1789837057025,34.37
1789837057040,34.37
1789837057056,34.37
1789837057071,34.37
1789837057088,34.37
1789837057104,34.37
1789837057120,34.37
1789837057136,34.37
1789837057152,34.39
1789837057168,34.39
1789837057184,34.39
1789837057200,34.39
1789837057217,34.39
1789837057233,34.39
1789837057250,34.39
1789837057266,34.39
1789837057282,34.36
1789837057297,34.36
1789837057312,34.36
1789837057328,34.36
1789837057345,34.36
1789837057361,34.36
1789837057377,34.36
1789837057394,34.36
1789837057410,34.36
1789837057425,34.37
1789837057440,34.37
1789837057457,34.37
1789837057473,34.37
1789837057489,34.37
1789837057506,34.37
1789837057522,34.37
1789837057538,34.37
1789837057554,34.47
1789837057569,34.47
1789837057586,34.47
1789837057602,34.47
1789837057618,34.47
1789837057635,34.47
1789837057651,34.47
1789837057667,34.47
1789837057683,34.46
1789837057698,34.46
1789837057714,34.46
1789837057730,34.46
1789837057747,34.46
1789837057763,34.46
1789837057779,34.46
1789837057795,34.46
1789837057812,34.46
1789837057827,34.42
1789837057843,34.42
1789837057860,34.42
1789837057876,34.42
1789837057892,34.42
1789837057909,34.42
1789837057925,34.42
1789837057941,34.42
1789837057957,34.37
1789837057972,34.37
1789837057989,34.37
1789837058005,34.37
1789837058020,34.37
1789837058036,34.37
1789837058053,34.37
1789837058069,34.37
1789837058085,34.34
1789837058100,34.34
1789837058115,34.34
1789837058132,34.34
1789837058148,34.34
1789837058164,34.34
1789837058181,34.34
1789837058196,34.34
1789837058212,34.34
1789837058227,34.38
1789837058244,34.38
1789837058260,34.38
1789837058276,34.38
1789837058293,34.38
1789837058309,34.38
1789837058325,34.38
1789837058340,34.38
1789837058356,34.41
1789837058371,34.41
1789837058387,34.41
1789837058404,34.41
1789837058420,34.41
1789837058436,34.41
1789837058453,34.41
1789837058469,34.41
1789837058485,34.37
1789837058500,34.37
1789837058516,34.37
1789837058532,34.37
1789837058548,34.37
1789837058565,34.37
1789837058581,34.37
1789837058597,34.37
1789837058614,34.37
1789837058629,34.35
1789837058645,34.35
1789837058661,34.35
1789837058676,34.35
1789837058693,34.35
1789837058708,34.35
1789837058724,34.35
1789837058741,34.35
1789837058757,34.37
1789837058772,34.37
1789837058787,34.37
1789837058803,34.37
1789837058819,34.37
1789837058836,34.37
1789837058852,34.37
1789837058868,34.37
1789837058885,34.37
1789837058900,34.35
1789837058916,34.35
1789837058933,34.35
1789837058949,34.35
1789837058965,34.35
1789837058982,34.35
1789837058998,34.35
1789837059014,34.35
1789837059030,34.42
1789837059046,34.42
1789837059062,34.42
1789837059079,34.42
1789837059095,34.42
1789837059111,34.42
1789837059127,34.42
1789837059144,34.42
1789837059160,34.39
1789837059175,34.39
1789837059191,34.39
1789837059208,34.39
1789837059224,34.39
1789837059240,34.39
1789837059256,34.39
1789837059273,34.39
1789837059289,34.37
1789837059304,34.37
1789837059321,34.37
1789837059337,34.37
1789837059353,34.37
1789837059369,34.37
1789837059386,34.37
1789837059401,34.37
1789837059417,34.37
1789837059434,34.32
1789837059450,34.32
1789837059466,34.32
1789837059483,34.32
1789837059499,34.32
1789837059516,34.32
1789837059532,34.32
1789837059548,34.32
1789837059564,34.38
1789837059579,34.38
1789837059595,34.38
1789837059612,34.38
1789837059628,34.38
1789837059644,34.38
1789837059661,34.38
1789837059677,34.38
1789837059693,34.43
1789837059708,34.43
1789837059724,34.43
1789837059740,34.43
1789837059756,34.43
1789837059772,34.43
1789837059789,34.43
1789837059805,34.43
1789837059821,34.43
1789837059837,32.26
1789837059854,32.26
1789837059870,32.26
1789837059886,32.26
1789837059905,32.26
1789837059931,32.26
1789837059965,32.17
1789837059983,32.17
1789837060007,32.17
1789837060041,32.17
1789837060076,32.17
1789837060104,32.09
1789837060126,32.09
1789837060160,32.09
1789837060194,32.09
1789837060211,32.09
1789837060233,32.13
1789837060268,32.13
1789837060303,32.13
1789837060340,32.13
1789837060376,32.1
1789837060412,32.1
1789837060438,32.1
1789837060473,32.1
1789837060507,32.01
1789837060544,32.01
1789837060572,32.01
1789837060608,32.01
1789837060639,32.01
1789837060669,32.01
1789837060703,32.01
1789837060740,32.01
1789837060772,32.01
1789837060796,32.01
1789837060820,32.01
1789837060855,32.01
1789837060889,31.99
1789837060925,31.99
1789837060960,31.99
1789837060994,31.99
1789837061028,32.15
1789837061064,32.15
1789837061099,32.15
1789837061122,32.15
1789837061157,32.06
1789837061192,32.06
1789837061219,32.06
1789837061235,32.06
1789837061257,32.06
1789837061281,32.06
1789837061316,32.02
1789837061343,32.02
1789837061365,32.02
1789837061399,32.02
1789837061435,32.1
1789837061469,32.1
1789837061498,32.1
1789837061521,32.1
1789837061555,32.1
1789837061572,31.91
1789837061601,31.91
1789837061636,31.91
1789837061671,31.91
1789837061706,32.08
1789837061738,32.08
1789837061773,32.08
1789837061809,32.08
1789837061845,32
1789837061879,32
1789837061915,32
1789837061949,32
1789837061985,32.11
1789837062017,32.11
1789837062039,32.11
1789837062074,32.11
1789837062104,32.05
1789837062127,32.05
1789837062163,32.05
1789837062195,32.05
1789837062225,32.05
1789837062240,31.99
1789837062259,31.99
1789837062282,31.99
1789837062317,31.99
1789837062345,31.99
1789837062367,32.09
1789837062403,32.09
1789837062439,32.09
1789837062475,32.09
1789837062511,32.05
1789837062544,32.05
1789837062575,32.05
1789837062611,32.05
1789837062646,32
1789837062679,32
1789837062707,32
1789837062744,32
1789837062780,31.98
1789837062803,31.98
1789837062839,31.98
1789837062872,31.98
1789837062904,32.01
1789837062940,32.01
1789837062973,32.01
1789837063009,32.01
1789837063046,31.98
1789837063080,31.98
1789837063115,31.98
1789837063152,31.98
1789837063187,31.96
1789837063219,31.96
1789837063236,31.96
1789837063259,31.96
1789837063282,31.96
1789837063315,31.98
1789837063343,31.98
1789837063366,31.98
1789837063399,31.98
1789837063434,32
1789837063464,32
1789837063484,32
1789837063518,32
1789837063554,32
1789837063590,32.09
1789837063625,32.09
1789837063659,32.09
1789837063689,32.09
1789837063711,32
1789837063745,32
1789837063780,32
1789837063816,32
1789837063852,31.97
1789837063887,31.97
1789837063913,31.97
1789837063930,31.97
1789837063946,31.97
1789837063962,31.97
1789837063978,32.07
1789837063995,32.07
1789837064023,32.07
1789837064057,32.07
1789837064092,32.04
1789837064127,32.04
1789837064156,32.04
1789837064189,32.04
1789837064219,32.04
1789837064235,32.04
1789837064257,31.97
1789837064293,31.97
1789837064330,31.97
1789837064356,31.97
1789837064385,31.94
1789837064421,31.94
1789837064456,31.94
1789837064481,31.94
1789837064516,31.97
1789837064551,31.97
1789837064587,31.97
1789837064622,31.97
1789837064656,31.94
1789837064685,31.94
1789837064703,31.94
1789837064739,31.94
1789837064774,32.02
1789837064807,32.02
1789837064834,32.02
1789837064870,32.02
1789837064906,31.95
1789837064942,31.95
1789837064978,31.95
1789837065003,31.95
1789837065019,31.95
1789837065035,31.95
1789837065052,31.93
1789837065068,31.93
1789837065085,31.93
1789837065101,31.93
1789837065118,31.93
1789837065134,31.93
1789837065150,31.93
1789837065166,31.93
1789837065182,33.85
1789837065197,33.85
1789837065214,33.85
1789837065230,33.85
1789837065246,33.85
1789837065263,33.85
1789837065279,33.85
1789837065295,33.85
1789837065312,33.84
1789837065327,33.84
1789837065342,33.84
1789837065358,33.84
1789837065374,33.84
1789837065391,33.84
1789837065406,33.84
1789837065422,33.84
1789837065438,33.84
1789837065454,33.9
1789837065470,33.9
1789837065486,33.9
1789837065503,33.9
1789837065519,33.9
1789837065535,33.9
1789837065551,33.9
1789837065568,33.9
1789837065584,33.75
1789837065599,33.75
1789837065615,33.75
1789837065632,33.75
1789837065648,33.75
1789837065664,33.75
1789837065681,33.75
1789837065697,33.75
1789837065713,33.84
1789837065728,33.84
1789837065743,33.84
1789837065760,33.84
1789837065776,33.84
1789837065791,33.84
1789837065807,33.84
1789837065824,33.84
1789837065840,33.84
1789837065855,33.79
1789837065871,33.79
1789837065887,33.79
1789837065904,33.79
1789837065920,33.79
1789837065936,33.79
1789837065953,33.79
1789837065969,33.79
1789837065985,33.89
1789837066000,33.89
1789837066017,33.89
1789837066033,33.89
1789837066049,33.89
1789837066066,33.89
1789837066082,33.89
1789837066098,33.89
1789837066114,33.89
1789837066129,33.89
1789837066145,33.89
1789837066161,33.89
1789837066177,33.89
1789837066192,33.89
1789837066209,33.89
1789837066225,33.89
1789837066241,33.89
1789837066257,33.86
1789837066273,33.86
1789837066289,33.86
1789837066305,33.86
1789837066321,33.86
1789837066338,33.86
1789837066354,33.86
1789837066370,33.86
1789837066386,33.84
1789837066402,33.84
1789837066418,33.84
1789837066434,33.84
1789837066450,33.84
1789837066467,33.84
1789837066482,33.84
1789837066498,33.84
1789837066514,33.84
1789837066530,33.96
1789837066545,33.96
1789837066561,33.96
1789837066577,33.96
1789837066594,33.96
1789837066610,33.96
1789837066626,33.96
1789837066642,33.96
1789837066658,33.89
1789837066674,33.89
1789837066690,33.89
1789837066707,33.89
1789837066723,33.89
1789837066739,33.89
1789837066756,33.89
1789837066772,33.89
1789837066788,33.95
1789837066804,33.95
1789837066820,33.95
1789837066836,33.95
1789837066852,33.95
1789837066868,33.95
1789837066885,33.95
1789837066901,33.95
1789837066917,33.87
1789837066933,33.87
1789837066948,33.87
1789837066963,33.87
1789837066979,33.87
1789837066994,33.87
1789837067010,33.87
1789837067027,33.87
1789837067043,33.87
1789837067059,33.9
1789837067075,33.9
1789837067090,33.9
1789837067106,33.9
1789837067122,33.9
1789837067138,33.9
1789837067155,33.9
1789837067171,33.9
1789837067187,33.84
1789837067203,33.84
1789837067219,33.84
1789837067235,33.84
1789837067252,33.84
1789837067268,33.84
1789837067284,33.84
1789837067300,33.84
1789837067317,33.84
1789837067332,33.84
1789837067349,33.84
1789837067365,33.84
1789837067381,33.84
1789837067397,33.84
1789837067414,33.84
1789837067430,33.84
1789837067446,33.84
1789837067462,33.84
1789837067478,33.84
1789837067494,33.84
1789837067511,33.84
1789837067527,33.84
1789837067543,33.84
1789837067559,33.84
1789837067576,33.84
1789837067592,33.84
1789837067607,33.84
1789837067623,33.84
1789837067639,33.84
1789837067654,33.84
1789837067671,33.84
1789837067687,33.84
1789837067702,33.84
1789837067718,33.84
1789837067734,33.93
1789837067749,33.93
1789837067765,33.93
1789837067780,33.93
1789837067795,33.93
1789837067811,33.93
1789837067827,33.93
1789837067844,33.93
1789837067860,33.84
1789837067875,33.84
1789837067890,33.84
1789837067907,33.84
1789837067923,33.84
1789837067939,33.84
1789837067956,33.84
1789837067972,33.84
1789837067988,33.93
1789837068003,33.93
1789837068019,33.93
1789837068036,33.93
1789837068052,33.93
1789837068068,33.93
1789837068084,33.93
1789837068101,33.93
1789837068117,33.93
1789837068133,33.93
1789837068149,33.93
1789837068165,33.93
1789837068181,33.93
1789837068198,33.93
1789837068215,33.93
1789837068230,33.93
1789837068247,33.93
1789837068263,33.95
1789837068279,33.95
1789837068295,33.95
1789837068310,33.95
1789837068326,33.95
1789837068342,33.95
1789837068359,33.95
1789837068375,33.95
1789837068391,33.92
1789837068407,33.92
1789837068422,33.92
1789837068439,33.92
1789837068455,33.92
1789837068471,33.92
1789837068488,33.92
1789837068504,33.92
1789837068520,33.92
1789837068535,33.9
1789837068551,33.9
1789837068567,33.9
1789837068583,33.9
1789837068599,33.9
1789837068615,33.9
1789837068631,33.9
1789837068647,33.9
1789837068663,33.97
1789837068679,33.97
1789837068695,33.97
1789837068712,33.97
1789837068728,33.97
1789837068744,33.97
1789837068759,33.97
1789837068774,33.97
1789837068790,33.97
1789837068805,33.96
1789837068822,33.96
1789837068838,33.96
1789837068854,33.96
1789837068870,33.96
1789837068887,33.96
1789837068903,33.96
1789837068919,33.96
1789837068935,33.8
1789837068951,33.8
1789837068967,33.8
1789837068984,33.8
1789837069000,33.8
1789837069016,33.8
1789837069033,33.8
1789837069049,33.8
1789837069065,33.92
1789837069081,33.92
1789837069097,33.92
1789837069113,33.92
1789837069130,33.92
1789837069146,33.92
1789837069162,33.92
1789837069178,33.92
1789837069195,33.89
1789837069210,33.89
1789837069226,33.89
1789837069242,33.89
1789837069259,33.89
1789837069275,33.89
1789837069291,33.89
1789837069307,33.89
1789837069324,33.89
1789837069339,33.84
1789837069355,33.84
1789837069371,33.84
1789837069388,33.84
1789837069404,33.84
1789837069420,33.84
1789837069437,33.84
1789837069453,33.84
1789837069468,33.97
1789837069485,33.97
1789837069501,33.97
1789837069517,33.97
1789837069534,33.97
1789837069550,33.97
1789837069566,33.97
1789837069582,33.97
1789837069598,33.84
1789837069614,33.84
1789837069629,33.84
1789837069645,33.84
1789837069662,33.84
1789837069678,33.84
1789837069694,33.84
1789837069711,33.84
1789837069727,33.84
1789837069742,33.85
1789837069759,33.85
1789837069775,33.85
1789837069790,33.85
1789837069806,33.85
1789837069822,33.85
1789837069839,33.85
1789837069855,33.85
1789837069871,33.84
1789837069887,33.84
1789837069903,33.84
1789837069919,33.84
1789837069935,33.84
1789837069952,33.84
1789837069968,33.84
1789837069985,33.84
1789837070000,33.98
1789837070016,33.98
1789837070031,33.98
1789837070047,33.98
1789837070064,33.98
1789837070080,33.98
1789837070096,33.98
1789837070112,33.98
1789837070129,33.98
1789837070144,33.96
1789837070160,33.96
1789837070177,33.96
1789837070193,33.96
1789837070210,33.96
1789837070226,33.96
1789837070242,33.96
1789837070258,33.96
1789837070274,33.93
1789837070290,33.93
1789837070306,33.93
1789837070323,33.93
1789837070339,33.93
1789837070355,33.93
1789837070371,33.93
1789837070388,33.93
1789837070404,33.95
1789837070419,33.95
1789837070435,33.95
1789837070452,33.95
1789837070468,33.95
1789837070484,33.95
1789837070500,33.95
1789837070517,33.95
1789837070533,33.96
1789837070548,33.96
1789837070563,33.96
1789837070580,33.96
1789837070596,33.96
1789837070612,33.96
1789837070628,33.96
1789837070645,33.96
1789837070661,33.96
1789837070677,33.92
1789837070692,33.92
1789837070709,33.92
1789837070725,33.92
1789837070741,33.92
1789837070758,33.92
1789837070774,33.92
1789837070790,33.92
1789837070806,33.96
1789837070822,33.96
1789837070838,33.96
1789837070855,33.96
1789837070871,33.96
1789837070887,33.96
1789837070903,33.96
1789837070918,33.96
1789837070934,33.96
1789837070949,33.96
1789837070965,33.96
1789837070981,33.96
1789837070998,33.96
1789837071014,33.96
1789837071030,33.96
1789837071047,33.96
1789837071063,33.96
1789837071078,33.8
1789837071095,33.8
1789837071111,33.8
1789837071127,33.8
1789837071143,33.8
1789837071160,33.8
1789837071175,33.8
1789837071191,33.8
1789837071207,33.86
1789837071224,33.86
1789837071241,33.86
1789837071256,33.86
1789837071273,33.86
1789837071289,33.86
1789837071305,33.86
1789837071322,33.86
1789837071338,33.89
1789837071353,33.89
1789837071368,33.89
1789837071385,33.89
1789837071401,33.89
1789837071417,33.89
1789837071434,33.89
1789837071450,33.89
1789837071466,33.89
1789837071482,33.93
1789837071497,33.93
1789837071513,33.93
1789837071529,33.93
1789837071546,33.93
1789837071562,33.93
1789837071578,33.93
1789837071594,33.93
1789837071610,33.97
1789837071626,33.97
1789837071642,33.97
1789837071659,33.97
1789837071675,33.97
1789837071691,33.97
1789837071707,33.97
1789837071724,33.97
1789837071740,33.96
1789837071755,33.96
1789837071770,33.96
1789837071787,33.96
1789837071803,33.96
1789837071819,33.96
1789837071835,33.96
1789837071852,33.96
1789837071868,33.96
1789837071883,33.87
1789837071898,33.87
1789837071915,33.87
1789837071931,33.87
1789837071946,33.87
1789837071963,33.87
1789837071979,33.87
1789837071995,33.87
1789837072011,32.21
1789837072028,32.21
1789837072045,32.21
1789837072061,32.21
1789837072079,32.21
1789837072101,32.21
1789837072129,32.21
1789837072157,32.09
1789837072192,32.09
1789837072228,32.09
1789837072254,32.09
1789837072276,32.08
1789837072310,32.08
1789837072340,32.08
1789837072362,32.08
1789837072398,31.97
1789837072428,31.97
1789837072449,31.97
1789837072484,31.97
1789837072514,31.97
1789837072535,32.05
1789837072570,32.05
1789837072605,32.05
1789837072640,32.05
1789837072662,32.05
1789837072697,32.05
1789837072732,32.05
1789837072758,32.05
1789837072792,32.05
1789837072826,32.04
1789837072862,32.04
1789837072899,32.04
1789837072934,32.02
1789837072969,32.02
1789837073005,32.02
1789837073040,32.02
1789837073075,32.01
1789837073106,32.01
1789837073136,32.01
1789837073171,32.01
1789837073205,31.91
1789837073233,31.91
1789837073250,31.91
1789837073272,31.91
1789837073306,31.91
1789837073333,31.91
1789837073356,32.02
1789837073390,32.02
1789837073421,32.02
1789837073443,32.02
1789837073479,32.01
1789837073514,32.01
1789837073546,32.01
1789837073562,32.01
1789837073591,32.01
1789837073626,31.94
1789837073658,31.94
1789837073694,31.94
1789837073729,31.94
1789837073766,32.01
1789837073803,32.01
1789837073838,32.01
1789837073873,32.03
1789837073906,32.03
1789837073942,32.03
1789837073977,32.03
1789837074013,31.97
1789837074049,31.97
1789837074084,31.97
1789837074111,31.97
1789837074148,32
1789837074183,32
1789837074212,32
1789837074235,32
1789837074259,32
1789837074286,31.97
1789837074321,31.97
1789837074339,31.97
1789837074362,31.97
1789837074398,31.97
1789837074425,31.96
1789837074446,31.96
1789837074483,31.96
1789837074518,31.96
1789837074550,32.03
1789837074571,32.03
1789837074606,32.03
1789837074642,32.03
1789837074659,32.03
1789837074681,32
1789837074717,32
1789837074752,32
1789837074787,32
1789837074824,31.97
1789837074857,31.97
1789837074891,31.97
1789837074926,31.97
1789837074961,31.91
1789837074996,31.91
1789837075031,31.91
1789837075067,31.91
1789837075097,32
1789837075119,32
1789837075155,32
1789837075191,32
1789837075220,32.02
1789837075242,32.02
1789837075270,32.02
1789837075304,32.02
1789837075331,32.02
1789837075353,31.98
1789837075388,31.98
1789837075421,31.98
1789837075456,31.98
1789837075490,31.95
1789837075526,31.95
1789837075555,31.95
1789837075571,31.95
1789837075588,31.95
1789837075610,31.97
1789837075643,31.97
1789837075679,31.97
1789837075714,31.97
1789837075749,31.95
1789837075784,31.95
1789837075820,31.95
1789837075856,31.95
1789837075888,31.88
1789837075922,31.88
1789837075959,31.88
1789837075996,31.88
1789837076017,31.88
1789837076040,31.98
1789837076075,31.98
1789837076099,31.98
1789837076115,31.98
1789837076132,31.98
1789837076148,31.98
1789837076165,31.91
1789837076184,31.91
1789837076215,31.91
1789837076237,31.91
1789837076264,31.91
1789837076298,32.03
1789837076330,32.03
1789837076351,32.03
1789837076387,32.03
1789837076423,31.97
1789837076458,31.97
1789837076494,31.97
1789837076530,31.97
1789837076560,31.99
1789837076582,31.99
1789837076616,31.99
1789837076653,31.99
1789837076683,31.99
1789837076705,31.97
1789837076738,31.97
1789837076770,31.97
1789837076799,31.97
1789837076829,31.93
1789837076847,31.93
1789837076875,31.93
1789837076912,31.93
1789837076948,31.95
1789837076984,31.95
1789837077017,31.95
1789837077049,31.95
1789837077083,31.97
1789837077119,31.97
1789837077150,31.97
1789837077180,31.97
1789837077196,31.97
1789837077212,31.97
1789837077228,31.97
1789837077245,31.97
1789837077263,31.97
1789837077279,31.97
1789837077295,31.97
1789837077311,31.97
1789837077328,31.97
1789837077344,31.97
1789837077360,34.36
1789837077375,34.36
1789837077390,34.36
1789837077407,34.36
1789837077423,34.36
1789837077439,34.36
1789837077456,34.36
1789837077472,34.36
1789837077488,34.36
1789837077503,34.29
1789837077519,34.29
1789837077536,34.29
1789837077552,34.29
1789837077568,34.29
1789837077585,34.29
1789837077601,34.29
1789837077617,34.29
1789837077633,33.83
1789837077649,33.83
1789837077665,33.83
1789837077681,33.83
1789837077697,33.83
1789837077714,33.83
1789837077730,33.83
1789837077746,33.83
1789837077763,34.29
1789837077778,34.29
1789837077793,34.29
1789837077809,34.29
1789837077826,34.29
1789837077842,34.29
1789837077858,34.29
1789837077875,34.29
1789837077891,34.29
1789837077906,34.36
1789837077923,34.36
1789837077939,34.36
1789837077955,34.36
1789837077972,34.36
1789837077988,34.36
1789837078004,34.36
1789837078020,34.36
1789837078036,34.34
1789837078051,34.34
1789837078066,34.34
1789837078083,34.34
1789837078099,34.34
1789837078115,34.34
1789837078132,34.34
1789837078148,34.34
1789837078164,34.19
1789837078179,34.19
1789837078194,34.19
1789837078211,34.19
1789837078227,34.19
1789837078243,34.19
1789837078260,34.19
1789837078276,34.19
1789837078292,34.19
1789837078308,34.26
1789837078324,34.26
1789837078341,34.26
1789837078357,34.26
1789837078373,34.26
1789837078388,34.26
1789837078404,34.26
1789837078421,34.26
1789837078436,34.36
1789837078452,34.36
1789837078468,34.36
1789837078484,34.36
1789837078501,34.36
1789837078517,34.36
1789837078533,34.36
1789837078549,34.36
1789837078565,34.46
1789837078580,34.46
1789837078596,34.46
1789837078612,34.46
1789837078628,34.46
1789837078645,34.46
1789837078661,34.46
1789837078677,34.46
1789837078694,34.46
1789837078709,34.34
1789837078724,34.34
1789837078739,34.34
1789837078754,34.34
1789837078770,34.34
1789837078787,34.34
1789837078803,34.34
1789837078819,34.34
1789837078835,33.06
1789837078851,33.06
1789837078866,33.06
1789837078882,33.06
1789837078898,33.06
1789837078915,33.06
1789837078931,33.06
1789837078947,33.06
1789837078963,33.06
1789837078979,34.42
1789837078994,34.42
1789837079009,34.42
1789837079025,34.42
1789837079041,34.42
1789837079058,34.42
1789837079074,34.42
1789837079090,34.42
1789837079106,34.38
1789837079122,34.38
1789837079138,34.38
1789837079155,34.38
1789837079171,34.38
1789837079187,34.38
1789837079204,34.38
1789837079220,34.38
1789837079236,34.44
1789837079252,34.44
1789837079268,34.44
1789837079284,34.44
1789837079300,34.44
1789837079316,34.44
1789837079333,34.44
1789837079349,34.44
1789837079365,34.44
1789837079381,34.17
1789837079397,34.17
1789837079413,34.17
1789837079428,34.17
1789837079445,34.17
1789837079461,34.17
1789837079477,34.17
1789837079493,34.17
1789837079509,34.43
1789837079525,34.43
1789837079541,34.43
1789837079556,34.43
1789837079572,34.43
1789837079589,34.43
1789837079605,34.43
1789837079621,34.43
1789837079637,34.49
1789837079652,34.49
1789837079667,34.49
1789837079684,34.49
1789837079699,34.49
1789837079715,34.49
1789837079731,34.49
1789837079748,34.49
1789837079764,34.49
1789837079779,34.44
1789837079795,34.44
1789837079811,34.44
1789837079827,34.44
1789837079843,34.44
1789837079859,34.44
1789837079876,34.44
1789837079892,34.44
1789837079908,34.38
1789837079924,34.38
1789837079940,34.38
1789837079956,34.38
1789837079973,34.38
1789837079989,34.38
1789837080005,34.38
1789837080022,34.38
1789837080038,32.89
1789837080053,32.89
1789837080069,32.89
1789837080085,32.89
1789837080102,32.89
1789837080118,32.89
1789837080134,32.89
1789837080151,32.89
1789837080167,32.89
1789837080182,34.4
1789837080197,34.4
1789837080214,34.4
1789837080230,34.4
1789837080246,34.4
1789837080262,34.4
1789837080279,34.4
1789837080295,34.4
1789837080311,34.43
1789837080327,34.43
1789837080343,34.43
1789837080359,34.43
1789837080376,34.43
1789837080392,34.43
1789837080408,34.43
1789837080424,34.43
1789837080441,34.45
1789837080456,34.45
1789837080471,34.45
1789837080487,34.45
1789837080503,34.45
1789837080520,34.45
1789837080536,34.45
1789837080552,34.45
1789837080568,34.45
1789837080584,34.26
1789837080600,34.26
1789837080616,34.26
1789837080633,34.26
1789837080649,34.26
1789837080665,34.26
1789837080682,34.26
1789837080698,34.26
1789837080714,34.45
1789837080730,34.45
1789837080746,34.45
1789837080761,34.45
1789837080777,34.45
1789837080794,34.45
1789837080810,34.45
1789837080826,34.45
1789837080842,34.52
1789837080857,34.52
1789837080874,34.52
1789837080890,34.52
1789837080906,34.52
1789837080923,34.52
1789837080939,34.52
1789837080955,34.52
1789837080972,34.52
1789837080987,34.47
1789837081002,34.47
1789837081018,34.47
1789837081035,34.47
1789837081051,34.47
1789837081067,34.47
1789837081083,34.47
1789837081100,34.47
1789837081115,34.52
1789837081131,34.52
1789837081147,34.52
1789837081164,34.52
1789837081180,34.52
1789837081196,34.52
1789837081213,34.52
1789837081229,34.52
1789837081246,32.91
1789837081262,32.91
1789837081278,32.91
1789837081294,32.91
1789837081309,32.91
1789837081325,32.91
1789837081342,32.91
1789837081358,32.91
1789837081374,34.44
1789837081390,34.44
1789837081406,34.44
1789837081422,34.44
1789837081439,34.44
1789837081455,34.44
1789837081472,34.44
1789837081488,34.44
1789837081504,34.44
1789837081519,34.43
1789837081536,34.43
1789837081552,34.43
1789837081568,34.43
1789837081584,34.43
1789837081601,34.43
1789837081617,34.43
1789837081632,34.43
1789837081648,34.52
1789837081663,34.52
1789837081680,34.52
1789837081696,34.52
1789837081712,34.52
1789837081728,34.52
1789837081745,34.52
1789837081761,34.52
1789837081776,34.12
1789837081791,34.12
1789837081806,34.12
1789837081823,34.12
1789837081839,34.12
1789837081855,34.12
1789837081871,34.12
1789837081888,34.12
1789837081904,34.12
1789837081920,34.35
1789837081936,34.35
1789837081952,34.35
1789837081968,34.35
1789837081984,34.35
1789837082001,34.35
1789837082017,34.35
1789837082033,34.35
1789837082049,34.49
1789837082065,34.49
1789837082081,34.49
1789837082097,34.49
1789837082114,34.49
1789837082129,34.49
1789837082145,34.49
1789837082161,34.49
1789837082176,34.49
1789837082191,34.39
1789837082207,34.39
1789837082223,34.39
1789837082239,34.39
1789837082256,34.39
1789837082272,34.39
1789837082288,34.39
1789837082304,34.39
1789837082320,34.49
1789837082336,34.49
1789837082352,34.49
1789837082368,34.49
1789837082385,34.49
1789837082401,34.49
1789837082417,34.49
1789837082433,34.49
1789837082449,32.8
1789837082465,32.8
1789837082481,32.8
1789837082497,32.8
1789837082514,32.8
1789837082530,32.8
1789837082546,32.8
1789837082562,32.8
1789837082579,34.52
1789837082594,34.52
1789837082609,34.52
1789837082625,34.52
1789837082642,34.52
1789837082658,34.52
1789837082674,34.52
1789837082690,34.52
1789837082707,34.52
1789837082722,34.36
1789837082738,34.36
1789837082754,34.36
1789837082770,34.36
1789837082786,34.36
1789837082802,34.36
1789837082818,34.36
1789837082835,34.36
1789837082851,34.52
1789837082866,34.52
1789837082883,34.52
1789837082899,34.52
1789837082915,34.52
1789837082930,34.52
1789837082946,34.52
1789837082963,34.52
1789837082979,34.32
1789837082994,34.32
1789837083009,34.32
1789837083026,34.32
1789837083042,34.32
1789837083058,34.32
1789837083075,34.32
1789837083091,34.32
1789837083106,34.32
1789837083122,34.38
1789837083137,34.38
1789837083154,34.38
1789837083170,34.38
1789837083187,34.38
1789837083203,34.38
1789837083219,34.38
1789837083235,34.38
1789837083252,34.52
1789837083268,34.52
1789837083284,34.52
1789837083301,34.52
1789837083317,34.52
1789837083333,34.52
1789837083349,34.52
1789837083366,34.52
1789837083382,34.55
1789837083397,34.55
1789837083414,34.55
1789837083430,34.55
1789837083446,34.55
1789837083463,34.55
1789837083479,34.55
1789837083494,34.55
1789837083510,34.55
1789837083526,34.43
1789837083542,34.43
1789837083558,34.43
1789837083575,34.43
1789837083591,34.43
1789837083607,34.43
1789837083623,34.43
1789837083640,34.43
1789837083656,32.68
1789837083671,32.68
1789837083687,32.68
1789837083703,32.68
1789837083720,32.68
1789837083736,32.68
1789837083752,32.68
1789837083769,32.68
1789837083785,34.44
1789837083800,34.44
1789837083815,34.44
1789837083832,34.44
1789837083848,34.44
1789837083864,34.44
1789837083881,34.44
1789837083897,34.44
1789837083913,34.44
1789837083929,34.5
1789837083945,34.5
1789837083961,34.5
1789837083977,34.5
1789837083994,34.5
1789837084010,34.5
1789837084026,34.5
1789837084042,34.5
1789837084058,34.52
1789837084074,34.52
1789837084090,34.52
1789837084107,34.52
1789837084123,34.52
1789837084139,34.52
1789837084156,34.52
1789837084172,34.52
1789837084188,34.07
1789837084203,34.07
1789837084220,34.07
1789837084236,34.07
1789837084253,34.07
1789837084269,34.07
1789837084285,34.07
1789837084301,34.07
1789837084318,32
1789837084334,32
1789837084351,32
1789837084367,32
1789837084385,32
1789837084407,32
1789837084429,32
1789837084464,32.1
1789837084498,32.1
1789837084525,32.1
1789837084560,32.1
1789837084594,32.05
1789837084625,32.05
1789837084648,32.05
1789837084670,32.05
1789837084702,32.05
1789837084739,32.09
1789837084774,32.09
1789837084807,32.09
1789837084841,32.08
1789837084875,32.08
1789837084912,32.08
1789837084947,32.08
1789837084984,32.04
1789837085020,32.04
1789837085052,32.04
1789837085083,32.04
1789837085106,32.04
1789837085142,32.09
1789837085177,32.09
1789837085212,32.09
1789837085241,32.09
1789837085269,31.85
1789837085285,31.85
1789837085307,31.85
1789837085343,31.85
1789837085378,32
1789837085408,32
1789837085429,32
1789837085464,32
1789837085499,32
1789837085525,32.08
1789837085560,32.08
1789837085596,32.08
1789837085630,32.08
1789837085653,32.08
1789837085686,32.08
1789837085718,32.08
1789837085754,32.08
1789837085789,32.08
1789837085825,32.08
1789837085860,32.08
1789837085892,32.08
1789837085926,32.04
1789837085956,32.04
1789837085979,32.04
1789837086014,32.04
1789837086049,32.01
1789837086083,32.01
1789837086100,32.01
1789837086124,32.01
1789837086155,32.01
1789837086186,32
1789837086212,32
1789837086234,32
1789837086265,32
1789837086286,32
1789837086311,32
1789837086331,31.98
1789837086359,31.98
1789837086395,31.98
1789837086427,31.98
1789837086463,31.97
1789837086498,31.97
1789837086535,31.97
1789837086558,31.97
1789837086592,32.04
1789837086629,32.04
1789837086655,32.04
1789837086691,32.04
1789837086724,31.95
1789837086756,31.95
1789837086783,31.95
1789837086817,31.95
1789837086852,31.98
1789837086887,31.98
1789837086922,31.98
1789837086957,31.98
1789837086990,32.04
1789837087022,32.04
1789837087054,32.04
1789837087085,32.04
1789837087107,32.04
1789837087143,31.99
1789837087178,31.99
1789837087214,31.99
1789837087236,31.99
1789837087253,31.99
1789837087273,32.01
1789837087308,32.01
1789837087339,32.01
1789837087361,32.01
1789837087396,31.98
1789837087424,31.98
1789837087447,31.98
1789837087482,31.98
1789837087516,31.89
1789837087549,31.89
1789837087572,31.89
1789837087608,31.89
1789837087640,31.89
1789837087663,31.95
1789837087699,31.95
1789837087731,31.95
1789837087762,31.95
1789837087797,31.94
1789837087833,31.94
1789837087870,31.94
1789837087906,31.94
1789837087942,31.98
1789837087976,31.98
1789837088013,31.98
1789837088047,31.96
1789837088082,31.96
1789837088118,31.96
1789837088152,31.96
1789837088184,32
1789837088216,32
1789837088235,32
1789837088253,32
1789837088277,32
1789837088312,32
1789837088342,31.82
1789837089457,38.89
1789837089472,38.89
1789837089488,38.89
1789837089503,38.89
1789837089520,38.89
1789837089536,38.91
1789837089551,38.91
1789837089566,38.91
1789837089583,38.91
1789837089599,38.91
1789837089614,38.91
1789837089630,38.91
1789837089646,38.91
1789837089663,38.91
1789837089678,38.96
1789837089695,38.96
1789837089711,38.96
1789837089727,38.96
1789837089743,38.96
1789837089760,38.96
1789837089776,38.96
1789837089792,38.96
1789837089808,39.03
1789837089824,39.03
1789837089840,39.03
1789837089857,39.03
1789837089873,39.03
1789837089889,39.03
1789837089905,39.03
1789837089922,39.03
1789837089938,38.95
1789837089953,38.95
1789837089968,38.95
1789837089985,38.95
1789837090001,38.95
1789837090017,38.95
1789837090033,38.95
1789837090048,38.95
1789837090065,38.95
1789837090080,38.9
1789837090096,38.9
1789837090113,38.9
1789837090129,38.9
1789837090145,38.9
1789837090162,38.9
1789837090177,38.9
1789837090193,38.9
1789837090209,39
1789837090226,39
1789837090243,39
1789837090258,39
1789837090275,39
1789837090291,39
1789837090307,39
1789837090323,39
1789837090339,39.03
1789837090354,39.03
1789837090370,39.03
1789837090387,39.03
1789837090403,39.03
1789837090419,39.03
1789837090435,39.03
1789837090452,39.03
1789837090468,39.03
1789837090483,39.07
1789837090500,39.07
1789837090516,39.07
1789837090532,39.07
1789837090549,39.07
1789837090565,39.07
1789837090581,39.07
1789837090598,39.07
1789837090613,39.1
1789837090629,39.1
1789837090646,39.1
1789837090662,39.1
1789837090678,39.1
1789837090694,39.1
1789837090711,39.1
1789837090727,39.1
1789837090743,39.12
1789837090759,39.12
1789837090775,39.12
1789837090792,39.12
1789837090808,39.12
1789837090824,39.12
1789837090840,39.12
1789837090856,39.12
1789837090873,39.12
1789837090888,39.12
1789837090903,39.12
1789837090919,39.12
1789837090936,39.12
1789837090952,39.12
1789837090967,39.12
1789837090983,39.12
1789837091000,39.12
1789837091015,39.06
1789837091031,39.06
1789837091046,39.06
1789837091063,39.06
1789837091079,39.06
1789837091095,39.06
1789837091112,39.06
1789837091128,39.06
1789837091144,39.05
1789837091159,39.05
1789837091175,39.05
1789837091191,39.05
1789837091206,39.05
1789837091223,39.05
1789837091239,39.05
1789837091255,39.05
1789837091271,39.05
1789837091287,38.96
1789837091303,38.96
1789837091319,38.96
1789837091336,38.96
1789837091352,38.96
1789837091368,38.96
1789837091384,38.96
1789837091401,38.96
1789837091417,39.09
1789837091432,39.09
1789837091449,39.09
1789837091465,39.09
1789837091481,39.09
1789837091497,39.09
1789837091514,39.09
1789837091530,39.09
1789837091546,39.15
1789837091561,39.15
1789837091577,39.15
1789837091593,39.15
1789837091609,39.15
1789837091626,39.15
1789837091642,39.15
1789837091658,39.15
1789837091675,39.15
1789837091690,39.12
1789837091705,39.12
1789837091720,39.12
1789837091736,39.12
1789837091753,39.12
1789837091769,39.12
1789837091785,39.12
1789837091801,39.12
1789837091817,39.05
1789837091833,39.05
1789837091849,39.05
1789837091865,39.05
1789837091882,39.05
1789837091898,39.05
1789837091914,39.05
1789837091931,39.05
1789837091945,39.17
1789837091960,39.17
1789837091976,39.17
1789837091992,39.17
1789837092009,39.17
1789837092025,39.17
1789837092041,39.17
1789837092058,39.17
1789837092074,39.17
1789837092089,39.1
1789837092106,39.1
1789837092122,39.1
1789837092138,39.1
1789837092155,39.1
1789837092171,39.1
1789837092187,39.1
1789837092203,39.1
1789837092220,39.09
1789837092235,39.09
1789837092251,39.09
1789837092267,39.09
1789837092284,39.09
1789837092300,39.09
1789837092316,39.09
1789837092333,39.09
1789837092349,39.07
1789837092364,39.07
1789837092381,39.07
1789837092397,39.07
1789837092413,39.07
1789837092430,39.07
1789837092446,39.07
1789837092462,39.07
1789837092479,39.07
1789837092495,39.12
1789837092510,39.12
1789837092527,39.12
1789837092543,39.12
1789837092559,39.12
1789837092576,39.12
1789837092592,39.12
1789837092608,39.12
1789837092624,39.03
1789837092640,39.03
1789837092656,39.03
1789837092672,39.03
1789837092688,39.03
1789837092705,39.03
1789837092721,39.03
1789837092737,39.03
1789837092753,39.16
1789837092769,39.16
1789837092785,39.16
1789837092802,39.16
1789837092818,39.16
1789837092834,39.16
1789837092851,39.16
1789837092867,39.16
1789837092883,39.09
1789837092898,39.09
1789837092914,39.09
1789837092930,39.09
1789837092946,39.09
1789837092961,39.09
1789837092978,39.09
1789837092994,39.09
1789837093010,39.09
1789837093026,39.1
1789837093042,39.1
1789837093058,39.1
1789837093075,39.1
1789837093091,39.1
1789837093107,39.1
1789837093122,39.1
1789837093138,39.1
1789837093155,39.12
1789837093170,39.12
1789837093185,39.12
1789837093201,39.12
1789837093218,39.12
1789837093234,39.12
1789837093250,39.12
1789837093267,39.12
1789837093283,39.12
1789837093298,39.08
1789837093315,39.08
1789837093331,39.08
1789837093347,39.08
1789837093364,39.08
1789837093380,39.08
1789837093396,39.08
1789837093412,39.08
1789837093428,39.15
1789837093444,39.15
1789837093461,39.15
1789837093477,39.15
1789837093493,39.15
1789837093509,39.15
1789837093526,39.15
1789837093542,39.15
1789837093558,39.2
1789837093574,39.2
1789837093590,39.2
1789837093606,39.2
1789837093622,39.2
1789837093639,39.2
1789837093655,39.2
1789837093670,39.2
1789837093685,39.2
1789837093700,39.2
1789837093717,39.2
1789837093733,39.2
1789837093749,39.2
1789837093765,39.2
1789837093782,39.2
1789837093798,39.2
1789837093814,39.2
1789837093830,39.3
1789837093846,39.3
1789837093862,39.3
1789837093879,39.3
1789837093895,39.3
1789837093911,39.3
1789837093928,39.3
1789837093944,39.3
1789837093960,39.11
1789837093976,39.11
1789837093992,39.11
1789837094007,39.11
1789837094023,39.11
1789837094040,39.11
1789837094056,39.11
1789837094072,39.11
1789837094088,39.11
1789837094104,39.16
1789837094119,39.16
1789837094135,39.16
1789837094151,39.16
1789837094168,39.16
1789837094184,39.16
1789837094200,39.16
1789837094217,39.16
1789837094232,39.21
1789837094248,39.21
1789837094265,39.21
1789837094281,39.21
1789837094297,39.21
1789837094313,39.21
1789837094330,39.21
1789837094346,39.21
1789837094362,39.12
1789837094378,39.12
1789837094394,39.12
1789837094410,39.12
1789837094426,39.12
1789837094443,39.12
1789837094459,39.12
1789837094475,39.12
1789837094492,39.18
1789837094507,39.18
1789837094523,39.18
1789837094540,39.18
1789837094556,39.18
1789837094572,39.18
1789837094589,39.18
1789837094605,39.18
1789837094621,39.18
1789837094637,39.15
1789837094653,39.15
1789837094669,39.15
1789837094685,39.15
1789837094702,39.15
1789837094718,39.15
1789837094734,39.15
1789837094751,39.15
1789837094766,39.25
1789837094782,39.25
1789837094799,39.25
1789837094815,39.25
1789837094831,39.25
1789837094847,39.25
1789837094864,39.25
1789837094880,39.25
1789837094896,39.15
1789837094911,39.15
1789837094927,39.15
1789837094943,39.15
1789837094959,39.15
1789837094976,39.15
1789837094992,39.15
1789837095008,39.15
1789837095025,39.15
1789837095040,39.26
1789837095056,39.26
1789837095073,39.26
1789837095089,39.26
1789837095104,39.26
1789837095120,39.26
1789837095136,39.26
1789837095151,39.26
1789837095167,39.11
1789837095183,39.11
1789837095199,39.11
1789837095216,39.11
1789837095232,39.11
1789837095248,39.11
1789837095268,39.11
1789837095284,39.11
1789837095300,39.31
1789837095317,39.31
1789837095333,39.31
1789837095349,39.31
1789837095366,39.31
1789837095382,39.31
1789837095398,39.31
1789837095415,39.31
1789837095431,39.23
1789837095446,39.23
1789837095461,39.23
1789837095476,39.23
1789837095492,39.23
1789837095508,39.23
1789837095525,39.23
1789837095541,39.23
1789837095557,39.23
1789837095573,39.2
1789837095589,39.2
1789837095605,39.2
1789837095622,39.2
1789837095638,39.2
1789837095654,39.2
1789837095670,39.2
1789837095687,39.2
1789837095703,39.32
1789837095718,39.32
1789837095734,39.32
1789837095751,39.32
1789837095767,39.32
1789837095783,39.32
1789837095800,39.32
1789837095816,39.32
1789837095832,39.21
1789837095847,39.21
1789837095863,39.21
1789837095879,39.21
1789837095895,39.21
1789837095911,39.21
1789837095928,39.21
1789837095944,39.21
1789837095960,39.21
1789837095976,39.25
1789837095992,39.25
1789837096008,39.25
1789837096023,39.25
1789837096040,39.25
1789837096056,39.25
1789837096072,39.25
1789837096088,39.25
1789837096104,39.27
1789837096120,39.27
1789837096137,39.27
1789837096153,39.27
1789837096169,39.27
1789837096185,39.27
1789837096202,39.27
1789837096218,39.27
1789837096235,39.21
1789837096250,39.21
1789837096266,39.21
1789837096282,39.21
1789837096298,39.21
1789837096315,39.21
1789837096331,39.21
1789837096347,39.21
1789837096363,39.21
1789837096379,39.15
1789837096395,39.15
1789837096412,39.15
1789837096427,39.15
1789837096443,39.15
1789837096459,39.15
1789837096476,39.15
1789837096492,39.15
1789837096508,39.23
1789837096524,39.23
1789837096540,39.23
1789837096556,39.23
1789837096572,39.23
1789837096589,39.23
1789837096605,39.23
1789837096620,39.23
1789837096636,39.22
1789837096651,39.22
1789837096666,39.22
1789837096683,39.22
1789837096699,39.22
1789837096715,39.22
1789837096732,39.22
1789837096748,39.22
1789837096764,39.22
1789837096780,39.22
1789837096796,39.22
1789837096812,39.22
1789837096829,39.22
1789837096845,39.22
1789837096861,39.22
1789837096877,39.22
1789837096894,39.22
1789837096910,39.28
1789837096925,39.28
1789837096942,39.28
1789837096958,39.28
1789837096975,39.28
1789837096991,39.28
1789837097007,39.28
1789837097026,39.28
1789837097052,32.34
1789837097087,32.34
1789837097124,32.34
1789837097152,32.34
1789837097187,32.27
1789837097219,32.27
1789837097241,32.27
1789837097278,32.27
1789837097311,32.34
1789837097341,32.34
1789837097364,32.34
1789837097393,32.34
1789837097415,32.34
1789837097451,32.28
1789837097484,32.28
1789837097508,32.28
1789837097543,32.28
1789837097579,32.25
1789837097614,32.25
1789837097635,32.25
1789837097670,32.25
1789837097707,32.31
1789837097733,32.31
1789837097763,32.31
1789837097798,32.31
1789837097833,32.22
1789837097870,32.22
1789837097905,32.22
1789837097936,32.22
1789837097958,32.22
1789837097993,32.24
1789837098028,32.24
1789837098063,32.24
1789837098085,32.24
1789837098119,32.25
1789837098155,32.25
1789837098190,32.25
1789837098221,32.25
1789837098242,32.18
1789837098276,32.18
1789837098305,32.18
1789837098328,32.18
1789837098355,32.18
1789837098389,32.22
1789837098414,32.22
1789837098447,32.22
1789837098477,32.22
1789837098510,32.11
1789837098537,32.11
1789837098559,32.11
1789837098594,32.11
1789837098624,32.11
1789837098640,32.22
1789837098667,32.22
1789837098702,32.22
1789837098737,32.22
1789837098767,32.18
1789837098800,32.18
1789837098835,32.18
1789837098872,32.18
1789837098907,32.22
1789837098940,32.22
1789837098969,32.22
1789837098991,32.22
1789837099026,32.22
1789837099060,32.27
1789837099086,32.27
1789837099120,32.27
1789837099156,32.27
1789837099188,32.18
1789837099219,32.18
1789837099242,32.18
1789837099269,32.18
1789837099301,32.18
1789837099322,32.18
1789837099358,32.18
1789837099394,32.18
1789837099417,32.18
1789837099452,32.11
1789837099487,32.11
1789837099523,32.11
1789837099543,32.11
1789837099568,32.15
1789837099603,32.15
1789837099640,32.15
1789837099675,32.15
1789837099711,32.21
1789837099747,32.21
1789837099783,32.21
1789837099816,32.21
1789837099852,32.1
1789837099885,32.1
1789837099922,32.1
1789837099957,32.1
1789837099993,32.1
1789837100028,32.1
1789837100063,32.1
1789837100094,32.1
1789837100131,32.15
1789837100164,32.15
1789837100201,32.15
1789837100237,32.11
1789837100268,32.11
1789837100289,32.11
1789837100323,32.11
1789837100359,32.11
1789837100391,32.18
1789837100420,32.18
1789837100454,32.18
1789837100489,32.18
1789837100523,32.09
1789837100551,32.09
1789837100586,32.09
1789837100620,32.09
1789837100641,32.09
1789837100662,32.14
1789837100698,32.14
1789837100733,32.14
1789837100769,32.14
1789837100804,32.14
1789837100837,32.14
1789837100871,32.14
1789837100908,32.09
1789837100943,32.09
1789837100978,32.09
1789837101011,32.09
1789837101036,32.09
1789837101053,32.09
1789837101070,32.09
1789837101086,32.09
1789837101102,32.09
1789837101120,32.09
1789837101150,32.09
1789837101186,32.08
1789837101213,32.08
1789837101230,32.08
1789837101246,32.08
1789837101268,32.08
1789837101292,32.08
1789837101328,32.11
1789837101364,32.11
1789837101400,32.11
1789837101436,32.11
1789837101458,32.14
1789837101493,32.14
1789837101528,32.14
1789837101554,32.14
1789837101589,32.01
1789837101624,32.01
1789837101649,32.01
1789837101685,32.01
1789837101722,32.11
1789837101756,32.11
1789837101793,32.11
1789837101827,32.11
1789837101862,32.09
1789837101898,32.09
1789837101933,32.09
1789837101965,32.09
1789837101991,32.09
1789837102012,32.02
1789837102045,32.02
1789837102078,32.02
1789837102100,32.02
1789837102121,32.02
1789837102137,32.09
1789837102153,32.09
1789837102169,32.09
1789837102186,32.09
1789837102202,32.09
1789837102220,32.09
1789837102237,32.09
1789837102253,32.09
1789837102269,38.83
1789837102285,38.83
1789837102301,38.83
1789837102318,38.83
1789837102334,38.83
1789837102350,38.83
1789837102366,38.83
1789837102383,38.83
1789837102399,38.95
1789837102414,38.95
1789837102429,38.95
1789837102446,38.95
1789837102462,38.95
1789837102478,38.95
1789837102494,38.95
1789837102510,38.95
1789837102527,38.94
1789837102542,38.94
1789837102557,38.94
1789837102573,38.94
1789837102590,38.94
1789837102605,38.94
1789837102620,38.94
1789837102636,38.94
1789837102652,38.94
1789837102668,38.89
1789837102684,38.89
1789837102700,38.89
1789837102716,38.89
1789837102733,38.89
1789837102749,38.89
1789837102765,38.89
1789837102781,38.89
1789837102798,38.96
1789837102813,38.96
1789837102828,38.96
1789837102844,38.96
1789837102861,38.96
1789837102877,38.96
1789837102893,38.96
1789837102909,38.96
1789837102925,38.96
1789837102940,38.88
1789837102956,38.88
1789837102972,38.88
1789837102989,38.88
1789837103005,38.88
1789837103021,38.88
1789837103037,38.88
1789837103054,38.88
1789837103070,38.94
1789837103085,38.94
1789837103102,38.94
1789837103118,38.94
1789837103134,38.94
1789837103151,38.94
1789837103167,38.94
1789837103183,38.94
1789837103199,38.92
1789837103215,38.92
1789837103231,38.92
1789837103248,38.92
1789837103264,38.92
1789837103280,38.92
1789837103296,38.92
1789837103313,38.92
1789837103329,38.92
1789837103345,38.91
1789837103361,38.91
1789837103377,38.91
1789837103393,38.91
1789837103410,38.91
1789837103426,38.91
1789837103442,38.91
1789837103458,38.91
1789837103474,38.96
1789837103490,38.96
1789837103506,38.96
1789837103521,38.96
1789837103538,38.96
1789837103554,38.96
1789837103571,38.96
1789837103587,38.96
1789837103603,38.91
1789837103618,38.91
1789837103633,38.91
1789837103649,38.91
1789837103666,38.91
1789837103682,38.91
1789837103698,38.91
1789837103715,38.91
1789837103731,38.91
1789837103746,38.98
1789837103762,38.98
1789837103779,38.98
1789837103795,38.98
1789837103812,38.98
1789837103828,38.98
1789837103844,38.98
1789837103860,38.98
1789837103876,38.88
1789837103892,38.88
1789837103908,38.88
1789837103924,38.88
1789837103941,38.88
1789837103957,38.88
1789837103973,38.88
1789837103989,38.88
1789837104006,34.83
1789837104021,34.83
1789837104037,34.83
1789837104053,34.83
1789837104069,34.83
1789837104085,34.83
1789837104101,34.83
1789837104118,34.83
1789837104134,34.83
1789837104149,38.98
1789837104166,38.98
1789837104182,38.98
1789837104198,38.98
1789837104215,38.98
1789837104231,38.98
1789837104247,38.98
1789837104264,38.98
1789837104279,39.03
1789837104295,39.03
1789837104311,39.03
1789837104328,39.03
1789837104344,39.03
1789837104360,39.03
1789837104377,39.03
1789837104393,39.03
1789837104409,39.1
1789837104425,39.1
1789837104441,39.1
1789837104457,39.1
1789837104473,39.1
1789837104490,39.1
1789837104506,39.1
1789837104521,39.1
1789837104537,39.03
1789837104552,39.03
1789837104568,39.03
1789837104584,39.03
1789837104600,39.03
1789837104617,39.03
1789837104633,39.03
1789837104648,39.03
1789837104664,39.03
1789837104680,37.1
1789837104696,37.1
1789837104712,37.1
1789837104728,37.1
1789837104743,37.1
1789837104760,37.1
1789837104776,37.1
1789837104792,37.1
1789837104809,39.03
1789837104824,39.03
1789837104839,39.03
1789837104855,39.03
1789837104871,39.03
1789837104887,39.03
1789837104903,39.03
1789837104918,39.03
1789837104934,39.03
1789837104950,39.11
1789837104966,39.11
1789837104982,39.11
1789837104998,39.11
1789837105015,39.11
1789837105031,39.11
1789837105047,39.11
1789837105063,39.11
1789837105079,39.05
1789837105095,39.05
1789837105112,39.05
1789837105128,39.05
1789837105144,39.05
1789837105160,39.05
1789837105176,39.05
1789837105193,39.05
1789837105209,39.03
1789837105225,39.03
1789837105241,39.03
1789837105257,39.03
1789837105274,39.03
1789837105290,39.03
1789837105306,39.03
1789837105322,39.03
1789837105339,39.03
1789837105355,39.11
1789837105372,39.11
1789837105388,39.11
1789837105404,39.11
1789837105421,39.11
1789837105436,39.11
1789837105452,39.11
1789837105468,39.11
1789837105484,39.07
1789837105500,39.07
1789837105516,39.07
1789837105532,39.07
1789837105549,39.07
1789837105565,39.07
1789837105581,39.07
1789837105598,39.07
1789837105614,39.01
1789837105629,39.01
1789837105644,39.01
1789837105661,39.01
1789837105677,39.01
1789837105693,39.01
1789837105710,39.01
1789837105726,39.01
1789837105742,39.01
1789837105757,39.08
1789837105772,39.08
1789837105787,39.08
1789837105804,39.08
1789837105820,39.08
1789837105836,39.08
1789837105853,39.08
1789837105869,39.08
1789837105885,34.48
1789837105900,34.48
1789837105916,34.48
1789837105932,34.48
1789837105948,34.48
1789837105964,34.48
1789837105981,34.48
1789837105997,34.48
1789837106012,39.09
1789837106027,39.09
1789837106044,39.09
1789837106060,39.09
1789837106075,39.09
1789837106091,39.09
1789837106107,39.09
1789837106122,39.09
1789837106137,39.09
1789837106153,39.05
1789837106169,39.05
1789837106185,39.05
1789837106201,39.05
1789837106218,39.05
1789837106234,39.05
1789837106251,39.05
1789837106267,39.05
1789837106283,39.12
1789837106298,39.12
1789837106313,39.12
1789837106330,39.12
1789837106346,39.12
1789837106362,39.12
1789837106378,39.12
1789837106395,39.12
1789837106411,39.12
1789837106426,39.12
1789837106441,39.12
1789837106458,39.12
1789837106474,39.12
1789837106491,39.12
1789837106507,39.12
1789837106523,39.12
1789837106539,39.12
1789837106555,39.1
1789837106571,39.1
1789837106587,39.1
1789837106604,39.1
1789837106620,39.1
1789837106636,39.1
1789837106652,39.1
1789837106669,39.1
1789837106685,39.11
1789837106700,39.11
1789837106717,39.11
1789837106732,39.11
1789837106748,39.11
1789837106764,39.11
1789837106779,39.11
1789837106796,39.11
1789837106812,39.11
1789837106827,39.14
1789837106843,39.14
1789837106860,39.14
1789837106876,39.14
1789837106892,39.14
1789837106909,39.14
1789837106925,39.14
1789837106941,39.14
1789837106957,39.11
1789837106973,39.11
1789837106989,39.11
1789837107006,39.11
1789837107022,39.11
1789837107038,39.11
1789837107054,39.11
1789837107071,39.11
1789837107087,33.04
1789837107102,33.04
1789837107117,33.04
1789837107134,33.04
1789837107150,33.04
1789837107166,33.04
1789837107183,33.04
1789837107199,33.04
1789837107216,33.04
1789837107232,39.11
1789837107248,39.11
1789837107265,39.11
1789837107281,39.11
1789837107297,39.11
1789837107313,39.11
1789837107330,39.11
1789837107345,39.11
1789837107360,39.06
1789837107376,39.06
1789837107393,39.06
1789837107409,39.06
1789837107425,39.06
1789837107440,39.06
1789837107457,39.06
1789837107473,39.06
1789837107489,38.98
1789837107504,38.98
1789837107521,38.98
1789837107537,38.98
1789837107553,38.98
1789837107569,38.98
1789837107586,38.98
1789837107602,38.98
1789837107618,38.98
1789837107633,39.12
1789837107650,39.12
1789837107666,39.12
1789837107682,39.12
1789837107699,39.12
1789837107715,39.12
1789837107731,39.12
1789837107747,39.12
1789837107763,39.12
1789837107779,39.12
1789837107795,39.12
1789837107812,39.12
1789837107828,39.12
1789837107844,39.12
1789837107860,39.12
1789837107877,39.12
1789837107893,39.16
1789837107908,39.16
1789837107924,39.16
1789837107941,39.16
1789837107957,39.16
1789837107973,39.16
1789837107990,39.16
1789837108006,39.16
1789837108021,39.2
1789837108036,39.2
1789837108052,39.2
1789837108069,39.2
1789837108085,39.2
1789837108101,39.2
1789837108117,39.2
1789837108134,39.2
1789837108150,39.2
1789837108165,39.11
1789837108180,39.11
1789837108195,39.11
1789837108212,39.11
1789837108228,39.11
1789837108245,39.11
1789837108261,39.11
1789837108277,39.11
1789837108293,32.59
1789837108309,32.59
1789837108325,32.59
1789837108341,32.59
1789837108358,32.59
1789837108374,32.59
1789837108390,32.59
1789837108406,32.59
1789837108423,39.19
1789837108438,39.19
1789837108453,39.19
1789837108469,39.19
1789837108486,39.19
1789837108502,39.19
1789837108518,39.19
1789837108534,39.19
1789837108551,39.19
1789837108566,39.16
1789837108583,39.16
1789837108599,39.16
1789837108615,39.16
1789837108631,39.16
1789837108648,39.16
1789837108664,39.16
1789837108680,39.16
1789837108696,39.21
1789837108712,39.21
1789837108728,39.21
1789837108745,39.21
1789837108761,39.21
1789837108777,39.21
1789837108793,39.21
1789837108810,39.21
1789837108826,39.1
1789837108841,39.1
1789837108856,39.1
1789837108873,39.1
1789837108889,39.1
1789837108905,39.1
1789837108921,39.1
1789837108938,39.1
1789837108954,39.1
1789837108970,39.11
1789837108986,39.11
1789837109002,39.11
1789837109019,39.11
1789837109035,39.11
1789837109051,39.11
1789837109067,39.11
1789837109084,39.11
1789837109099,39.2
1789837109115,39.2
1789837109131,39.2
1789837109148,39.2
1789837109164,39.2
1789837109180,39.2
1789837109196,39.2
1789837109213,39.2
1789837109229,39.12
1789837109244,39.12
1789837109260,39.12
1789837109277,39.12
1789837109293,39.12
1789837109309,39.12
1789837109325,39.12
1789837109342,39.12
1789837109358,39.12
1789837109373,39.12
1789837109389,39.12
1789837109405,39.12
1789837109421,39.12
1789837109437,39.12
1789837109454,39.12
1789837109470,39.12
1789837109487,39.12
1789837109502,32.54
1789837109518,32.54
1789837109534,32.54
1789837109550,32.54
1789837109567,32.54
1789837109583,32.54
1789837109599,32.54
1789837109616,32.54
1789837109632,39.16
1789837109647,39.16
1789837109664,39.16
1789837109679,39.16
1789837109695,39.16
1789837109711,39.16
1789837109727,39.16
1789837109744,39.16
1789837109760,39.16
1789837109775,39.14
1789837109790,39.14
1789837109807,39.14
1789837109822,39.14
1789837109838,39.14
1789837109854,39.14
1789837109870,39.14
1789837109886,39.14
1789837109901,39.19
1789837109917,39.19
1789837109934,39.19
1789837109950,39.19
1789837109966,39.19
1789837109982,39.19
1789837109999,39.19
1789837110015,39.19
1789837110031,38.54
1789837110046,38.54
1789837110062,38.54
1789837110078,38.54
1789837110094,38.54
1789837110110,38.54
1789837110127,38.54
1789837110143,38.54
1789837110158,38.54
1789837110173,39.2
1789837110190,39.2
1789837110206,39.2
1789837110223,39.2
1789837110239,39.2
1789837110255,39.2
1789837110271,39.2
1789837110288,39.2
1789837110303,39.19
1789837110319,39.19
1789837110335,39.19
1789837110352,39.19
1789837110368,39.19
1789837110385,39.19
1789837110401,39.19
1789837110417,39.19
1789837110433,39.29
1789837110448,39.29
1789837110464,39.29
1789837110480,39.29
1789837110496,39.29
1789837110513,39.29
1789837110529,39.29
1789837110545,39.29
1789837110561,39.29
1789837110577,39.16
1789837110593,39.16
1789837110610,39.16
1789837110626,39.16
1789837110642,39.16
1789837110658,39.16
1789837110674,39.16
1789837110691,39.16
1789837110707,32.42
1789837110723,32.42
1789837110739,32.42
1789837110755,32.42
1789837110772,32.42
1789837110796,32.42
1789837110825,32.41
1789837110859,32.41
1789837110896,32.41
1789837110928,32.41
1789837110961,32.34
1789837110997,32.34
1789837111029,32.34
1789837111055,32.34
1789837111076,32.34
1789837111112,32.34
1789837111149,32.34
1789837111185,32.34
1789837111222,32.34
1789837111245,32.34
1789837111275,32.34
1789837111311,32.34
1789837111343,32.34
1789837111365,32.32
1789837111394,32.32
1789837111412,32.32
1789837111436,32.32
1789837111472,32.32
1789837111506,32.28
1789837111541,32.28
1789837111576,32.28
1789837111611,32.28
1789837111639,32.31
1789837111673,32.31
1789837111710,32.31
1789837111734,32.31
1789837111770,32.29
1789837111804,32.29
1789837111840,32.29
1789837111876,32.29
1789837111913,32.32
1789837111943,32.32
1789837111965,32.32
1789837111999,32.32
1789837112036,32.27
1789837112066,32.27
1789837112089,32.27
1789837112124,32.27
1789837112156,32.27
1789837112192,32.32
1789837112220,32.32
1789837112243,32.32
1789837112276,32.32
1789837112303,32.32
1789837112326,32.33
1789837112354,32.33
1789837112390,32.33
1789837112409,32.33
1789837112432,32.31
1789837112467,32.31
1789837112502,32.31
1789837112537,32.31
1789837112570,32.24
1789837112606,32.24
1789837112640,32.24
1789837112675,32.24
1789837112709,32.23
1789837112745,32.23
1789837112764,32.23
1789837112788,32.23
1789837112823,32.23
1789837112860,32.25
1789837112895,32.25
1789837112927,32.25
1789837112961,32.25
1789837112994,32.27
1789837113026,32.27
1789837113062,32.27
1789837113092,32.27
1789837113128,32.24
1789837113163,32.24
1789837113198,32.24
1789837113229,32.24
1789837113251,32.28
1789837113280,32.28
1789837113308,32.28
1789837113330,32.28
1789837113363,32.22
1789837113396,32.22
1789837113413,32.22
1789837113449,32.22
1789837113483,32.22
1789837113517,32.15
1789837113542,32.15
1789837113577,32.15
1789837113612,32.15
1789837113643,32.18
1789837113673,32.18
1789837113710,32.18
1789837113744,32.18
1789837113779,32.18
1789837113813,32.18
1789837113850,32.18
1789837113887,32.18
1789837113922,32.22
1789837113958,32.22
1789837113987,32.22
1789837114008,32.22
1789837114044,32.24
1789837114075,32.24
1789837114098,32.24
1789837114132,32.24
1789837114168,32.22
1789837114202,32.22
1789837114233,32.22
1789837114267,32.22
1789837114304,32.22
1789837114324,32.29
1789837114344,32.29
1789837114366,32.29
1789837114402,32.29
1789837114428,32.29
1789837114463,32.24
1789837114498,32.24
1789837114534,32.24
1789837114556,32.24
1789837114587,32.18
1789837114620,32.18
1789837114651,32.18
1789837114684,32.18
1789837114716,32.21
1789837115836,35.13
1789837115852,35.13
1789837115868,35.13
1789837115885,35.13
1789837115899,35.13
1789837115916,35.13
1789837115931,35.25
1789837115947,35.25
1789837115964,35.25
1789837115980,35.25
1789837115996,35.25
1789837116013,35.25
1789837116029,35.25
1789837116045,35.25
1789837116061,35.25
1789837116077,35.25
1789837116093,35.25
1789837116110,35.25
1789837116126,35.25
1789837116142,35.25
1789837116159,35.25
1789837116175,35.25
1789837116191,35.29
1789837116207,35.29
1789837116223,35.29
1789837116239,35.29
1789837116256,35.29
1789837116272,35.29
1789837116288,35.29
1789837116305,35.29
1789837116321,35.29
1789837116336,35.23
1789837116352,35.23
1789837116369,35.23
1789837116385,35.23
1789837116401,35.23
1789837116418,35.23
1789837116434,35.23
1789837116450,35.23
1789837116465,35.22
1789837116480,35.22
1789837116497,35.22
1789837116513,35.22
1789837116530,35.22
1789837116546,35.22
1789837116562,35.22
1789837116578,35.22
1789837116594,35.33
1789837116610,35.33
1789837116626,35.33
1789837116643,35.33
1789837116659,35.33
1789837116675,35.33
1789837116691,35.33
1789837116708,35.33
1789837116724,35.23
1789837116739,35.23
1789837116754,35.23
1789837116770,35.23
1789837116785,35.23
1789837116802,35.23
1789837116818,35.23
1789837116834,35.23
1789837116851,35.23
1789837116866,35.29
1789837116883,35.29
1789837116899,35.29
1789837116915,35.29
1789837116931,35.29
1789837116946,35.29
1789837116963,35.29
1789837116979,35.29
1789837116995,35.38
1789837117011,35.38
1789837117027,35.38
1789837117043,35.38
1789837117059,35.38
1789837117076,35.38
1789837117092,35.38
1789837117109,35.38
1789837117125,35.38
1789837117140,35.26
1789837117156,35.26
1789837117172,35.26
1789837117189,35.26
1789837117205,35.26
1789837117222,35.26
1789837117238,35.26
1789837117254,35.26
1789837117271,35.17
1789837117286,35.17
1789837117302,35.17
1789837117318,35.17
1789837117335,35.17
1789837117351,35.17
1789837117367,35.17
1789837117383,35.17
1789837117399,35.23
1789837117415,35.23
1789837117431,35.23
1789837117448,35.23
1789837117464,35.23
1789837117480,35.23
1789837117496,35.23
1789837117513,35.23
1789837117529,35.29
1789837117544,35.29
1789837117559,35.29
1789837117575,35.29
1789837117590,35.29
1789837117607,35.29
1789837117623,35.29
1789837117638,35.29
1789837117654,35.29
1789837117670,35.33
1789837117686,35.33
1789837117703,35.33
1789837117719,35.33
1789837117735,35.33
1789837117751,35.33
1789837117768,35.33
1789837117784,35.33
1789837117800,35.29
1789837117815,35.29
1789837117832,35.29
1789837117848,35.29
1789837117864,35.29
1789837117881,35.29
1789837117897,35.29
1789837117913,35.29
1789837117930,35.25
1789837117945,35.25
1789837117960,35.25
1789837117976,35.25
1789837117992,35.25
1789837118009,35.25
1789837118025,35.25
1789837118041,35.25
1789837118058,35.25
1789837118073,35.34
1789837118089,35.34
1789837118106,35.34
1789837118122,35.34
1789837118138,35.34
1789837118155,35.34
1789837118171,35.34
1789837118187,35.34
1789837118203,35.33
1789837118219,35.33
1789837118235,35.33
1789837118252,35.33
1789837118268,35.33
1789837118284,35.33
1789837118300,35.33
1789837118317,35.33
1789837118333,35.28
1789837118348,35.28
1789837118365,35.28
1789837118381,35.28
1789837118396,35.28
1789837118412,35.28
1789837118429,35.28
1789837118445,35.28
1789837118461,35.28
1789837118477,35.29
1789837118493,35.29
1789837118509,35.29
1789837118525,35.29
1789837118542,35.29
1789837118558,35.29
1789837118574,35.29
1789837118590,35.29
1789837118606,35.38
1789837118622,35.38
1789837118639,35.38
1789837118655,35.38
1789837118671,35.38
1789837118687,35.38
1789837118704,35.38
1789837118720,35.38
1789837118736,35.33
1789837118751,35.33
1789837118767,35.33
1789837118783,35.33
1789837118799,35.33
1789837118816,35.33
1789837118832,35.33
1789837118848,35.33
1789837118864,35.33
1789837118880,35.41
1789837118896,35.41
1789837118912,35.41
1789837118929,35.41
1789837118944,35.41
1789837118960,35.41
1789837118976,35.41
1789837118993,35.41
1789837119009,35.29
1789837119024,35.29
1789837119041,35.29
1789837119057,35.29
1789837119073,35.29
1789837119089,35.29
1789837119106,35.29
1789837119122,35.29
1789837119138,35.34
1789837119153,35.34
1789837119169,35.34
1789837119185,35.34
1789837119201,35.34
1789837119218,35.34
1789837119234,35.34
1789837119250,35.34
1789837119267,35.34
1789837119283,35.4
1789837119298,35.4
1789837119314,35.4
1789837119331,35.4
1789837119347,35.4
1789837119363,35.4
1789837119380,35.4
1789837119396,35.4
1789837119412,35.24
1789837119428,35.24
1789837119444,35.24
1789837119460,35.24
1789837119477,35.24
1789837119493,35.24
1789837119509,35.24
1789837119525,35.24
1789837119541,35.31
1789837119557,35.31
1789837119573,35.31
1789837119589,35.31
1789837119605,35.31
1789837119622,35.31
1789837119637,35.31
1789837119653,35.31
1789837119669,35.31
1789837119685,35.36
1789837119701,35.36
1789837119717,35.36
1789837119734,35.36
1789837119749,35.36
1789837119765,35.36
1789837119781,35.36
1789837119798,35.36
1789837119813,35.33
1789837119829,35.33
1789837119846,35.33
1789837119862,35.33
1789837119878,35.33
1789837119894,35.33
1789837119911,35.33
1789837119927,35.33
1789837119943,35.41
1789837119958,35.41
1789837119975,35.41
1789837119991,35.41
1789837120007,35.41
1789837120024,35.41
1789837120040,35.41
1789837120056,35.41
1789837120072,35.32
1789837120087,35.32
1789837120103,35.32
1789837120119,35.32
1789837120136,35.32
1789837120152,35.32
1789837120168,35.32
1789837120184,35.32
1789837120200,35.32
1789837120216,35.45
1789837120232,35.45
1789837120249,35.45
1789837120265,35.45
1789837120281,35.45
1789837120297,35.45
1789837120314,35.45
1789837120330,35.45
1789837120346,35.44
1789837120362,35.44
1789837120377,35.44
1789837120394,35.44
1789837120410,35.44
1789837120426,35.44
1789837120443,35.44
1789837120459,35.44
1789837120475,35.29
1789837120490,35.29
1789837120506,35.29
1789837120521,35.29
1789837120537,35.29
1789837120553,35.29
1789837120569,35.29
1789837120586,35.29
1789837120602,35.29
1789837120617,35.42
1789837120633,35.42
1789837120650,35.42
1789837120666,35.42
1789837120682,35.42
1789837120698,35.42
1789837120713,35.42
1789837120730,35.42
1789837120746,35.44
1789837120761,35.44
1789837120777,35.44
1789837120794,35.44
1789837120810,35.44
1789837120826,35.44
1789837120842,35.44
1789837120857,35.44
1789837120874,35.44
1789837120889,35.36
1789837120904,35.36
1789837120921,35.36
1789837120937,35.36
1789837120953,35.36
1789837120968,35.36
1789837120983,35.36
1789837120999,35.36
1789837121015,35.45
1789837121031,35.45
1789837121047,35.45
1789837121064,35.45
1789837121080,35.45
1789837121096,35.45
1789837121112,35.45
1789837121129,35.45
1789837121145,35.36
1789837121160,35.36
1789837121176,35.36
1789837121191,35.36
1789837121208,35.36
1789837121224,35.36
1789837121241,35.36
1789837121257,35.36
1789837121273,35.36
1789837121291,32.42
1789837121322,32.42
1789837121344,32.42
1789837121360,32.42
1789837121382,32.42
1789837121418,32.34
1789837121454,32.34
1789837121485,32.34
1789837121508,32.34
1789837121543,32.34
1789837121576,32.34
1789837121612,32.34
1789837121647,32.34
1789837121684,32.45
1789837121711,32.45
1789837121733,32.45
1789837121768,32.45
1789837121801,32.45
1789837121830,32.34
1789837121866,32.34
1789837121902,32.34
1789837121939,32.36
1789837121975,32.36
1789837122012,32.36
1789837122047,32.36
1789837122082,32.3
1789837122118,32.3
1789837122153,32.3
1789837122186,32.3
1789837122220,32.32
1789837122236,32.32
1789837122254,32.32
1789837122271,32.32
1789837122293,32.32
1789837122329,32.32
1789837122359,32.27
1789837122374,32.27
1789837122397,32.27
1789837122434,32.27
1789837122470,32.3
1789837122502,32.3
1789837122537,32.3
1789837122570,32.3
1789837122607,32.32
1789837122643,32.32
1789837122680,32.32
1789837122707,32.32
1789837122730,32.32
1789837122764,32.27
1789837122801,32.27
1789837122836,32.27
1789837122868,32.27
1789837122900,32.31
1789837122932,32.31
1789837122966,32.31
1789837122999,32.31
1789837123028,32.15
1789837123049,32.15
1789837123085,32.15
1789837123122,32.15
1789837123156,32.28
1789837123191,32.28
1789837123220,32.28
1789837123242,32.28
1789837123268,32.28
1789837123288,32.22
1789837123324,32.22
1789837123356,32.22
1789837123386,32.22
1789837123406,32.23
1789837123441,32.23
1789837123474,32.23
1789837123511,32.23
1789837123545,32.27
1789837123577,32.27
1789837123614,32.27
1789837123650,32.27
1789837123685,32.21
1789837123720,32.21
1789837123756,32.21
1789837123792,32.21
1789837123828,32.22
1789837123864,32.22
1789837123901,32.22
1789837123936,32.28
1789837123971,32.28
1789837124007,32.28
1789837124042,32.28
1789837124077,32.31
1789837124112,32.31
1789837124147,32.31
1789837124182,32.31
1789837124218,32.17
1789837124243,32.17
1789837124272,32.17
1789837124294,32.17
1789837124330,32.17
1789837124365,32.28
1789837124391,32.28
1789837124414,32.28
1789837124449,32.28
1789837124483,32.27
1789837124502,32.27
1789837124536,32.27
1789837124571,32.27
1789837124604,32.27
1789837124636,32.15
1789837124669,32.15
1789837124704,32.15
1789837124725,32.15
1789837124747,32.18
1789837124783,32.18
1789837124820,32.18
1789837124852,32.18
1789837124889,32.24
1789837124924,32.24
1789837124960,32.24
1789837124996,32.24
1789837125033,32.19
1789837125063,32.19
1789837125080,32.19
1789837125113,32.19
1789837125148,32.19
1789837125180,32.19
1789837125212,32.19
1789837125244,32.19
1789837125272,32.19
1789837125289,32.21
1789837125305,32.21
1789837125321,32.21
1789837125337,32.21
1789837125353,32.21
1789837125372,32.21
1789837125395,32.21
1789837125412,32.21
1789837125434,32.22
1789837125469,32.22
1789837125498,32.22
1789837125521,32.22
1789837125556,32.18
1789837125590,32.18
1789837125620,32.18
1789837125643,32.18
1789837125678,32.27
1789837125713,32.27
1789837125734,32.27
1789837125756,32.27
1789837125791,32.27
1789837125826,32.24
1789837125861,32.24
1789837125896,32.24
1789837125928,32.24
1789837125960,32.18
1789837125996,32.18
1789837126031,32.18
1789837126067,32.18
1789837126089,32.23
1789837126124,32.23
1789837126159,32.23
1789837126195,32.23
1789837126224,32.27
1789837126246,32.27
1789837126279,32.27
1789837126307,32.27
1789837126329,32.27
1789837126365,32.21
1789837126382,32.21
1789837126398,32.21
1789837126415,32.21
1789837126431,32.21
1789837126447,32.21
1789837126463,32.21
1789837126480,32.21
1789837126496,32.14
1789837126511,32.14
1789837126528,32.14
1789837126544,32.14
1789837126560,32.14
1789837126576,32.14
1789837126593,32.14
1789837126609,32.14
1789837126625,34.43
1789837126640,34.43
1789837126656,34.43
1789837126670,34.43
1789837126687,34.43
1789837126702,34.43
1789837126718,34.43
1789837126734,34.43
1789837126751,34.43
1789837126767,34.43
1789837126782,34.43
1789837126799,34.43
1789837126815,34.43
1789837126831,34.43
1789837126846,34.43
1789837126862,34.43
1789837126879,34.43
1789837126895,34.48
1789837126910,34.48
1789837126925,34.48
1789837126942,34.48
1789837126958,34.48
1789837126974,34.48
1789837126989,34.48
1789837127006,34.48
1789837127022,34.48
1789837127037,34.46
1789837127054,34.46
1789837127070,34.46
1789837127086,34.46
1789837127102,34.46
1789837127119,34.46
1789837127135,34.46
1789837127151,34.46
1789837127167,34.52
1789837127183,34.52
1789837127199,34.52
1789837127216,34.52
1789837127232,34.52
1789837127248,34.52
1789837127265,34.52
1789837127281,34.52
1789837127296,34.52
1789837127311,34.52
1789837127327,34.52
1789837127344,34.52
1789837127360,34.52
1789837127376,34.52
1789837127391,34.52
1789837127407,34.52
1789837127424,34.52
1789837127439,34.46
1789837127456,34.46
1789837127472,34.46
1789837127488,34.46
1789837127504,34.46
1789837127521,34.46
1789837127537,34.46
1789837127553,34.46
1789837127569,34.48
1789837127585,34.48
1789837127601,34.48
1789837127618,34.48
1789837127634,34.48
1789837127650,34.48
1789837127666,34.48
1789837127683,34.48
1789837127698,34.61
1789837127713,34.61
1789837127728,34.61
1789837127744,34.61
1789837127761,34.61
1789837127777,34.61
1789837127793,34.61
1789837127810,34.61
1789837127826,34.61
1789837127841,34.65
1789837127858,34.65
1789837127874,34.65
1789837127890,34.65
1789837127906,34.65
1789837127923,34.65
1789837127939,34.65
1789837127955,34.65
1789837127971,34.52
1789837127987,34.52
1789837128003,34.52
1789837128020,34.52
1789837128036,34.52
1789837128052,34.52
1789837128069,34.52
1789837128085,34.52
1789837128101,34.61
1789837128116,34.61
1789837128131,34.61
1789837128148,34.61
1789837128164,34.61
1789837128179,34.61
1789837128195,34.61
1789837128212,34.61
1789837128228,34.61
1789837128243,34.44
1789837128260,34.44
1789837128276,34.44
1789837128292,34.44
1789837128308,34.44
1789837128325,34.44
1789837128340,34.44
1789837128356,34.44
1789837128372,34.46
1789837128388,34.46
1789837128404,34.46
1789837128420,34.46
1789837128437,34.46
1789837128453,34.46
1789837128469,34.46
1789837128485,34.46
1789837128502,34.53
1789837128517,34.53
1789837128533,34.53
1789837128550,34.53
1789837128566,34.53
1789837128582,34.53
1789837128599,34.53
1789837128615,34.53
1789837128631,34.53
1789837128647,34.53
1789837128663,34.53
1789837128679,34.53
1789837128695,34.53
1789837128712,34.53
1789837128728,34.53
1789837128744,34.53
1789837128761,34.53
1789837128776,34.54
1789837128792,34.54
1789837128809,34.54
1789837128825,34.54
1789837128840,34.54
1789837128856,34.54
1789837128873,34.54
1789837128889,34.54
1789837128905,34.53
1789837128920,34.53
1789837128936,34.53
1789837128952,34.53
1789837128968,34.53
1789837128985,34.53
1789837129001,34.53
1789837129017,34.53
1789837129033,34.53
1789837129049,34.52
1789837129065,34.52
1789837129081,34.52
1789837129098,34.52
1789837129114,34.52
1789837129130,34.52
1789837129147,34.52
1789837129163,34.52
1789837129179,32.47
1789837129195,32.47
1789837129211,32.47
1789837129227,32.47
1789837129243,32.47
1789837129260,32.47
1789837129276,32.47
1789837129292,32.47
1789837129308,34.6
1789837129324,34.6
1789837129340,34.6
1789837129356,34.6
1789837129373,34.6
1789837129389,34.6
1789837129405,34.6
1789837129422,34.6
1789837129438,34.6
1789837129453,34.6
1789837129469,34.6
1789837129486,34.6
1789837129502,34.6
1789837129518,34.6
1789837129534,34.6
1789837129551,34.6
1789837129567,34.6
1789837129583,34.52
1789837129599,34.52
1789837129615,34.52
1789837129631,34.52
1789837129648,34.52
1789837129664,34.52
1789837129680,34.52
1789837129696,34.52
1789837129712,34.52
1789837129728,34.52
1789837129745,34.52
1789837129761,34.52
1789837129777,34.52
1789837129793,34.52
1789837129808,34.52
1789837129824,34.52
1789837129841,34.59
1789837129856,34.59
1789837129871,34.59
1789837129888,34.59
1789837129904,34.59
1789837129920,34.59
1789837129937,34.59
1789837129953,34.59
1789837129969,34.59
1789837129985,34.5
1789837130001,34.5
1789837130017,34.5
1789837130034,34.5
1789837130050,34.5
1789837130066,34.5
1789837130082,34.5
1789837130099,34.5
1789837130115,34.55
1789837130130,34.55
1789837130147,34.55
1789837130162,34.55
1789837130177,34.55
1789837130192,34.55
1789837130208,34.55
1789837130224,34.55
1789837130241,34.55
1789837130258,34.56
1789837130274,34.56
1789837130290,34.56
1789837130306,34.56
1789837130323,34.56
1789837130339,34.56
1789837130355,34.56
1789837130371,34.56
1789837130387,34.5
1789837130403,34.5
1789837130420,34.5
1789837130436,34.5
1789837130452,34.5
1789837130468,34.5
1789837130483,34.5
1789837130499,34.5
1789837130516,34.48
1789837130531,34.48
1789837130548,34.48
1789837130564,34.48
1789837130580,34.48
1789837130596,34.48
1789837130613,34.48
1789837130629,34.48
1789837130645,34.52
1789837130661,34.52
1789837130676,34.52
1789837130691,34.52
1789837130706,34.52
1789837130721,34.52
1789837130737,34.52
1789837130753,34.52
1789837130770,34.52
1789837130785,34.68
1789837130801,34.68
1789837130817,34.68
1789837130834,34.68
1789837130850,34.68
1789837130866,34.68
1789837130883,34.68
1789837130899,34.68
1789837130914,34.62
1789837130929,34.62
1789837130944,34.62
1789837130959,34.62
1789837130975,34.62
1789837130990,34.62
1789837131006,34.62
1789837131023,34.62
1789837131039,34.62
1789837131055,34.61
1789837131071,34.61
1789837131087,34.61
1789837131103,34.61
1789837131120,34.61
1789837131136,34.61
1789837131152,34.61
1789837131168,34.61
1789837131184,34.61
1789837131200,34.61
1789837131217,34.61
1789837131233,34.61
1789837131249,34.61
1789837131265,34.61
1789837131281,34.61
1789837131298,34.61
1789837131314,34.57
1789837131329,34.57
1789837131346,34.57
1789837131362,34.57
1789837131378,34.57
1789837131394,34.57
1789837131409,34.57
1789837131426,34.57
1789837131442,34.57
1789837131458,34.61
1789837131473,34.61
1789837131490,34.61
1789837131505,34.61
1789837131521,34.61
1789837131537,34.61
1789837131554,34.61
1789837131570,34.61
1789837131586,34.64
1789837131602,34.64
1789837131618,34.64
1789837131634,34.64
1789837131650,34.64
1789837131667,34.64
1789837131683,34.64
1789837131699,34.64
1789837131715,34.64
1789837131731,34.58
1789837131746,34.58
1789837131762,34.58
1789837131779,34.58
1789837131795,34.58
1789837131811,34.58
1789837131827,34.58
1789837131844,34.58
1789837131859,34.47
1789837131875,34.47
1789837131891,34.47
1789837131908,34.47
1789837131924,34.47
1789837131940,34.47
1789837131956,34.47
1789837131971,34.47
1789837131987,34.57
1789837132003,34.57
1789837132019,34.57
1789837132036,34.57
1789837132051,34.57
1789837132067,34.57
1789837132083,34.57
1789837132099,34.57
1789837132116,34.57
1789837132131,34.6
1789837132148,34.6
1789837132164,34.6
1789837132180,34.6
1789837132196,34.6
1789837132213,34.6
1789837132229,34.6
1789837132246,34.6
1789837132261,34.66
1789837132277,34.66
1789837132293,34.66
1789837132310,34.66
1789837132326,34.66
1789837132342,34.66
1789837132359,34.66
1789837132375,34.66
1789837132391,34.59
1789837132406,34.59
1789837132423,34.59
1789837132439,34.59
1789837132455,34.59
1789837132472,34.59
1789837132488,34.59
1789837132504,34.59
1789837132521,34.62
1789837132536,34.62
1789837132551,34.62
1789837132567,34.62
1789837132583,34.62
1789837132600,34.62
1789837132616,34.62
1789837132632,34.62
1789837132649,34.62
1789837132664,34.61
1789837132680,34.61
1789837132697,34.61
1789837132713,34.61
1789837132729,34.61
1789837132746,34.61
1789837132762,34.61
1789837132778,34.61
1789837132794,34.64
1789837132810,34.64
1789837132826,34.64
1789837132842,34.64
1789837132859,34.64
1789837132875,34.64
1789837132890,34.64
1789837132906,34.64
1789837132922,32.33
1789837132938,32.33
1789837132955,32.33
1789837132971,32.33
1789837132987,32.33
1789837133008,32.33
1789837133038,32.33
1789837133074,32.32
1789837133109,32.32
1789837133140,32.32
1789837133176,32.34
1789837133210,32.34
1789837133246,32.34
1789837133277,32.34
1789837133313,32.28
1789837133338,32.28
1789837133364,32.28
1789837133397,32.28
1789837133432,32.28
1789837133461,32.2
1789837133482,32.2
1789837133517,32.2
1789837133552,32.2
1789837133587,32.24
1789837133623,32.24
1789837133659,32.24
1789837133688,32.24
1789837133711,32.24
1789837133745,32.26
1789837133779,32.26
1789837133810,32.26
1789837133839,32.26
1789837133875,32.25
1789837133912,32.25
1789837133948,32.25
1789837133982,32.32
1789837134014,32.32
1789837134037,32.32
1789837134073,32.32
1789837134109,32.32
1789837134137,32.28
1789837134159,32.28
1789837134193,32.28
1789837134223,32.28
1789837134239,32.28
1789837134255,32.28
1789837134278,32.21
1789837134313,32.21
1789837134346,32.21
1789837134362,32.21
1789837134384,32.24
1789837134420,32.24
1789837134455,32.24
1789837134474,32.24
1789837134510,32.24
1789837134546,32.27
1789837134581,32.27
1789837134618,32.27
1789837134655,32.27
1789837134685,32.27
1789837134707,32.27
1789837134742,32.27
1789837134779,32.27
1789837134812,32.27
1789837134835,32.27
1789837134870,32.27
1789837134905,32.27
1789837134940,32.27
1789837134972,32.27
1789837135008,32.27
1789837135038,32.27
1789837135062,32.3
1789837135098,32.3
1789837135130,32.3
1789837135152,32.3
1789837135186,32.18
1789837135222,32.18
1789837135244,32.18
1789837135273,32.18
1789837135292,32.18
1789837135327,32.24
1789837135355,32.24
1789837135374,32.24
1789837135394,32.24
1789837135431,32.24
1789837135466,32.25
1789837135500,32.25
1789837135536,32.25
1789837135572,32.25
1789837135607,32.23
1789837135643,32.23
1789837135678,32.23
1789837135713,32.23
1789837135735,32.25
1789837135770,32.25
1789837135803,32.25
1789837135826,32.25
1789837135862,32.15
1789837135898,32.15
1789837135933,32.15
1789837135967,32.15
1789837135999,32.1
1789837136031,32.1
1789837136047,32.1
1789837136069,32.1
1789837136104,32.1
1789837136139,32.24
1789837136175,32.24
1789837136211,32.24
1789837136247,32.24
1789837136273,32.2
1789837136290,32.2
1789837136313,32.2
1789837136348,32.2
1789837136377,32.2
1789837136412,32.22
1789837136447,32.22
1789837136481,32.22
1789837136501,32.22
1789837136523,32.2
1789837136557,32.2
1789837136593,32.2
1789837136629,32.2
1789837136661,32.21
1789837136696,32.21
1789837136729,32.21
1789837136766,32.21
1789837136801,32.25
1789837136828,32.25
1789837136864,32.25
1789837136897,32.25
1789837136930,32.2
1789837136963,32.2
1789837136990,32.2
1789837137006,32.2
1789837137022,32.2
1789837137039,32.2
1789837137055,32.2
1789837137071,32.2
1789837137092,32.2
1789837137124,32.2
1789837137160,32.2
1789837137195,32.21
1789837137224,32.21
1789837137245,32.21
1789837137265,32.21
1789837137282,32.21
1789837137304,32.21
1789837137336,32.25
1789837137359,32.25
1789837137381,32.25
1789837137417,32.25
1789837137449,32.25
1789837137480,32.18
1789837137506,32.18
1789837137542,32.18
1789837137577,32.18
1789837137611,32.15
1789837137644,32.15
1789837137677,32.15
1789837137713,32.15
1789837137735,32.22
1789837137769,32.22
1789837137805,32.22
1789837137830,32.22
1789837137863,32.1
1789837137897,32.1
1789837137933,32.1
1789837137968,32.1
1789837138004,32.1
1789837138035,32.1
1789837138053,32.1
1789837138078,32.1
1789837138095,32.1
1789837138111,32.1
1789837138127,32.1
1789837138143,32.2
1789837138159,32.2
1789837138175,32.2
1789837138191,32.2
1789837138207,32.2
1789837138224,32.2
1789837138240,32.2
1789837138257,32.2
1789837138273,32.2
1789837138288,34
1789837138304,34
1789837138320,34
1789837138337,34
1789837138353,34
1789837138369,34
1789837138386,34
1789837138402,34
1789837138418,34.07
1789837138434,34.07
1789837138450,34.07
1789837138466,34.07
1789837138483,34.07
1789837138499,34.07
1789837138515,34.07
1789837138531,34.07
1789837138548,34.08
1789837138563,34.08
1789837138578,34.08
1789837138594,34.08
1789837138611,34.08
1789837138627,34.08
1789837138643,34.08
1789837138659,34.08
1789837138676,34.08
1789837138691,34.02
1789837138708,34.02
1789837138724,34.02
1789837138740,34.02
1789837138756,34.02
1789837138771,34.02
1789837138788,34.02
1789837138804,34.02
1789837138820,34.05
1789837138836,34.05
1789837138852,34.05
1789837138868,34.05
1789837138884,34.05
1789837138901,34.05
1789837138917,34.05
1789837138934,34.05
1789837138950,34.04
1789837138965,34.04
1789837138980,34.04
1789837138996,34.04
1789837139013,34.04
1789837139029,34.04
1789837139045,34.04
1789837139060,34.04
1789837139076,34.04
1789837139092,34.03
1789837139108,34.03
1789837139125,34.03
1789837139141,34.03
1789837139157,34.03
1789837139173,34.03
1789837139190,34.03
1789837139206,34.03
1789837139222,34.02
1789837139238,34.02
1789837139254,34.02
1789837139270,34.02
1789837139287,34.02
1789837139303,34.02
1789837139319,34.02
1789837139335,34.02
1789837139352,33.99
1789837139367,33.99
1789837139382,33.99
1789837139398,33.99
1789837139415,33.99
1789837139431,33.99
1789837139447,33.99
1789837139463,33.99
1789837139480,33.99
1789837139495,34.03
1789837139512,34.03
1789837139528,34.03
1789837139544,34.03
1789837139560,34.03
1789837139575,34.03
1789837139592,34.03
1789837139608,34.03
1789837139624,34.01
1789837139640,34.01
1789837139656,34.01
1789837139672,34.01
1789837139689,34.01
1789837139705,34.01
1789837139721,34.01
1789837139738,34.01
1789837139754,34.12
1789837139769,34.12
1789837139784,34.12
1789837139800,34.12
1789837139817,34.12
1789837139833,34.12
1789837139849,34.12
1789837139866,34.12
1789837139882,34.12
1789837139897,34.08
1789837139912,34.08
1789837139929,34.08
1789837139945,34.08
1789837139961,34.08
1789837139978,34.08
1789837139994,34.08
1789837140010,34.08
1789837140026,33.97
1789837140042,33.97
1789837140058,33.97
1789837140074,33.97
1789837140091,33.97
1789837140107,33.97
1789837140123,33.97
1789837140140,33.97
1789837140156,34.08
1789837140171,34.08
1789837140186,34.08
1789837140202,34.08
1789837140219,34.08
1789837140235,34.08
1789837140251,34.08
1789837140268,34.08
1789837140284,34.08
1789837140301,34.07
1789837140317,34.07
1789837140333,34.07
1789837140350,34.07
1789837140366,34.07
1789837140382,34.07
1789837140398,34.07
1789837140415,34.07
1789837140430,34.12
1789837140446,34.12
1789837140463,34.12
1789837140479,34.12
1789837140495,34.12
1789837140512,34.12
1789837140528,34.12
1789837140544,34.12
1789837140560,34.06
1789837140576,34.06
1789837140592,34.06
1789837140609,34.06
1789837140625,34.06
1789837140641,34.06
1789837140657,34.06
1789837140674,34.06
1789837140690,34.17
1789837140705,34.17
1789837140720,34.17
1789837140737,34.17
1789837140753,34.17
1789837140769,34.17
1789837140785,34.17
1789837140802,34.17
1789837140818,34.17
1789837140834,34.08
1789837140850,34.08
1789837140866,34.08
1789837140883,34.08
1789837140899,34.08
1789837140915,34.08
1789837140931,34.08
1789837140948,34.08
1789837140963,34.06
1789837140979,34.06
1789837140995,34.06
1789837141012,34.06
1789837141028,34.06
1789837141045,34.06
1789837141061,34.06
1789837141077,34.06
1789837141093,34.13
1789837141108,34.13
1789837141124,34.13
1789837141140,34.13
1789837141156,34.13
1789837141172,34.13
1789837141188,34.13
1789837141204,34.13
1789837141220,34.13
1789837141237,34.19
1789837141253,34.19
1789837141269,34.19
1789837141286,34.19
1789837141302,34.19
1789837141318,34.19
1789837141335,34.19
1789837141351,34.19
1789837141367,34.14
1789837141383,34.14
1789837141399,34.14
1789837141415,34.14
1789837141432,34.14
1789837141448,34.14
1789837141464,34.14
1789837141480,34.14
1789837141496,34.2
1789837141512,34.2
1789837141528,34.2
1789837141545,34.2
1789837141561,34.2
1789837141576,34.2
1789837141591,34.2
1789837141607,34.2
1789837141623,34.2
1789837141639,34.16
1789837141655,34.16
1789837141671,34.16
1789837141688,34.16
1789837141704,34.16
1789837141720,34.16
1789837141737,34.16
1789837141753,34.16
1789837141769,34.15
1789837141785,34.15
1789837141801,34.15
1789837141817,34.15
1789837141833,34.15
1789837141850,34.15
1789837141866,34.15
1789837141882,34.15
1789837141898,34.14
1789837141914,34.14
1789837141930,34.14
1789837141947,34.14
1789837141963,34.14
1789837141979,34.14
1789837141996,34.14
1789837142012,34.14
1789837142028,34.03
1789837142043,34.03
1789837142059,34.03
1789837142075,34.03
1789837142091,34.03
1789837142108,34.03
1789837142124,34.03
1789837142140,34.03
1789837142156,34.03
1789837142172,34.09
1789837142188,34.09
1789837142204,34.09
1789837142221,34.09
1789837142237,34.09
1789837142253,34.09
1789837142269,34.09
1789837142286,34.09
1789837142302,34.17
1789837142318,34.17
1789837142334,34.17
1789837142350,34.17
1789837142366,34.17
1789837142383,34.17
1789837142399,34.17
1789837142414,34.17
1789837142430,34.04
1789837142445,34.04
1789837142461,34.04
1789837142477,34.04
1789837142493,34.04
1789837142509,34.04
1789837142526,34.04
1789837142542,34.04
1789837142558,34.04
1789837142574,34.15
1789837142590,34.15
1789837142606,34.15
1789837142622,34.15
1789837142639,34.15
1789837142655,34.15
1789837142671,34.15
1789837142688,34.15
1789837142704,34.16
1789837142719,34.16
1789837142736,34.16
1789837142752,34.16
1789837142767,34.16
1789837142783,34.16
1789837142799,34.16
1789837142816,34.16
1789837142831,34.16
1789837142846,34
1789837142861,34
1789837142877,34
1789837142894,34
1789837142909,34
1789837142925,34
1789837142941,34
1789837142958,34
1789837142973,34.07
1789837142989,34.07
1789837143006,34.07
1789837143022,34.07
1789837143038,34.07
1789837143054,34.07
1789837143071,34.07
1789837143087,34.07
1789837143103,34.06
1789837143118,34.06
1789837143134,34.06
1789837143150,34.06
1789837143166,34.06
1789837143183,34.06
1789837143197,34.06
1789837143214,34.06
1789837143230,34.06
1789837143246,34.22
1789837143262,34.22
1789837143278,34.22
1789837143294,34.22
1789837143311,34.22
1789837143327,34.22
1789837143343,34.22
1789837143359,34.22
1789837143375,34.19
1789837143391,34.19
1789837143406,34.19
1789837143422,34.19
1789837143439,34.19
1789837143455,34.19
1789837143471,34.19
1789837143486,34.19
1789837143503,34.13
1789837143517,34.13
1789837143533,34.13
1789837143549,34.13
1789837143566,34.13
1789837143582,34.13
1789837143598,34.13
1789837143614,34.13
1789837143631,34.13
1789837143646,34.06
1789837143662,34.06
1789837143679,34.06
1789837143695,34.06
1789837143711,34.06
1789837143728,34.06
1789837143744,34.06
1789837143760,34.06
1789837143776,34.09
1789837143792,34.09
1789837143807,34.09
1789837143823,34.09
1789837143839,34.09
1789837143856,34.09
1789837143872,34.09
1789837143888,34.09
1789837143905,34.17
1789837143920,34.17
1789837143935,34.17
1789837143950,34.17
1789837143966,34.17
1789837143983,34.17
1789837143999,34.17
1789837144015,34.17
1789837144031,34.17
1789837144047,34.07
1789837144063,34.07
1789837144080,34.07
1789837144096,34.07
1789837144111,34.07
1789837144127,34.07
1789837144143,34.07
1789837144160,34.07
1789837144176,34.09
1789837144191,34.09
1789837144207,34.09
1789837144223,34.09
1789837144239,34.09
1789837144255,34.09
1789837144271,34.09
1789837144288,34.09
1789837144303,34.09
1789837144318,34.09
1789837144334,34.09
1789837144351,34.09
1789837144367,34.09
1789837144383,34.09
1789837144399,34.09
1789837144416,34.09
1789837144432,34.09
1789837144448,34.19
1789837144464,34.19
1789837144480,34.19
1789837144496,34.19
1789837144513,34.19
1789837144529,34.19
1789837144545,34.19
1789837144562,34.19
1789837144577,34.16
1789837144592,34.16
1789837144608,34.16
1789837144624,34.16
1789837144641,34.16
1789837144657,34.16
1789837144673,34.16
1789837144690,34.16
1789837144706,34.16
1789837144721,34.19
1789837144738,34.19
1789837144754,34.19
1789837144770,34.19
1789837144787,34.19
1789837144803,34.19
1789837144819,34.19
1789837144836,34.19
1789837144851,34.07
1789837144867,34.07
1789837144884,34.07
1789837144900,34.07
1789837144915,34.07
1789837144931,34.07
1789837144947,34.07
1789837144964,34.07
1789837144980,34.15
1789837144997,34.15
1789837145013,34.15
1789837145029,34.15
1789837145045,34.15
1789837145062,34.15
1789837145078,34.15
1789837145095,34.15
1789837145111,32.32
1789837145126,32.32
1789837145142,32.32
1789837145160,32.32
1789837145188,32.32
1789837145222,32.32
1789837145239,32.32
1789837145262,32.28
1789837145290,32.28
1789837145323,32.28
1789837145354,32.28
1789837145390,32.31
1789837145424,32.31
1789837145457,32.31
1789837145492,32.31
1789837145527,32.25
1789837145550,32.25
1789837145573,32.25
1789837145608,32.25
1789837145645,32.25
1789837145681,32.25
1789837145717,32.25
1789837145752,32.25
1789837145787,32.21
1789837145822,32.21
1789837145855,32.21
1789837145889,32.21
1789837145913,32.29
1789837145949,32.29
1789837145983,32.29
1789837146007,32.29
1789837146042,32.22
1789837146075,32.22
1789837146110,32.22
1789837146129,32.22
1789837146154,32.22
1789837146189,32.25
1789837146217,32.25
1789837146233,32.25
1789837146250,32.25
1789837146272,32.25
1789837146295,32.25
1789837146328,32.18
1789837146354,32.18
1789837146374,32.18
1789837146403,32.18
1789837146437,32.18
1789837146471,32.18
1789837146507,32.18
1789837146543,32.18
1789837146572,32.18
1789837146594,32.19
1789837146630,32.19
1789837146665,32.19
1789837146690,32.19
1789837146724,32.16
1789837146760,32.16
1789837146793,32.16
1789837146811,32.16
1789837146847,32.24
1789837146883,32.24
1789837146918,32.24
1789837146953,32.24
1789837146990,32.18
1789837147019,32.18
1789837147041,32.18
1789837147077,32.18
1789837147114,32.18
1789837147136,32.22
1789837147172,32.22
1789837147209,32.22
1789837147243,32.22
1789837147259,32.25
1789837147281,32.25
1789837147315,32.25
1789837147345,32.25
1789837147368,32.25
1789837147403,32.14
1789837147438,32.14
1789837147461,32.14
1789837147498,32.14
1789837147533,32.21
1789837147570,32.21
1789837147605,32.21
1789837147639,32.24
1789837147668,32.24
1789837147690,32.24
1789837147725,32.24
1789837147762,32.24
1789837147796,32.21
1789837147828,32.21
1789837147864,32.21
1789837147893,32.21
1789837147915,32.18
1789837147951,32.18
1789837147986,32.18
1789837148019,32.18
1789837148042,32.18
1789837148077,32.18
1789837148113,32.18
1789837148135,32.18
1789837148171,32.18
1789837148205,32.19
1789837148236,32.19
1789837148252,32.19
1789837148273,32.19
1789837148307,32.15
1789837148341,32.15
1789837148368,32.15
1789837148401,32.15
1789837148438,32.15
1789837148472,32.16
1789837148494,32.16
1789837148529,32.16
1789837148566,32.16
1789837148600,32.19
1789837148633,32.19
1789837148668,32.19
1789837148697,32.19
1789837148719,32.1
1789837148753,32.1
1789837148789,32.1
1789837148814,32.1
1789837148849,32.23
1789837148880,32.23
1789837148916,32.23
1789837148953,32.23
1789837148989,32.16
1789837149016,32.16
1789837149032,32.16
1789837149055,32.16
1789837149091,32.16
1789837149126,32.18
1789837149156,32.18
1789837149172,32.18
1789837149189,32.18
1789837149205,32.18
1789837149221,32.18
1789837149238,32.18
1789837149259,32.1
1789837149293,32.1
1789837149328,32.1
1789837149357,32.1
1789837149374,32.1
1789837149396,32.18
1789837149431,32.18
1789837149468,32.18
1789837149495,32.18
1789837149529,32.14
1789837149562,32.14
1789837149596,32.14
1789837149631,32.14
1789837149663,32.18
1789837149697,32.18
1789837149718,32.18
1789837149750,32.18
1789837149786,32.18
1789837149822,32.18
1789837149855,32.18
1789837149888,32.18
1789837149919,32.14
1789837149954,32.14
1789837149989,32.14
1789837150021,32.14
1789837150044,32.14
1789837150079,32.18
1789837150112,32.18
1789837150149,32.18
1789837150184,32.15
1789837150218,32.15
1789837150242,32.15
1789837150258,32.15
1789837150275,32.15
1789837150292,32.15
1789837150308,32.15
1789837150324,32.15
1789837150341,32.16
1789837150358,32.16
1789837150374,32.16
1789837150390,32.16
1789837150406,32.16
1789837150422,32.16
1789837150439,32.16
1789837150455,32.16
1789837150471,34.46
1789837150487,34.46
1789837150503,34.46
1789837150519,34.46
1789837150536,34.46
1789837150552,34.46
1789837150568,34.46
1789837150585,34.46
1789837150601,34.49
1789837150616,34.49
1789837150632,34.49
1789837150649,34.49
1789837150665,34.49
1789837150681,34.49
1789837150698,34.49
1789837150714,34.49
1789837150730,32.58
1789837150745,32.58
1789837150761,32.58
1789837150777,32.58
1789837150793,32.58
1789837150809,32.58
1789837150826,32.58
1789837150842,32.58
1789837150858,32.58
1789837150874,34.61
1789837150890,34.61
1789837150906,34.61
1789837150923,34.61
1789837150939,34.61
1789837150955,34.61
1789837150972,34.61
1789837150988,34.61
1789837151004,34.61
1789837151019,34.61
1789837151036,34.61
1789837151052,34.61
1789837151068,34.61
1789837151085,34.61
1789837151101,34.61
1789837151117,34.61
1789837151132,34.63
1789837151147,34.63
1789837151163,34.63
1789837151179,34.63
1789837151195,34.63
1789837151212,34.63
1789837151228,34.63
1789837151244,34.63
1789837151260,34.63
1789837151276,33.75
1789837151292,33.75
1789837151308,33.75
1789837151325,33.75
1789837151341,33.75
1789837151358,33.75
1789837151374,33.75
1789837151390,33.75
1789837151406,34.61
1789837151422,34.61
1789837151438,34.61
1789837151454,34.61
1789837151470,34.61
1789837151487,34.61
1789837151503,34.61
1789837151519,34.61
1789837151536,34.57
1789837151551,34.57
1789837151566,34.57
1789837151582,34.57
1789837151599,34.57
1789837151615,34.57
1789837151631,34.57
1789837151647,34.57
1789837151664,34.57
1789837151679,34.6
1789837151694,34.6
1789837151710,34.6
1789837151727,34.6
1789837151743,34.6
1789837151759,34.6
1789837151776,34.6
1789837151792,34.6
1789837151808,34.48
1789837151824,34.48
1789837151840,34.48
1789837151856,34.48
1789837151872,34.48
1789837151889,34.48
1789837151905,34.48
1789837151920,34.48
1789837151936,32.41
1789837151951,32.41
1789837151968,32.41
1789837151984,32.41
1789837152001,32.41
1789837152017,32.41
1789837152033,32.41
1789837152050,32.41
1789837152066,32.41
1789837152081,34.62
1789837152097,34.62
1789837152114,34.62
1789837152130,34.62
1789837152146,34.62
1789837152163,34.62
1789837152179,34.62
1789837152195,34.62
1789837152211,34.61
1789837152227,34.61
1789837152243,34.61
1789837152260,34.61
1789837152276,34.61
1789837152292,34.61
1789837152308,34.61
1789837152325,34.61
1789837152341,34.69
1789837152356,34.69
1789837152373,34.69
1789837152389,34.69
1789837152405,34.69
1789837152422,34.69
1789837152438,34.69
1789837152454,34.69
1789837152470,34.69
1789837152486,33.58
1789837152501,33.58
1789837152517,33.58
1789837152533,33.58
1789837152550,33.58
1789837152566,33.58
1789837152582,33.58
1789837152599,33.58
1789837152614,34.61
1789837152630,34.61
1789837152647,34.61
1789837152663,34.61
1789837152678,34.61
1789837152693,34.61
1789837152709,34.61
1789837152726,34.61
1789837152742,34.71
1789837152757,34.71
1789837152773,34.71
1789837152789,34.71
1789837152806,34.71
1789837152822,34.71
1789837152839,34.71
1789837152855,34.71
1789837152871,34.71
1789837152887,34.67
1789837152903,34.67
1789837152919,34.67
1789837152935,34.67
1789837152952,34.67
1789837152968,34.67
1789837152984,34.67
1789837153001,34.67
1789837153016,34.54
1789837153032,34.54
1789837153049,34.54
1789837153065,34.54
1789837153081,34.54
1789837153098,34.54
1789837153114,34.54
1789837153129,34.54
1789837153144,32.45
1789837153159,32.45
1789837153174,32.45
1789837153190,32.45
1789837153207,32.45
1789837153223,32.45
1789837153239,32.45
1789837153256,32.45
1789837153272,32.45
1789837153287,34.66
1789837153302,34.66
1789837153318,34.66
1789837153335,34.66
1789837153351,34.66
1789837153367,34.66
1789837153384,34.66
1789837153399,34.66
1789837153415,34.78
1789837153430,34.78
1789837153446,34.78
1789837153463,34.78
1789837153479,34.78
1789837153496,34.78
1789837153512,34.78
1789837153528,34.78
1789837153544,34.7
1789837153559,34.7
1789837153575,34.7
1789837153591,34.7
1789837153607,34.7
1789837153622,34.7
1789837153638,34.7
1789837153655,34.7
1789837153671,34.7
1789837153687,33.49
1789837153703,33.49
1789837153719,33.49
1789837153735,33.49
1789837153752,33.49
1789837153768,33.49
1789837153784,33.49
1789837153800,33.49
1789837153817,34.61
1789837153832,34.61
1789837153848,34.61
1789837153865,34.61
1789837153881,34.61
1789837153897,34.61
1789837153914,34.61
1789837153930,34.61
1789837153946,34.58
1789837153962,34.58
1789837153978,34.58
1789837153994,34.58
1789837154011,34.58
1789837154027,34.58
1789837154043,34.58
1789837154059,34.58
1789837154076,34.58
1789837154091,34.62
1789837154108,34.62
1789837154124,34.62
1789837154140,34.62
1789837154156,34.62
1789837154173,34.62
1789837154189,34.62
1789837154205,34.62
1789837154221,34.52
1789837154236,34.52
1789837154253,34.52
1789837154270,34.52
1789837154287,34.52
1789837154303,34.52
1789837154320,34.52
1789837154336,34.52
1789837154352,32.36
1789837154367,32.36
1789837154384,32.36
1789837154400,32.36
1789837154416,32.36
1789837154433,32.36
1789837154449,32.36
1789837154465,32.36
1789837154481,34.74
1789837154496,34.74
1789837154513,34.74
1789837154529,34.74
1789837154545,34.74
1789837154562,34.74
1789837154578,34.74
1789837154594,34.74
1789837154611,34.74
1789837154626,34.7
1789837154642,34.7
1789837154658,34.7
1789837154675,34.7
1789837154691,34.7
1789837154707,34.7
1789837154724,34.7
1789837154740,34.7
1789837154756,34.68
1789837154772,34.68
1789837154788,34.68
1789837154804,34.68
1789837154820,34.68
1789837154837,34.68
1789837154853,34.68
1789837154869,34.68
1789837154885,33.43
1789837154900,33.43
1789837154916,33.43
1789837154932,33.43
1789837154948,33.43
1789837154965,33.43
1789837154981,33.43
1789837154997,33.43
1789837155014,33.43
1789837155029,34.63
1789837155045,34.63
1789837155061,34.63
1789837155078,34.63
1789837155094,34.63
1789837155110,34.63
1789837155126,34.63
1789837155142,34.63
1789837155158,34.74
1789837155174,34.74
1789837155191,34.74
1789837155207,34.74
1789837155224,34.74
1789837155239,34.74
1789837155256,34.74
1789837155272,34.74
1789837155288,34.73
1789837155304,34.73
1789837155320,34.73
1789837155335,34.73
1789837155351,34.73
1789837155368,34.73
1789837155384,34.73
1789837155400,34.73
1789837155416,34.73
1789837155432,34.46
1789837155447,34.46
1789837155463,34.46
1789837155479,34.46
1789837155496,34.46
1789837155512,34.46
1789837155527,34.46
1789837155543,34.46
1789837155559,34.6
1789837155575,34.6
1789837155591,34.6
1789837155608,34.6
1789837155624,34.6
1789837155640,34.6
1789837155656,34.6
1789837155673,34.6
1789837155689,34.64
1789837155704,34.64
1789837155719,34.64
1789837155735,34.64
1789837155752,34.64
1789837155768,34.64
1789837155784,34.64
1789837155799,34.64
1789837155815,34.64
1789837155831,34.67
1789837155847,34.67
1789837155863,34.67
1789837155879,34.67
1789837155896,34.67
1789837155912,34.67
1789837155928,34.67
1789837155944,34.67
1789837155960,34.65
1789837155976,34.65
1789837155993,34.65
1789837156009,34.65
1789837156025,34.65
1789837156041,34.65
1789837156058,34.65
1789837156074,34.65
1789837156090,33.17
1789837156105,33.17
1789837156121,33.17
1789837156137,33.17
1789837156152,33.17
1789837156168,33.17
1789837156184,33.17
1789837156201,33.17
1789837156217,33.17
1789837156234,34.7
1789837156250,34.7
1789837156266,34.7
1789837156282,34.7
1789837156299,34.7
1789837156315,34.7
1789837156331,34.7
1789837156346,34.7
1789837156362,34.7
1789837156378,34.7
1789837156394,34.7
1789837156410,34.7
1789837156427,34.7
1789837156443,34.7
1789837156459,34.7
1789837156475,34.7
1789837156491,34.6
1789837156506,34.6
1789837156522,34.6
1789837156538,34.6
1789837156554,34.6
1789837156571,34.6
1789837156587,34.6
1789837156602,34.6
1789837156618,34.6
1789837156634,34.43
1789837156649,34.43
1789837156666,34.43
1789837156682,34.43
1789837156698,34.43
1789837156715,34.43
1789837156731,34.43
1789837156747,34.43
1789837156763,34.62
1789837156779,34.62
1789837156795,34.62
1789837156811,34.62
1789837156828,34.62
1789837156844,34.62
1789837156860,34.62
1789837156877,34.62
1789837156893,34.72
1789837156908,34.72
1789837156923,34.72
1789837156940,34.72
1789837156956,34.72
1789837156972,34.72
1789837156989,34.72
1789837157005,34.72
1789837157021,34.72
1789837157037,34.7
1789837157052,34.7
1789837157069,34.7
1789837157085,34.7
1789837157101,34.7
1789837157118,34.7
1789837157134,34.7
1789837157150,34.7
1789837157166,34.68
1789837157182,34.68
1789837157198,34.68
1789837157215,34.68
1789837157231,34.68
1789837157248,34.68
1789837157264,34.68
1789837157280,34.68
1789837157296,33.12
1789837157311,33.12
1789837157328,33.12
1789837157344,33.12
1789837157360,33.12
1789837157377,33.12
1789837157393,33.12
1789837157409,33.12
1789837157425,32.36
1789837157444,32.36
1789837157478,32.36
1789837157513,32.36
1789837157543,32.36
1789837157576,32.27
1789837157611,32.27
1789837157649,32.27
1789837157671,32.27
1789837157706,32.31
1789837157741,32.31
1789837157773,32.31
1789837157806,32.31
1789837157841,32.34
1789837157874,32.34
1789837157909,32.34
1789837157944,32.34
1789837157974,32.09
1789837157996,32.09
1789837158032,32.09
1789837158066,32.09
1789837158099,32.26
1789837158118,32.26
1789837158153,32.26
1789837158188,32.26
1789837158216,32.26
1789837158246,32.22
1789837158276,32.22
1789837158311,32.22
1789837158348,32.22
1789837158369,32.23
1789837158404,32.23
1789837158433,32.23
1789837158455,32.23
1789837158491,32.22
1789837158525,32.22
1789837158546,32.22
1789837158579,32.22
1789837158611,32.22
1789837158646,32.19
1789837158674,32.19
1789837158710,32.19
1789837158745,32.19
1789837158765,32.27
1789837158787,32.27
1789837158823,32.27
1789837158859,32.27
1789837158896,32.22
1789837158930,32.22
1789837158965,32.22
1789837158993,32.22
1789837159026,32.22
1789837159062,32.22
1789837159097,32.22
1789837159126,32.22
1789837159158,32.23
1789837159186,32.23
1789837159205,32.23
1789837159222,32.23
1789837159240,32.23
1789837159273,32.23
1789837159309,32.24
1789837159341,32.24
1789837159362,32.24
1789837159396,32.24
1789837159432,32.18
1789837159467,32.18
1789837159503,32.18
1789837159538,32.18
1789837159568,32.23
1789837159590,32.23
1789837159625,32.23
1789837159661,32.23
1789837159683,32.23
1789837159719,32.18
1789837159754,32.18
1789837159791,32.18
1789837159827,32.22
1789837159863,32.22
1789837159900,32.22
1789837159936,32.22
1789837159972,32.14
1789837159997,32.14
1789837160019,32.14
1789837160055,32.14
1789837160092,32.08
1789837160128,32.08
1789837160163,32.08
1789837160198,32.08
1789837160224,32.08
1789837160253,32.18
1789837160275,32.18
1789837160295,32.18
1789837160320,32.18
1789837160338,32.18
1789837160355,32.18
1789837160378,32.15
1789837160412,32.15
1789837160447,32.15
1789837160483,32.15
1789837160519,32.12
1789837160554,32.12
1789837160588,32.12
1789837160623,32.09
1789837160659,32.09
1789837160694,32.09
1789837160731,32.09
1789837160766,32.21
1789837160796,32.21
1789837160819,32.21
1789837160853,32.21
1789837160890,32.21
1789837160924,32.22
1789837160959,32.22
1789837160996,32.22
1789837161025,32.22
1789837161047,32.1
1789837161083,32.1
1789837161116,32.1
1789837161139,32.1
1789837161173,32.08
1789837161208,32.08
1789837161228,32.08
1789837161251,32.08
1789837161280,32.08
1789837161303,32.16
1789837161339,32.16
1789837161374,32.16
1789837162503,39.11
1789837162518,39.21
1789837162535,39.21
1789837162551,39.21
1789837162567,39.21
1789837162583,39.21
1789837162598,39.21
1789837162614,39.21
1789837162631,39.21
1789837162647,39.18
1789837162663,39.18
1789837162679,39.18
1789837162695,39.18
1789837162712,39.18
1789837162728,39.18
1789837162744,39.18
1789837162761,39.18
1789837162777,39.17
1789837162792,39.17
1789837162807,39.17
1789837162823,39.17
1789837162840,39.17
1789837162856,39.17
1789837162872,39.17
1789837162888,39.17
1789837162905,39.17
1789837162920,39.21
1789837162937,39.21
1789837162953,39.21
1789837162969,39.21
1789837162985,39.21
1789837163002,39.21
1789837163018,39.21
1789837163034,39.21
1789837163050,39.16
1789837163066,39.16
1789837163082,39.16
1789837163099,39.16
1789837163115,39.16
1789837163131,39.16
1789837163148,39.16
1789837163164,39.16
1789837163180,39.25
1789837163196,39.25
1789837163212,39.25
1789837163228,39.25
1789837163244,39.25
1789837163261,39.25
1789837163277,39.25
1789837163293,39.25
1789837163309,39.21
1789837163325,39.21
1789837163340,39.21
1789837163357,39.21
1789837163372,39.21
1789837163389,39.21
1789837163405,39.21
1789837163421,39.21
1789837163438,39.21
1789837163453,39.13
1789837163470,39.13
1789837163486,39.13
1789837163502,39.13
1789837163518,39.13
1789837163535,39.13
1789837163551,39.13
1789837163567,39.13
1789837163583,39.17
1789837163599,39.17
1789837163615,39.17
1789837163631,39.17
1789837163648,39.17
1789837163664,39.17
1789837163680,39.17
1789837163697,39.17
1789837163713,39.18
1789837163728,39.18
1789837163743,39.18
1789837163758,39.18
1789837163774,39.18
1789837163791,39.18
1789837163807,39.18
1789837163823,39.18
1789837163839,39.18
1789837163855,39.22
1789837163871,39.22
1789837163887,39.22
1789837163902,39.22
1789837163919,39.22
1789837163935,39.22
1789837163951,39.22
1789837163968,39.22
1789837163984,39.29
1789837163999,39.29
1789837164016,39.29
1789837164032,39.29
1789837164048,39.29
1789837164064,39.29
1789837164081,39.29
1789837164097,39.29
1789837164112,39.29
1789837164127,39.21
1789837164142,39.21
1789837164158,39.21
1789837164175,39.21
1789837164191,39.21
1789837164207,39.21
1789837164224,39.21
1789837164240,39.21
1789837164256,39.12
1789837164272,39.12
1789837164288,39.12
1789837164304,39.12
1789837164321,39.12
1789837164337,39.12
1789837164353,39.12
1789837164369,39.12
1789837164385,39.28
1789837164401,39.28
1789837164417,39.28
1789837164432,39.28
1789837164449,39.28
1789837164465,39.28
1789837164481,39.28
1789837164498,39.28
1789837164514,39.28
1789837164529,39.24
1789837164545,39.24
1789837164561,39.24
1789837164577,39.24
1789837164593,39.24
1789837164610,39.24
1789837164626,39.24
1789837164642,39.24
1789837164658,39.25
1789837164674,39.25
1789837164690,39.25
1789837164707,39.25
1789837164723,39.25
1789837164739,39.25
1789837164756,39.25
1789837164771,39.25
1789837164787,39.18
1789837164802,39.18
1789837164817,39.18
1789837164833,39.18
1789837164850,39.18
1789837164866,39.18
1789837164882,39.18
1789837164899,39.18
1789837164915,39.18
1789837164930,39.27
1789837164947,39.27
1789837164963,39.27
1789837164979,39.27
1789837164996,39.27
1789837165012,39.27
1789837165027,39.27
1789837165043,39.27
1789837165059,39.3
1789837165075,39.3
1789837165091,39.3
1789837165107,39.3
1789837165124,39.3
1789837165140,39.3
1789837165156,39.3
1789837165172,39.3
1789837165189,39.25
1789837165204,39.25
1789837165219,39.25
1789837165236,39.25
1789837165252,39.25
1789837165268,39.25
1789837165284,39.25
1789837165300,39.25
1789837165317,39.25
1789837165332,39.24
1789837165349,39.24
1789837165365,39.24
1789837165381,39.24
1789837165398,39.24
1789837165414,39.24
1789837165430,39.24
1789837165446,39.24
1789837165462,39.33
1789837165478,39.33
1789837165494,39.33
1789837165511,39.33
1789837165527,39.33
1789837165543,39.33
1789837165559,39.33
1789837165574,39.33
1789837165591,39.38
1789837165606,39.38
1789837165621,39.38
1789837165637,39.38
1789837165654,39.38
1789837165670,39.38
1789837165686,39.38
1789837165702,39.38
1789837165719,39.38
1789837165734,39.33
1789837165751,39.33
1789837165767,39.33
1789837165783,39.33
1789837165799,39.33
1789837165816,39.33
1789837165832,39.33
1789837165848,39.33
1789837165864,39.27
1789837165880,39.27
1789837165896,39.27
1789837165913,39.27
1789837165929,39.27
1789837165945,39.27
1789837165962,39.27
1789837165978,39.27
1789837165994,39.36
1789837166010,39.36
1789837166026,39.36
1789837166042,39.36
1789837166058,39.36
1789837166075,39.36
1789837166091,39.36
1789837166107,39.36
1789837166123,39.38
1789837166138,39.38
1789837166154,39.38
1789837166169,39.38
1789837166185,39.38
1789837166202,39.38
1789837166218,39.38
1789837166234,39.38
1789837166251,39.38
1789837166266,39.31
1789837166282,39.31
1789837166298,39.31
1789837166315,39.31
1789837166331,39.31
1789837166348,39.31
1789837166364,39.31
1789837166380,39.31
1789837166396,33.43
1789837166412,33.43
1789837166428,33.43
1789837166444,33.43
1789837166460,33.43
1789837166477,33.43
1789837166493,33.43
1789837166509,33.43
1789837166526,39.28
1789837166540,39.28
1789837166556,39.28
1789837166572,39.28
1789837166589,39.28
1789837166605,39.28
1789837166621,39.28
1789837166637,39.28
1789837166652,39.28
1789837166668,39.34
1789837166684,39.34
1789837166700,39.34
1789837166717,39.34
1789837166733,39.34
1789837166749,39.34
1789837166766,39.34
1789837166782,39.34
1789837166798,39.23
1789837166814,39.23
1789837166830,39.23
1789837166846,39.23
1789837166862,39.23
1789837166879,39.23
1789837166895,39.23
1789837166911,39.23
1789837166928,39.25
1789837166943,39.25
1789837166958,39.25
1789837166974,39.25
1789837166990,39.25
1789837167006,39.25
1789837167022,39.25
1789837167038,39.25
1789837167054,39.25
1789837167070,39.36
1789837167086,39.36
1789837167103,39.36
1789837167119,39.36
1789837167135,39.36
1789837167151,39.36
1789837167166,39.36
1789837167183,39.36
1789837167199,39.33
1789837167214,39.33
1789837167231,39.33
1789837167247,39.33
1789837167263,39.33
1789837167279,39.33
1789837167296,39.33
1789837167312,39.33
1789837167328,39.33
1789837167343,39.37
1789837167359,39.37
1789837167375,39.37
1789837167391,39.37
1789837167407,39.37
1789837167424,39.37
1789837167440,39.37
1789837167456,39.37
1789837167472,39.33
1789837167488,39.33
1789837167504,39.33
1789837167521,39.33
1789837167537,39.33
1789837167553,39.33
1789837167570,39.33
1789837167586,39.33
1789837167602,39.29
1789837167618,39.29
1789837167634,39.29
1789837167650,39.29
1789837167666,39.29
1789837167683,39.29
1789837167699,39.29
1789837167715,39.29
1789837167731,39.37
1789837167747,39.37
1789837167763,39.37
1789837167779,39.37
1789837167796,39.37
1789837167812,39.37
1789837167828,39.37
1789837167845,39.37
1789837167861,39.37
1789837167876,39.38
1789837167892,39.38
1789837167909,39.38
1789837167925,39.38
1789837167942,39.38
1789837167958,39.38
1789837167974,39.38
1789837167990,39.38
1789837168006,39.32
1789837168022,39.32
1789837168038,39.32
1789837168053,39.32
1789837168069,39.32
1789837168085,39.32
1789837168101,39.32
1789837168117,39.32
1789837168132,39.32
1789837168147,39.34
1789837168163,39.34
1789837168179,39.34
1789837168195,39.34
1789837168212,39.34
1789837168228,39.34
1789837168244,39.34
1789837168260,39.34
1789837168276,39.39
1789837168292,39.39
1789837168308,39.39
1789837168324,39.39
1789837168341,39.39
1789837168357,39.39
1789837168373,39.39
1789837168390,39.39
1789837168406,39.4
1789837168421,39.4
1789837168436,39.4
1789837168452,39.4
1789837168469,39.4
1789837168485,39.4
1789837168501,39.4
1789837168516,39.4
1789837168533,39.4
1789837168548,39.39
1789837168564,39.39
1789837168580,39.39
1789837168597,39.39
1789837168612,39.39
1789837168628,39.39
1789837168644,39.39
1789837168661,39.39
1789837168676,39.35
1789837168692,39.35
1789837168709,39.35
1789837168725,39.35
1789837168741,39.35
1789837168758,39.35
1789837168774,39.35
1789837168790,39.35
1789837168806,39.37
1789837168821,39.37
1789837168837,39.37
1789837168853,39.37
1789837168869,39.37
1789837168886,39.37
1789837168902,39.37
1789837168918,39.37
1789837168935,39.37
1789837168950,39.5
1789837168966,39.5
1789837168982,39.5
1789837168999,39.5
1789837169015,39.5
1789837169031,39.5
1789837169048,39.5
1789837169064,39.5
1789837169080,39.42
1789837169096,39.42
1789837169112,39.42
1789837169128,39.42
1789837169144,39.42
1789837169161,39.42
1789837169176,39.42
1789837169192,39.42
1789837169208,39.52
1789837169224,39.52
1789837169240,39.52
1789837169257,39.52
1789837169273,39.52
1789837169289,39.52
1789837169305,39.52
1789837169322,39.52
1789837169338,39.52
1789837169353,39.5
1789837169370,39.5
1789837169386,39.5
1789837169402,39.5
1789837169418,39.5
1789837169435,39.5
1789837169451,39.5
1789837169467,39.5
1789837169483,39.5
1789837169499,39.5
1789837169515,39.5
1789837169532,39.5
1789837169548,39.5
1789837169564,39.5
1789837169581,39.5
1789837169597,39.5
1789837169613,39.36
1789837169628,39.36
1789837169645,39.36
1789837169661,39.36
1789837169677,39.36
1789837169694,39.36
1789837169710,39.36
1789837169726,39.36
1789837169743,39.35
1789837169758,39.35
1789837169773,39.35
1789837169789,39.35
1789837169806,39.35
1789837169822,39.35
1789837169838,39.35
1789837169855,39.35
1789837169871,39.35
1789837169886,39.35
1789837169903,39.35
1789837169919,39.35
1789837169935,39.35
1789837169951,39.35
1789837169966,39.35
1789837169983,39.35
1789837169999,39.35
1789837170015,32.59
1789837170032,32.59
1789837170049,32.59
1789837170065,32.59
1789837170085,32.59
1789837170118,32.59
1789837170153,32.45
1789837170184,32.45
1789837170209,32.45
1789837170245,32.45
1789837170278,32.45
1789837170308,32.45
1789837170331,32.45
1789837170360,32.45
1789837170391,32.45
1789837170424,32.41
1789837170443,32.41
1789837170465,32.41
1789837170501,32.41
1789837170528,32.41
1789837170544,32.45
1789837170566,32.45
1789837170602,32.45
1789837170637,32.45
1789837170672,32.44
1789837170708,32.44
1789837170743,32.44
1789837170767,32.44
1789837170789,32.44
1789837170824,32.44
1789837170859,32.44
1789837170895,32.44
1789837170931,32.44
1789837170966,32.41
1789837171003,32.41
1789837171035,32.41
1789837171073,32.41
1789837171094,32.29
1789837171130,32.29
1789837171165,32.29
1789837171199,32.29
1789837171222,32.42
1789837171249,32.42
1789837171268,32.42
1789837171288,32.42
1789837171323,32.42
1789837171352,32.39
1789837171374,32.39
1789837171405,32.39
1789837171441,32.39
1789837171478,32.36
1789837171512,32.36
1789837171546,32.36
1789837171582,32.36
1789837171615,32.34
1789837171651,32.34
1789837171677,32.34
1789837171710,32.34
1789837171746,32.34
1789837171783,32.34
1789837171818,32.34
1789837171854,32.34
1789837171890,32.37
1789837171926,32.37
1789837171961,32.37
1789837171995,32.37
1789837172031,32.32
1789837172066,32.32
1789837172101,32.32
1789837172127,32.32
1789837172159,32.28
1789837172191,32.28
1789837172217,32.28
1789837172233,32.28
1789837172255,32.28
1789837172285,32.34
1789837172321,32.34
1789837172356,32.34
1789837172390,32.34
1789837172427,32.32
1789837172449,32.32
1789837172472,32.32
1789837172507,32.32
1789837172537,32.32
1789837172559,32.3
1789837172595,32.3
1789837172629,32.3
1789837172659,32.3
1789837172681,32.31
1789837172718,32.31
1789837172751,32.31
1789837172774,32.31
1789837172808,32.34
1789837172843,32.34
1789837172879,32.34
1789837172916,32.34
1789837172952,32.34
1789837172986,32.34
1789837173022,32.34
1789837173058,32.34
1789837173090,32.33
1789837173122,32.33
1789837173154,32.33
1789837173189,32.33
1789837173216,32.33
1789837173233,32.4
1789837173256,32.4
1789837173292,32.4
1789837173321,32.4
1789837173342,32.4
1789837173372,32.34
1789837173407,32.34
1789837173439,32.34
1789837173474,32.34
1789837173506,32.32
1789837173537,32.32
1789837173560,32.32
1789837173597,32.32
1789837173632,32.32
1789837173666,32.32
1789837173688,32.32
1789837173725,32.32
1789837173760,32.25
1789837173795,32.25
1789837173831,32.25
1789837173866,32.25
1789837173893,32.32
1789837173928,32.32
1789837173963,32.32
1789837173991,32.32
1789837174011,32.32
1789837175139,39.13
1789837175155,39.13
1789837175171,39.13
1789837175187,39.13
1789837175203,39.13
1789837175220,39.13
1789837175236,39.21
1789837175252,39.21
1789837175268,39.21
1789837175284,39.21
1789837175300,39.21
1789837175317,39.21
1789837175333,39.21
1789837175350,39.21
1789837175366,39.22
1789837175381,39.22
1789837175396,39.22
1789837175412,39.22
1789837175428,39.22
1789837175445,39.22
1789837175461,39.22
1789837175477,39.22
1789837175493,39.22
1789837175509,39.11
1789837175525,39.11
1789837175541,39.11
1789837175558,39.11
1789837175574,39.11
1789837175590,39.11
1789837175607,39.11
1789837175623,39.11
1789837175639,39.11
1789837175654,39.11
1789837175671,39.11
1789837175687,39.11
1789837175703,39.11
1789837175720,39.11
1789837175736,39.11
1789837175752,39.11
1789837175768,39.12
1789837175784,39.12
1789837175800,39.12
1789837175816,39.12
1789837175833,39.12
1789837175849,39.12
1789837175865,39.12
1789837175882,39.12
1789837175898,39.25
1789837175913,39.25
1789837175928,39.25
1789837175943,39.25
1789837175958,39.25
1789837175975,39.25
1789837175991,39.25
1789837176007,39.25
1789837176024,39.25
1789837176039,36.06
1789837176055,36.06
1789837176071,36.06
1789837176088,36.06
1789837176104,36.06
1789837176120,36.06
1789837176137,36.06
1789837176153,36.06
1789837176169,32.5
1789837176184,32.5
1789837176201,32.5
1789837176217,32.5
1789837176233,32.5
1789837176250,32.5
1789837176266,32.5
1789837176282,32.5
1789837176299,32.5
1789837176314,39.25
1789837176329,39.25
1789837176346,39.25
1789837176362,39.25
1789837176378,39.25
1789837176394,39.25
1789837176411,39.25
1789837176427,39.25
1789837176443,39.24
1789837176458,39.24
1789837176475,39.24
1789837176491,39.24
1789837176507,39.24
1789837176524,39.24
1789837176540,39.24
1789837176556,39.24
1789837176572,39.22
1789837176588,39.22
1789837176604,39.22
1789837176621,39.22
1789837176637,39.22
1789837176653,39.22
1789837176669,39.22
1789837176686,39.22
1789837176702,39
1789837176717,39
1789837176732,39
1789837176749,39
1789837176765,39
1789837176781,39
1789837176798,39
1789837176814,39
1789837176830,39
1789837176846,39.29
1789837176862,39.29
1789837176878,39.29
1789837176894,39.29
1789837176911,39.29
1789837176927,39.29
1789837176943,39.29
1789837176959,39.29
1789837176975,39.32
1789837176991,39.32
1789837177008,39.32
1789837177024,39.32
1789837177040,39.32
1789837177056,39.32
1789837177073,39.32
1789837177089,39.32
1789837177104,39.22
1789837177119,39.22
1789837177134,39.22
1789837177150,39.22
1789837177167,39.22
1789837177183,39.22
1789837177199,39.22
1789837177216,39.22
1789837177232,39.22
1789837177248,39.07
1789837177264,39.07
1789837177280,39.07
1789837177296,39.07
1789837177312,39.07
1789837177329,39.07
1789837177345,39.07
1789837177361,39.07
1789837177377,39.13
1789837177393,39.13
1789837177409,39.13
1789837177426,39.13
1789837177442,39.13
1789837177458,39.13
1789837177474,39.13
1789837177491,39.13
1789837177507,39.28
1789837177522,39.28
1789837177537,39.28
1789837177552,39.28
1789837177568,39.28
1789837177585,39.28
1789837177601,39.28
1789837177617,39.28
1789837177634,39.28
1789837177649,39.27
1789837177665,39.27
1789837177682,39.27
1789837177698,39.27
1789837177714,39.27
1789837177731,39.27
1789837177745,39.27
1789837177760,39.27
1789837177777,39.18
1789837177792,39.18
1789837177807,39.18
1789837177823,39.18
1789837177840,39.18
1789837177856,39.18
1789837177872,39.18
1789837177888,39.18
1789837177905,39.18
1789837177920,37.86
1789837177936,37.86
1789837177953,37.86
1789837177969,37.86
1789837177985,37.86
1789837178002,37.86
1789837178018,37.86
1789837178034,37.86
1789837178050,39.26
1789837178066,39.26
1789837178082,39.26
1789837178098,39.26
1789837178115,39.26
1789837178131,39.26
1789837178147,39.26
1789837178163,39.26
1789837178179,39.34
1789837178195,39.34
1789837178211,39.34
1789837178228,39.34
1789837178244,39.34
1789837178260,39.34
1789837178276,39.34
1789837178293,39.34
1789837178309,39.33
1789837178324,39.33
1789837178339,39.33
1789837178356,39.33
1789837178372,39.33
1789837178388,39.33
1789837178404,39.33
1789837178421,39.33
1789837178437,39.33
1789837178453,39.17
1789837178469,39.17
1789837178485,39.17
1789837178501,39.17
1789837178517,39.17
1789837178534,39.17
1789837178550,39.17
1789837178566,39.17
1789837178582,39.32
1789837178598,39.32
1789837178614,39.32
1789837178629,39.32
1789837178646,39.32
1789837178661,39.32
1789837178677,39.32
1789837178693,39.32
1789837178709,39.32
1789837178725,39.37
1789837178741,39.37
1789837178757,39.37
1789837178772,39.37
1789837178789,39.37
1789837178805,39.37
1789837178821,39.37
1789837178838,39.37
1789837178853,39.37
1789837178869,39.37
1789837178886,39.37
1789837178902,39.37
1789837178918,39.37
1789837178935,39.37
1789837178951,39.37
1789837178967,39.37
1789837178983,39.26
1789837178999,39.26
1789837179015,39.26
1789837179032,39.26
1789837179048,39.26
1789837179064,39.26
1789837179080,39.26
1789837179097,39.26
1789837179112,39.26
1789837179127,34.95
1789837179142,34.95
1789837179158,34.95
1789837179175,34.95
1789837179191,34.95
1789837179207,34.95
1789837179224,34.95
1789837179240,34.95
1789837179256,39.27
1789837179271,39.27
1789837179287,39.27
1789837179304,39.27
1789837179320,39.27
1789837179335,39.27
1789837179352,39.27
1789837179368,39.27
1789837179384,39.28
1789837179399,39.28
1789837179414,39.28
1789837179431,39.28
1789837179446,39.28
1789837179462,39.28
1789837179478,39.28
1789837179495,39.28
1789837179511,39.28
1789837179526,39.31
1789837179542,39.31
1789837179557,39.31
1789837179574,39.31
1789837179589,39.31
1789837179605,39.31
1789837179620,39.31
1789837179635,39.31
1789837179650,39.34
1789837179665,39.34
1789837179680,39.34
1789837179696,39.34
1789837179713,39.34
1789837179729,39.34
1789837179745,39.34
1789837179762,39.34
1789837179778,39.34
1789837179793,39.25
1789837179810,39.25
1789837179826,39.25
1789837179842,39.25
1789837179858,39.25
1789837179875,39.25
1789837179891,39.25
1789837179907,39.25
1789837179923,39.3
1789837179939,39.3
1789837179955,39.3
1789837179971,39.3
1789837179988,39.3
1789837180004,39.3
1789837180020,39.3
1789837180037,39.3
1789837180053,39.34
1789837180068,39.34
1789837180083,39.34
1789837180099,39.34
1789837180116,39.34
1789837180132,39.34
1789837180148,39.34
1789837180165,39.34
1789837180181,39.34
1789837180196,39.31
1789837180211,39.31
1789837180228,39.31
1789837180244,39.31
1789837180260,39.31
1789837180276,39.31
1789837180293,39.31
1789837180309,39.31
1789837180325,33.74
1789837180341,33.74
1789837180357,33.74
1789837180373,33.74
1789837180390,33.74
1789837180406,33.74
1789837180422,33.74
1789837180438,33.74
1789837180455,39.24
1789837180470,39.24
1789837180485,39.24
1789837180501,39.24
1789837180518,39.24
1789837180534,39.24
1789837180550,39.24
1789837180566,39.24
1789837180581,39.24
1789837180597,39.4
1789837180613,39.4
1789837180629,39.4
1789837180646,39.4
1789837180662,39.4
1789837180678,39.4
1789837180695,39.4
1789837180711,39.4
1789837180727,39.38
1789837180743,39.38
1789837180759,39.38
1789837180775,39.38
1789837180792,39.38
1789837180808,39.38
1789837180824,39.38
1789837180840,39.38
1789837180857,39.31
1789837180872,39.31
1789837180887,39.31
1789837180903,39.31
1789837180920,39.31
1789837180936,39.31
1789837180952,39.31
1789837180969,39.31
1789837180985,39.31
1789837181000,39.3
1789837181017,39.3
1789837181033,39.3
1789837181049,39.3
1789837181066,39.3
1789837181082,39.3
1789837181098,39.3
1789837181114,39.3
1789837181130,39.39
1789837181146,39.39
1789837181162,39.39
1789837181179,39.39
1789837181195,39.39
1789837181210,39.39
1789837181227,39.39
1789837181243,39.39
1789837181259,39.33
1789837181274,39.33
1789837181291,39.33
1789837181307,39.33
1789837181323,39.33
1789837181339,39.33
1789837181356,39.33
1789837181372,39.33
1789837181388,39.33
1789837181405,39.3
1789837181421,39.3
1789837181438,39.3
1789837181453,39.3
1789837181469,39.3
1789837181485,39.3
1789837181501,39.3
1789837181518,39.3
1789837181533,33.18
1789837181549,33.18
1789837181566,33.18
1789837181582,33.18
1789837181598,33.18
1789837181615,33.18
1789837181631,33.18
1789837181647,33.18
1789837181663,39.36
1789837181679,39.36
1789837181695,39.36
1789837181711,39.36
1789837181728,39.36
1789837181744,39.36
1789837181760,39.36
1789837181777,39.36
1789837181793,39.39
1789837181809,39.39
1789837181825,39.39
1789837181841,39.39
1789837181857,39.39
1789837181874,39.39
1789837181890,39.39
1789837181905,39.39
1789837181920,39.39
1789837181935,39.39
1789837181951,39.39
1789837181968,39.39
1789837181984,39.39
1789837182000,39.39
1789837182017,39.39
1789837182033,39.39
1789837182049,39.39
1789837182065,39.28
1789837182081,39.28
1789837182097,39.28
1789837182112,39.28
1789837182128,39.28
1789837182145,39.28
1789837182161,39.28
1789837182177,39.28
1789837182194,39.28
1789837182209,39.33
1789837182226,39.33
1789837182242,39.33
1789837182258,39.33
1789837182274,39.33
1789837182291,39.33
1789837182307,39.33
1789837182323,39.33
1789837182339,39.33
1789837182355,39.33
1789837182371,39.33
1789837182387,39.33
1789837182404,39.33
1789837182420,39.33
1789837182436,39.33
1789837182452,39.33
1789837182468,39.43
1789837182484,39.43
1789837182501,39.43
1789837182517,39.43
1789837182533,39.43
1789837182549,39.43
1789837182566,39.43
1789837182582,39.43
1789837182598,39.34
1789837182613,39.34
1789837182629,39.34
1789837182645,39.34
1789837182661,39.34
1789837182678,39.34
1789837182694,39.34
1789837182709,39.34
1789837182725,39.34
1789837182741,32.81
1789837182757,32.81
1789837182774,32.81
1789837182790,32.81
1789837182806,32.81
1789837182823,32.81
1789837182848,32.81
1789837182882,32.57
1789837182917,32.57
1789837182953,32.57
1789837182980,32.57
1789837183014,32.51
1789837183050,32.51
1789837183083,32.51
1789837183101,32.51
1789837183127,32.54
1789837183162,32.54
1789837183197,32.54
1789837183226,32.54
1789837183248,32.54
1789837183280,32.56
1789837183303,32.56
1789837183333,32.56
1789837183365,32.56
1789837183399,32.36
1789837183430,32.36
1789837183464,32.36
1789837183499,32.36
1789837183526,32.51
1789837183562,32.51
1789837183597,32.51
1789837183632,32.51
1789837183656,32.51
1789837183688,32.51
1789837183720,32.51
1789837183757,32.51
1789837183793,32.54
1789837183828,32.54
1789837183864,32.54
1789837183899,32.54
1789837183934,32.51
1789837183962,32.51
1789837183984,32.51
1789837184017,32.51
1789837184053,32.51
1789837184085,32.47
1789837184108,32.47
1789837184143,32.47
1789837184178,32.47
1789837184195,32.47
1789837184219,32.42
1789837184242,32.42
1789837184263,32.42
1789837184297,32.42
1789837184325,32.42
1789837184347,32.48
1789837184375,32.48
1789837184408,32.48
1789837184429,32.48
1789837184463,32.45
1789837184499,32.45
1789837184531,32.45
1789837184557,32.45
1789837184592,32.46
1789837184627,32.46
1789837184653,32.46
1789837184689,32.46
1789837184724,32.38
1789837184759,32.38
1789837184783,32.38
1789837184818,32.38
1789837184855,32.38
1789837184890,32.45
1789837184925,32.45
1789837184958,32.45
1789837184990,32.45
1789837185023,32.43
1789837185055,32.43
1789837185085,32.43
1789837185102,32.43
1789837185124,32.43
1789837185158,32.39
1789837185190,32.39
1789837185220,32.39
1789837185236,32.39
1789837185258,32.39
1789837185291,32.35
1789837185328,32.35
1789837185357,32.35
1789837185379,32.35
1789837185412,32.49
1789837185434,32.49
1789837185469,32.49
1789837185504,32.49
1789837185538,32.49
1789837185560,32.41
1789837185591,32.41
1789837185622,32.41
1789837185655,32.41
1789837185691,32.41
1789837185724,32.41
1789837185760,32.41
1789837185794,32.37
1789837185829,32.37
1789837185863,32.37
1789837185898,32.37
1789837185935,32.34
1789837185971,32.34
1789837186007,32.34
1789837186042,32.34
1789837186078,32.4
1789837186105,32.4
1789837186140,32.4
1789837186176,32.4
1789837186213,32.45
1789837186237,32.45
1789837186269,32.45
1789837186306,32.45
1789837186341,32.41
1789837186376,32.41
1789837186410,32.41
1789837186438,32.41
1789837186471,32.34
1789837186504,32.34
1789837186541,32.34
1789837186565,32.34
1789837186601,32.45
1789837186637,32.45
1789837186662,32.45
1789837186685,32.45
1789837186701,32.45
1789837186723,32.45
1789837186758,32.41
1789837186789,32.41
1789837186821,32.41
1789837186843,32.41
1789837186859,32.41
1789837186875,32.41
1789837186892,32.28
1789837186908,32.28
1789837186928,32.28
1789837186953,32.28
1789837186988,32.28
1789837187025,32.32
1789837187061,32.32
1789837187091,32.32
1789837187113,32.32
1789837187150,32.41
1789837187186,32.41
1789837187223,32.41
1789837187244,32.41
1789837187261,32.41
1789837187283,32.32
1789837187317,32.32
1789837187346,32.32
1789837187366,32.32
1789837187403,32.32
1789837187438,32.32
1789837187474,32.32
1789837187509,32.32
1789837187545,32.31
1789837187581,32.31
1789837187618,32.31
1789837187653,32.31
1789837187676,32.34
1789837187712,32.34
1789837187744,32.34
1789837187780,32.34
1789837187816,32.28
1789837187852,32.28
