LOGGER NOT INITIALIZED:
		ET [DEVICE_LAYER][TH:140564593987200]: 
PCIe target:                                               /dev/et0_ops        
DRAM base:                                                 549848092672         (0x8005801000)
DRAM size (B):                                             34265366528          (0x7fa600000)
DRAM alignment (bits):                                     64                  
MM SQ count:                                               2                    (0x2)
MM VQ Maximum message size (B):                            1056                 (0x420)
P2P compatibility bitmap:                                  0                    (0x0)
PCIBUS device name:                                        0000:02:00.0        
Physical device ID:                                        0                    (0x0)
Form Factor:                                               PCIE                 (0x0)
TDP (W):                                                   65                  
Minion boot frequency (MHz):                               600                 
L3 size (KB):                                              32768                (0x8000)
L2 size (KB):                                              16384                (0x4000)
Scratch pad size (KB):                                     81920                (0x14000)
Cache line size (B):                                       64                   (0x40)
Number of L2 Banks:                                        4                   
DDR Bandwidth (MB/s):                                      128000              
Spare shire ID:                                            32                  
Architecture revision:                                     ETSOC1               (0x0)
CM active shire mask:                                      4294967295           (0xffffffff)
Scratchpad base address in format 0:                       2147483648           (0x80000000)
Scratchpad base address in format 1:                       3221225472           (0xc0000000)
Scratchpad base address in format 2:                       18446744073709551615 (0xffffffffffffffff)
Local DDR base address:                                    549848092672         (0x8005801000)
Chiplet DDR base address:                                  549848092672         (0x8005801000)
Interleaved DDR base address:                              18446744073709551615 (0xffffffffffffffff)
Single chiplet DDR size:                                   34265366528         
Address alignment bits:                                    64                  
First shire bit in scratchpad address in format 0:         23                  
Number of shire bits in scratchpad address in format 0:    7                   
Local shire encoding in scratchpad address in format 0:    127                 
First shire bit in scratchpad address in format 1:         6                   
Number of shire bits in scratchpad address in format 1:    5                   
First shire bit in scratchpad address in format 2:         255                 
Number of shire bits in scratchpad address in format 2:    255                 
First chiplet bit in scratchpad address in format 2:       255                 
Number of chiplet bits in scratchpad address in format 2:  255                 
First chiplet bit in chiplet DDR address:                  255                 
Number of chiplet bits in chiplet DDR address:             255                 
First chiplet bit in interleaved chiplet DDR address:      255                 
Number of chiplet bits in interleaved chiplet DDR address: 255                 

device ready in 0.14 s
device held for 0.48 s
LOGGER NOT INITIALIZED:
		ET [DEVICE_LAYER][TH:140283773361792]: 
PCIe target:                                               /dev/et0_ops        
DRAM base:                                                 549848092672         (0x8005801000)
DRAM size (B):                                             34265366528          (0x7fa600000)
DRAM alignment (bits):                                     64                  
MM SQ count:                                               2                    (0x2)
MM VQ Maximum message size (B):                            1056                 (0x420)
P2P compatibility bitmap:                                  0                    (0x0)
PCIBUS device name:                                        0000:02:00.0        
Physical device ID:                                        0                    (0x0)
Form Factor:                                               PCIE                 (0x0)
TDP (W):                                                   65                  
Minion boot frequency (MHz):                               600                 
L3 size (KB):                                              32768                (0x8000)
L2 size (KB):                                              16384                (0x4000)
Scratch pad size (KB):                                     81920                (0x14000)
Cache line size (B):                                       64                   (0x40)
Number of L2 Banks:                                        4                   
DDR Bandwidth (MB/s):                                      128000              
Spare shire ID:                                            32                  
Architecture revision:                                     ETSOC1               (0x0)
CM active shire mask:                                      4294967295           (0xffffffff)
Scratchpad base address in format 0:                       2147483648           (0x80000000)
Scratchpad base address in format 1:                       3221225472           (0xc0000000)
Scratchpad base address in format 2:                       18446744073709551615 (0xffffffffffffffff)
Local DDR base address:                                    549848092672         (0x8005801000)
Chiplet DDR base address:                                  549848092672         (0x8005801000)
Interleaved DDR base address:                              18446744073709551615 (0xffffffffffffffff)
Single chiplet DDR size:                                   34265366528         
Address alignment bits:                                    64                  
First shire bit in scratchpad address in format 0:         23                  
Number of shire bits in scratchpad address in format 0:    7                   
Local shire encoding in scratchpad address in format 0:    127                 
First shire bit in scratchpad address in format 1:         6                   
Number of shire bits in scratchpad address in format 1:    5                   
First shire bit in scratchpad address in format 2:         255                 
Number of shire bits in scratchpad address in format 2:    255                 
First chiplet bit in scratchpad address in format 2:       255                 
Number of chiplet bits in scratchpad address in format 2:  255                 
First chiplet bit in chiplet DDR address:                  255                 
Number of chiplet bits in chiplet DDR address:             255                 
First chiplet bit in interleaved chiplet DDR address:      255                 
Number of chiplet bits in interleaved chiplet DDR address: 255                 

device ready in 0.14 s
device held for 3.35 s
LOGGER NOT INITIALIZED:
		ET [DEVICE_LAYER][TH:138071854423680]: 
PCIe target:                                               /dev/et0_ops        
DRAM base:                                                 549848092672         (0x8005801000)
DRAM size (B):                                             34265366528          (0x7fa600000)
DRAM alignment (bits):                                     64                  
MM SQ count:                                               2                    (0x2)
MM VQ Maximum message size (B):                            1056                 (0x420)
P2P compatibility bitmap:                                  0                    (0x0)
PCIBUS device name:                                        0000:02:00.0        
Physical device ID:                                        0                    (0x0)
Form Factor:                                               PCIE                 (0x0)
TDP (W):                                                   65                  
Minion boot frequency (MHz):                               600                 
L3 size (KB):                                              32768                (0x8000)
L2 size (KB):                                              16384                (0x4000)
Scratch pad size (KB):                                     81920                (0x14000)
Cache line size (B):                                       64                   (0x40)
Number of L2 Banks:                                        4                   
DDR Bandwidth (MB/s):                                      128000              
Spare shire ID:                                            32                  
Architecture revision:                                     ETSOC1               (0x0)
CM active shire mask:                                      4294967295           (0xffffffff)
Scratchpad base address in format 0:                       2147483648           (0x80000000)
Scratchpad base address in format 1:                       3221225472           (0xc0000000)
Scratchpad base address in format 2:                       18446744073709551615 (0xffffffffffffffff)
Local DDR base address:                                    549848092672         (0x8005801000)
Chiplet DDR base address:                                  549848092672         (0x8005801000)
Interleaved DDR base address:                              18446744073709551615 (0xffffffffffffffff)
Single chiplet DDR size:                                   34265366528         
Address alignment bits:                                    64                  
First shire bit in scratchpad address in format 0:         23                  
Number of shire bits in scratchpad address in format 0:    7                   
Local shire encoding in scratchpad address in format 0:    127                 
First shire bit in scratchpad address in format 1:         6                   
Number of shire bits in scratchpad address in format 1:    5                   
First shire bit in scratchpad address in format 2:         255                 
Number of shire bits in scratchpad address in format 2:    255                 
First chiplet bit in scratchpad address in format 2:       255                 
Number of chiplet bits in scratchpad address in format 2:  255                 
First chiplet bit in chiplet DDR address:                  255                 
Number of chiplet bits in chiplet DDR address:             255                 
First chiplet bit in interleaved chiplet DDR address:      255                 
Number of chiplet bits in interleaved chiplet DDR address: 255                 

device ready in 0.14 s
device held for 0.51 s
LOGGER NOT INITIALIZED:
		ET [DEVICE_LAYER][TH:127097557921408]: 
PCIe target:                                               /dev/et0_ops        
DRAM base:                                                 549848092672         (0x8005801000)
DRAM size (B):                                             34265366528          (0x7fa600000)
DRAM alignment (bits):                                     64                  
MM SQ count:                                               2                    (0x2)
MM VQ Maximum message size (B):                            1056                 (0x420)
P2P compatibility bitmap:                                  0                    (0x0)
PCIBUS device name:                                        0000:02:00.0        
Physical device ID:                                        0                    (0x0)
Form Factor:                                               PCIE                 (0x0)
TDP (W):                                                   65                  
Minion boot frequency (MHz):                               600                 
L3 size (KB):                                              32768                (0x8000)
L2 size (KB):                                              16384                (0x4000)
Scratch pad size (KB):                                     81920                (0x14000)
Cache line size (B):                                       64                   (0x40)
Number of L2 Banks:                                        4                   
DDR Bandwidth (MB/s):                                      128000              
Spare shire ID:                                            32                  
Architecture revision:                                     ETSOC1               (0x0)
CM active shire mask:                                      4294967295           (0xffffffff)
Scratchpad base address in format 0:                       2147483648           (0x80000000)
Scratchpad base address in format 1:                       3221225472           (0xc0000000)
Scratchpad base address in format 2:                       18446744073709551615 (0xffffffffffffffff)
Local DDR base address:                                    549848092672         (0x8005801000)
Chiplet DDR base address:                                  549848092672         (0x8005801000)
Interleaved DDR base address:                              18446744073709551615 (0xffffffffffffffff)
Single chiplet DDR size:                                   34265366528         
Address alignment bits:                                    64                  
First shire bit in scratchpad address in format 0:         23                  
Number of shire bits in scratchpad address in format 0:    7                   
Local shire encoding in scratchpad address in format 0:    127                 
First shire bit in scratchpad address in format 1:         6                   
Number of shire bits in scratchpad address in format 1:    5                   
First shire bit in scratchpad address in format 2:         255                 
Number of shire bits in scratchpad address in format 2:    255                 
First chiplet bit in scratchpad address in format 2:       255                 
Number of chiplet bits in scratchpad address in format 2:  255                 
First chiplet bit in chiplet DDR address:                  255                 
Number of chiplet bits in chiplet DDR address:             255                 
First chiplet bit in interleaved chiplet DDR address:      255                 
Number of chiplet bits in interleaved chiplet DDR address: 255                 

device ready in 0.13 s
device held for 3.43 s
LOGGER NOT INITIALIZED:
		ET [DEVICE_LAYER][TH:127717267275392]: 
PCIe target:                                               /dev/et0_ops        
DRAM base:                                                 549848092672         (0x8005801000)
DRAM size (B):                                             34265366528          (0x7fa600000)
DRAM alignment (bits):                                     64                  
MM SQ count:                                               2                    (0x2)
MM VQ Maximum message size (B):                            1056                 (0x420)
P2P compatibility bitmap:                                  0                    (0x0)
PCIBUS device name:                                        0000:02:00.0        
Physical device ID:                                        0                    (0x0)
Form Factor:                                               PCIE                 (0x0)
TDP (W):                                                   65                  
Minion boot frequency (MHz):                               600                 
L3 size (KB):                                              32768                (0x8000)
L2 size (KB):                                              16384                (0x4000)
Scratch pad size (KB):                                     81920                (0x14000)
Cache line size (B):                                       64                   (0x40)
Number of L2 Banks:                                        4                   
DDR Bandwidth (MB/s):                                      128000              
Spare shire ID:                                            32                  
Architecture revision:                                     ETSOC1               (0x0)
CM active shire mask:                                      4294967295           (0xffffffff)
Scratchpad base address in format 0:                       2147483648           (0x80000000)
Scratchpad base address in format 1:                       3221225472           (0xc0000000)
Scratchpad base address in format 2:                       18446744073709551615 (0xffffffffffffffff)
Local DDR base address:                                    549848092672         (0x8005801000)
Chiplet DDR base address:                                  549848092672         (0x8005801000)
Interleaved DDR base address:                              18446744073709551615 (0xffffffffffffffff)
Single chiplet DDR size:                                   34265366528         
Address alignment bits:                                    64                  
First shire bit in scratchpad address in format 0:         23                  
Number of shire bits in scratchpad address in format 0:    7                   
Local shire encoding in scratchpad address in format 0:    127                 
First shire bit in scratchpad address in format 1:         6                   
Number of shire bits in scratchpad address in format 1:    5                   
First shire bit in scratchpad address in format 2:         255                 
Number of shire bits in scratchpad address in format 2:    255                 
First chiplet bit in scratchpad address in format 2:       255                 
Number of chiplet bits in scratchpad address in format 2:  255                 
First chiplet bit in chiplet DDR address:                  255                 
Number of chiplet bits in chiplet DDR address:             255                 
First chiplet bit in interleaved chiplet DDR address:      255                 
Number of chiplet bits in interleaved chiplet DDR address: 255                 

device ready in 0.13 s
device held for 0.47 s
LOGGER NOT INITIALIZED:
		ET [DEVICE_LAYER][TH:137606755905152]: 
PCIe target:                                               /dev/et0_ops        
DRAM base:                                                 549848092672         (0x8005801000)
DRAM size (B):                                             34265366528          (0x7fa600000)
DRAM alignment (bits):                                     64                  
MM SQ count:                                               2                    (0x2)
MM VQ Maximum message size (B):                            1056                 (0x420)
P2P compatibility bitmap:                                  0                    (0x0)
PCIBUS device name:                                        0000:02:00.0        
Physical device ID:                                        0                    (0x0)
Form Factor:                                               PCIE                 (0x0)
TDP (W):                                                   65                  
Minion boot frequency (MHz):                               600                 
L3 size (KB):                                              32768                (0x8000)
L2 size (KB):                                              16384                (0x4000)
Scratch pad size (KB):                                     81920                (0x14000)
Cache line size (B):                                       64                   (0x40)
Number of L2 Banks:                                        4                   
DDR Bandwidth (MB/s):                                      128000              
Spare shire ID:                                            32                  
Architecture revision:                                     ETSOC1               (0x0)
CM active shire mask:                                      4294967295           (0xffffffff)
Scratchpad base address in format 0:                       2147483648           (0x80000000)
Scratchpad base address in format 1:                       3221225472           (0xc0000000)
Scratchpad base address in format 2:                       18446744073709551615 (0xffffffffffffffff)
Local DDR base address:                                    549848092672         (0x8005801000)
Chiplet DDR base address:                                  549848092672         (0x8005801000)
Interleaved DDR base address:                              18446744073709551615 (0xffffffffffffffff)
Single chiplet DDR size:                                   34265366528         
Address alignment bits:                                    64                  
First shire bit in scratchpad address in format 0:         23                  
Number of shire bits in scratchpad address in format 0:    7                   
Local shire encoding in scratchpad address in format 0:    127                 
First shire bit in scratchpad address in format 1:         6                   
Number of shire bits in scratchpad address in format 1:    5                   
First shire bit in scratchpad address in format 2:         255                 
Number of shire bits in scratchpad address in format 2:    255                 
First chiplet bit in scratchpad address in format 2:       255                 
Number of chiplet bits in scratchpad address in format 2:  255                 
First chiplet bit in chiplet DDR address:                  255                 
Number of chiplet bits in chiplet DDR address:             255                 
First chiplet bit in interleaved chiplet DDR address:      255                 
Number of chiplet bits in interleaved chiplet DDR address: 255                 

device ready in 0.13 s
device held for 3.43 s
LOGGER NOT INITIALIZED:
		ET [DEVICE_LAYER][TH:125432147775104]: 
PCIe target:                                               /dev/et0_ops        
DRAM base:                                                 549848092672         (0x8005801000)
DRAM size (B):                                             34265366528          (0x7fa600000)
DRAM alignment (bits):                                     64                  
MM SQ count:                                               2                    (0x2)
MM VQ Maximum message size (B):                            1056                 (0x420)
P2P compatibility bitmap:                                  0                    (0x0)
PCIBUS device name:                                        0000:02:00.0        
Physical device ID:                                        0                    (0x0)
Form Factor:                                               PCIE                 (0x0)
TDP (W):                                                   65                  
Minion boot frequency (MHz):                               600                 
L3 size (KB):                                              32768                (0x8000)
L2 size (KB):                                              16384                (0x4000)
Scratch pad size (KB):                                     81920                (0x14000)
Cache line size (B):                                       64                   (0x40)
Number of L2 Banks:                                        4                   
DDR Bandwidth (MB/s):                                      128000              
Spare shire ID:                                            32                  
Architecture revision:                                     ETSOC1               (0x0)
CM active shire mask:                                      4294967295           (0xffffffff)
Scratchpad base address in format 0:                       2147483648           (0x80000000)
Scratchpad base address in format 1:                       3221225472           (0xc0000000)
Scratchpad base address in format 2:                       18446744073709551615 (0xffffffffffffffff)
Local DDR base address:                                    549848092672         (0x8005801000)
Chiplet DDR base address:                                  549848092672         (0x8005801000)
Interleaved DDR base address:                              18446744073709551615 (0xffffffffffffffff)
Single chiplet DDR size:                                   34265366528         
Address alignment bits:                                    64                  
First shire bit in scratchpad address in format 0:         23                  
Number of shire bits in scratchpad address in format 0:    7                   
Local shire encoding in scratchpad address in format 0:    127                 
First shire bit in scratchpad address in format 1:         6                   
Number of shire bits in scratchpad address in format 1:    5                   
First shire bit in scratchpad address in format 2:         255                 
Number of shire bits in scratchpad address in format 2:    255                 
First chiplet bit in scratchpad address in format 2:       255                 
Number of chiplet bits in scratchpad address in format 2:  255                 
First chiplet bit in chiplet DDR address:                  255                 
Number of chiplet bits in chiplet DDR address:             255                 
First chiplet bit in interleaved chiplet DDR address:      255                 
Number of chiplet bits in interleaved chiplet DDR address: 255                 

device ready in 0.13 s
device held for 0.47 s
LOGGER NOT INITIALIZED:
		ET [DEVICE_LAYER][TH:135274027511424]: 
PCIe target:                                               /dev/et0_ops        
DRAM base:                                                 549848092672         (0x8005801000)
DRAM size (B):                                             34265366528          (0x7fa600000)
DRAM alignment (bits):                                     64                  
MM SQ count:                                               2                    (0x2)
MM VQ Maximum message size (B):                            1056                 (0x420)
P2P compatibility bitmap:                                  0                    (0x0)
PCIBUS device name:                                        0000:02:00.0        
Physical device ID:                                        0                    (0x0)
Form Factor:                                               PCIE                 (0x0)
TDP (W):                                                   65                  
Minion boot frequency (MHz):                               600                 
L3 size (KB):                                              32768                (0x8000)
L2 size (KB):                                              16384                (0x4000)
Scratch pad size (KB):                                     81920                (0x14000)
Cache line size (B):                                       64                   (0x40)
Number of L2 Banks:                                        4                   
DDR Bandwidth (MB/s):                                      128000              
Spare shire ID:                                            32                  
Architecture revision:                                     ETSOC1               (0x0)
CM active shire mask:                                      4294967295           (0xffffffff)
Scratchpad base address in format 0:                       2147483648           (0x80000000)
Scratchpad base address in format 1:                       3221225472           (0xc0000000)
Scratchpad base address in format 2:                       18446744073709551615 (0xffffffffffffffff)
Local DDR base address:                                    549848092672         (0x8005801000)
Chiplet DDR base address:                                  549848092672         (0x8005801000)
Interleaved DDR base address:                              18446744073709551615 (0xffffffffffffffff)
Single chiplet DDR size:                                   34265366528         
Address alignment bits:                                    64                  
First shire bit in scratchpad address in format 0:         23                  
Number of shire bits in scratchpad address in format 0:    7                   
Local shire encoding in scratchpad address in format 0:    127                 
First shire bit in scratchpad address in format 1:         6                   
Number of shire bits in scratchpad address in format 1:    5                   
First shire bit in scratchpad address in format 2:         255                 
Number of shire bits in scratchpad address in format 2:    255                 
First chiplet bit in scratchpad address in format 2:       255                 
Number of chiplet bits in scratchpad address in format 2:  255                 
First chiplet bit in chiplet DDR address:                  255                 
Number of chiplet bits in chiplet DDR address:             255                 
First chiplet bit in interleaved chiplet DDR address:      255                 
Number of chiplet bits in interleaved chiplet DDR address: 255                 

device ready in 0.14 s
device held for 3.35 s
LOGGER NOT INITIALIZED:
		ET [DEVICE_LAYER][TH:125815524966016]: 
PCIe target:                                               /dev/et0_ops        
DRAM base:                                                 549848092672         (0x8005801000)
DRAM size (B):                                             34265366528          (0x7fa600000)
DRAM alignment (bits):                                     64                  
MM SQ count:                                               2                    (0x2)
MM VQ Maximum message size (B):                            1056                 (0x420)
P2P compatibility bitmap:                                  0                    (0x0)
PCIBUS device name:                                        0000:02:00.0        
Physical device ID:                                        0                    (0x0)
Form Factor:                                               PCIE                 (0x0)
TDP (W):                                                   65                  
Minion boot frequency (MHz):                               600                 
L3 size (KB):                                              32768                (0x8000)
L2 size (KB):                                              16384                (0x4000)
Scratch pad size (KB):                                     81920                (0x14000)
Cache line size (B):                                       64                   (0x40)
Number of L2 Banks:                                        4                   
DDR Bandwidth (MB/s):                                      128000              
Spare shire ID:                                            32                  
Architecture revision:                                     ETSOC1               (0x0)
CM active shire mask:                                      4294967295           (0xffffffff)
Scratchpad base address in format 0:                       2147483648           (0x80000000)
Scratchpad base address in format 1:                       3221225472           (0xc0000000)
Scratchpad base address in format 2:                       18446744073709551615 (0xffffffffffffffff)
Local DDR base address:                                    549848092672         (0x8005801000)
Chiplet DDR base address:                                  549848092672         (0x8005801000)
Interleaved DDR base address:                              18446744073709551615 (0xffffffffffffffff)
Single chiplet DDR size:                                   34265366528         
Address alignment bits:                                    64                  
First shire bit in scratchpad address in format 0:         23                  
Number of shire bits in scratchpad address in format 0:    7                   
Local shire encoding in scratchpad address in format 0:    127                 
First shire bit in scratchpad address in format 1:         6                   
Number of shire bits in scratchpad address in format 1:    5                   
First shire bit in scratchpad address in format 2:         255                 
Number of shire bits in scratchpad address in format 2:    255                 
First chiplet bit in scratchpad address in format 2:       255                 
Number of chiplet bits in scratchpad address in format 2:  255                 
First chiplet bit in chiplet DDR address:                  255                 
Number of chiplet bits in chiplet DDR address:             255                 
First chiplet bit in interleaved chiplet DDR address:      255                 
Number of chiplet bits in interleaved chiplet DDR address: 255                 

device ready in 0.14 s
device held for 0.51 s
LOGGER NOT INITIALIZED:
		ET [DEVICE_LAYER][TH:125369256050304]: 
PCIe target:                                               /dev/et0_ops        
DRAM base:                                                 549848092672         (0x8005801000)
DRAM size (B):                                             34265366528          (0x7fa600000)
DRAM alignment (bits):                                     64                  
MM SQ count:                                               2                    (0x2)
MM VQ Maximum message size (B):                            1056                 (0x420)
P2P compatibility bitmap:                                  0                    (0x0)
PCIBUS device name:                                        0000:02:00.0        
Physical device ID:                                        0                    (0x0)
Form Factor:                                               PCIE                 (0x0)
TDP (W):                                                   65                  
Minion boot frequency (MHz):                               600                 
L3 size (KB):                                              32768                (0x8000)
L2 size (KB):                                              16384                (0x4000)
Scratch pad size (KB):                                     81920                (0x14000)
Cache line size (B):                                       64                   (0x40)
Number of L2 Banks:                                        4                   
DDR Bandwidth (MB/s):                                      128000              
Spare shire ID:                                            32                  
Architecture revision:                                     ETSOC1               (0x0)
CM active shire mask:                                      4294967295           (0xffffffff)
Scratchpad base address in format 0:                       2147483648           (0x80000000)
Scratchpad base address in format 1:                       3221225472           (0xc0000000)
Scratchpad base address in format 2:                       18446744073709551615 (0xffffffffffffffff)
Local DDR base address:                                    549848092672         (0x8005801000)
Chiplet DDR base address:                                  549848092672         (0x8005801000)
Interleaved DDR base address:                              18446744073709551615 (0xffffffffffffffff)
Single chiplet DDR size:                                   34265366528         
Address alignment bits:                                    64                  
First shire bit in scratchpad address in format 0:         23                  
Number of shire bits in scratchpad address in format 0:    7                   
Local shire encoding in scratchpad address in format 0:    127                 
First shire bit in scratchpad address in format 1:         6                   
Number of shire bits in scratchpad address in format 1:    5                   
First shire bit in scratchpad address in format 2:         255                 
Number of shire bits in scratchpad address in format 2:    255                 
First chiplet bit in scratchpad address in format 2:       255                 
Number of chiplet bits in scratchpad address in format 2:  255                 
First chiplet bit in chiplet DDR address:                  255                 
Number of chiplet bits in chiplet DDR address:             255                 
First chiplet bit in interleaved chiplet DDR address:      255                 
Number of chiplet bits in interleaved chiplet DDR address: 255                 

device ready in 0.14 s
device held for 3.44 s
LOGGER NOT INITIALIZED:
		ET [DEVICE_LAYER][TH:131724346015360]: 
PCIe target:                                               /dev/et0_ops        
DRAM base:                                                 549848092672         (0x8005801000)
DRAM size (B):                                             34265366528          (0x7fa600000)
DRAM alignment (bits):                                     64                  
MM SQ count:                                               2                    (0x2)
MM VQ Maximum message size (B):                            1056                 (0x420)
P2P compatibility bitmap:                                  0                    (0x0)
PCIBUS device name:                                        0000:02:00.0        
Physical device ID:                                        0                    (0x0)
Form Factor:                                               PCIE                 (0x0)
TDP (W):                                                   65                  
Minion boot frequency (MHz):                               600                 
L3 size (KB):                                              32768                (0x8000)
L2 size (KB):                                              16384                (0x4000)
Scratch pad size (KB):                                     81920                (0x14000)
Cache line size (B):                                       64                   (0x40)
Number of L2 Banks:                                        4                   
DDR Bandwidth (MB/s):                                      128000              
Spare shire ID:                                            32                  
Architecture revision:                                     ETSOC1               (0x0)
CM active shire mask:                                      4294967295           (0xffffffff)
Scratchpad base address in format 0:                       2147483648           (0x80000000)
Scratchpad base address in format 1:                       3221225472           (0xc0000000)
Scratchpad base address in format 2:                       18446744073709551615 (0xffffffffffffffff)
Local DDR base address:                                    549848092672         (0x8005801000)
Chiplet DDR base address:                                  549848092672         (0x8005801000)
Interleaved DDR base address:                              18446744073709551615 (0xffffffffffffffff)
Single chiplet DDR size:                                   34265366528         
Address alignment bits:                                    64                  
First shire bit in scratchpad address in format 0:         23                  
Number of shire bits in scratchpad address in format 0:    7                   
Local shire encoding in scratchpad address in format 0:    127                 
First shire bit in scratchpad address in format 1:         6                   
Number of shire bits in scratchpad address in format 1:    5                   
First shire bit in scratchpad address in format 2:         255                 
Number of shire bits in scratchpad address in format 2:    255                 
First chiplet bit in scratchpad address in format 2:       255                 
Number of chiplet bits in scratchpad address in format 2:  255                 
First chiplet bit in chiplet DDR address:                  255                 
Number of chiplet bits in chiplet DDR address:             255                 
First chiplet bit in interleaved chiplet DDR address:      255                 
Number of chiplet bits in interleaved chiplet DDR address: 255                 

device ready in 0.13 s
device held for 0.51 s
LOGGER NOT INITIALIZED:
		ET [DEVICE_LAYER][TH:127817531047552]: 
PCIe target:                                               /dev/et0_ops        
DRAM base:                                                 549848092672         (0x8005801000)
DRAM size (B):                                             34265366528          (0x7fa600000)
DRAM alignment (bits):                                     64                  
MM SQ count:                                               2                    (0x2)
MM VQ Maximum message size (B):                            1056                 (0x420)
P2P compatibility bitmap:                                  0                    (0x0)
PCIBUS device name:                                        0000:02:00.0        
Physical device ID:                                        0                    (0x0)
Form Factor:                                               PCIE                 (0x0)
TDP (W):                                                   65                  
Minion boot frequency (MHz):                               600                 
L3 size (KB):                                              32768                (0x8000)
L2 size (KB):                                              16384                (0x4000)
Scratch pad size (KB):                                     81920                (0x14000)
Cache line size (B):                                       64                   (0x40)
Number of L2 Banks:                                        4                   
DDR Bandwidth (MB/s):                                      128000              
Spare shire ID:                                            32                  
Architecture revision:                                     ETSOC1               (0x0)
CM active shire mask:                                      4294967295           (0xffffffff)
Scratchpad base address in format 0:                       2147483648           (0x80000000)
Scratchpad base address in format 1:                       3221225472           (0xc0000000)
Scratchpad base address in format 2:                       18446744073709551615 (0xffffffffffffffff)
Local DDR base address:                                    549848092672         (0x8005801000)
Chiplet DDR base address:                                  549848092672         (0x8005801000)
Interleaved DDR base address:                              18446744073709551615 (0xffffffffffffffff)
Single chiplet DDR size:                                   34265366528         
Address alignment bits:                                    64                  
First shire bit in scratchpad address in format 0:         23                  
Number of shire bits in scratchpad address in format 0:    7                   
Local shire encoding in scratchpad address in format 0:    127                 
First shire bit in scratchpad address in format 1:         6                   
Number of shire bits in scratchpad address in format 1:    5                   
First shire bit in scratchpad address in format 2:         255                 
Number of shire bits in scratchpad address in format 2:    255                 
First chiplet bit in scratchpad address in format 2:       255                 
Number of chiplet bits in scratchpad address in format 2:  255                 
First chiplet bit in chiplet DDR address:                  255                 
Number of chiplet bits in chiplet DDR address:             255                 
First chiplet bit in interleaved chiplet DDR address:      255                 
Number of chiplet bits in interleaved chiplet DDR address: 255                 

device ready in 0.13 s
device held for 3.44 s
LOGGER NOT INITIALIZED:
		ET [DEVICE_LAYER][TH:136223109447296]: 
PCIe target:                                               /dev/et0_ops        
DRAM base:                                                 549848092672         (0x8005801000)
DRAM size (B):                                             34265366528          (0x7fa600000)
DRAM alignment (bits):                                     64                  
MM SQ count:                                               2                    (0x2)
MM VQ Maximum message size (B):                            1056                 (0x420)
P2P compatibility bitmap:                                  0                    (0x0)
PCIBUS device name:                                        0000:02:00.0        
Physical device ID:                                        0                    (0x0)
Form Factor:                                               PCIE                 (0x0)
TDP (W):                                                   65                  
Minion boot frequency (MHz):                               600                 
L3 size (KB):                                              32768                (0x8000)
L2 size (KB):                                              16384                (0x4000)
Scratch pad size (KB):                                     81920                (0x14000)
Cache line size (B):                                       64                   (0x40)
Number of L2 Banks:                                        4                   
DDR Bandwidth (MB/s):                                      128000              
Spare shire ID:                                            32                  
Architecture revision:                                     ETSOC1               (0x0)
CM active shire mask:                                      4294967295           (0xffffffff)
Scratchpad base address in format 0:                       2147483648           (0x80000000)
Scratchpad base address in format 1:                       3221225472           (0xc0000000)
Scratchpad base address in format 2:                       18446744073709551615 (0xffffffffffffffff)
Local DDR base address:                                    549848092672         (0x8005801000)
Chiplet DDR base address:                                  549848092672         (0x8005801000)
Interleaved DDR base address:                              18446744073709551615 (0xffffffffffffffff)
Single chiplet DDR size:                                   34265366528         
Address alignment bits:                                    64                  
First shire bit in scratchpad address in format 0:         23                  
Number of shire bits in scratchpad address in format 0:    7                   
Local shire encoding in scratchpad address in format 0:    127                 
First shire bit in scratchpad address in format 1:         6                   
Number of shire bits in scratchpad address in format 1:    5                   
First shire bit in scratchpad address in format 2:         255                 
Number of shire bits in scratchpad address in format 2:    255                 
First chiplet bit in scratchpad address in format 2:       255                 
Number of chiplet bits in scratchpad address in format 2:  255                 
First chiplet bit in chiplet DDR address:                  255                 
Number of chiplet bits in chiplet DDR address:             255                 
First chiplet bit in interleaved chiplet DDR address:      255                 
Number of chiplet bits in interleaved chiplet DDR address: 255                 

device ready in 0.13 s
device held for 0.51 s
LOGGER NOT INITIALIZED:
		ET [DEVICE_LAYER][TH:125736925576832]: 
PCIe target:                                               /dev/et0_ops        
DRAM base:                                                 549848092672         (0x8005801000)
DRAM size (B):                                             34265366528          (0x7fa600000)
DRAM alignment (bits):                                     64                  
MM SQ count:                                               2                    (0x2)
MM VQ Maximum message size (B):                            1056                 (0x420)
P2P compatibility bitmap:                                  0                    (0x0)
PCIBUS device name:                                        0000:02:00.0        
Physical device ID:                                        0                    (0x0)
Form Factor:                                               PCIE                 (0x0)
TDP (W):                                                   65                  
Minion boot frequency (MHz):                               600                 
L3 size (KB):                                              32768                (0x8000)
L2 size (KB):                                              16384                (0x4000)
Scratch pad size (KB):                                     81920                (0x14000)
Cache line size (B):                                       64                   (0x40)
Number of L2 Banks:                                        4                   
DDR Bandwidth (MB/s):                                      128000              
Spare shire ID:                                            32                  
Architecture revision:                                     ETSOC1               (0x0)
CM active shire mask:                                      4294967295           (0xffffffff)
Scratchpad base address in format 0:                       2147483648           (0x80000000)
Scratchpad base address in format 1:                       3221225472           (0xc0000000)
Scratchpad base address in format 2:                       18446744073709551615 (0xffffffffffffffff)
Local DDR base address:                                    549848092672         (0x8005801000)
Chiplet DDR base address:                                  549848092672         (0x8005801000)
Interleaved DDR base address:                              18446744073709551615 (0xffffffffffffffff)
Single chiplet DDR size:                                   34265366528         
Address alignment bits:                                    64                  
First shire bit in scratchpad address in format 0:         23                  
Number of shire bits in scratchpad address in format 0:    7                   
Local shire encoding in scratchpad address in format 0:    127                 
First shire bit in scratchpad address in format 1:         6                   
Number of shire bits in scratchpad address in format 1:    5                   
First shire bit in scratchpad address in format 2:         255                 
Number of shire bits in scratchpad address in format 2:    255                 
First chiplet bit in scratchpad address in format 2:       255                 
Number of chiplet bits in scratchpad address in format 2:  255                 
First chiplet bit in chiplet DDR address:                  255                 
Number of chiplet bits in chiplet DDR address:             255                 
First chiplet bit in interleaved chiplet DDR address:      255                 
Number of chiplet bits in interleaved chiplet DDR address: 255                 

device ready in 0.14 s
device held for 3.35 s
LOGGER NOT INITIALIZED:
		ET [DEVICE_LAYER][TH:126662224715392]: 
PCIe target:                                               /dev/et0_ops        
DRAM base:                                                 549848092672         (0x8005801000)
DRAM size (B):                                             34265366528          (0x7fa600000)
DRAM alignment (bits):                                     64                  
MM SQ count:                                               2                    (0x2)
MM VQ Maximum message size (B):                            1056                 (0x420)
P2P compatibility bitmap:                                  0                    (0x0)
PCIBUS device name:                                        0000:02:00.0        
Physical device ID:                                        0                    (0x0)
Form Factor:                                               PCIE                 (0x0)
TDP (W):                                                   65                  
Minion boot frequency (MHz):                               600                 
L3 size (KB):                                              32768                (0x8000)
L2 size (KB):                                              16384                (0x4000)
Scratch pad size (KB):                                     81920                (0x14000)
Cache line size (B):                                       64                   (0x40)
Number of L2 Banks:                                        4                   
DDR Bandwidth (MB/s):                                      128000              
Spare shire ID:                                            32                  
Architecture revision:                                     ETSOC1               (0x0)
CM active shire mask:                                      4294967295           (0xffffffff)
Scratchpad base address in format 0:                       2147483648           (0x80000000)
Scratchpad base address in format 1:                       3221225472           (0xc0000000)
Scratchpad base address in format 2:                       18446744073709551615 (0xffffffffffffffff)
Local DDR base address:                                    549848092672         (0x8005801000)
Chiplet DDR base address:                                  549848092672         (0x8005801000)
Interleaved DDR base address:                              18446744073709551615 (0xffffffffffffffff)
Single chiplet DDR size:                                   34265366528         
Address alignment bits:                                    64                  
First shire bit in scratchpad address in format 0:         23                  
Number of shire bits in scratchpad address in format 0:    7                   
Local shire encoding in scratchpad address in format 0:    127                 
First shire bit in scratchpad address in format 1:         6                   
Number of shire bits in scratchpad address in format 1:    5                   
First shire bit in scratchpad address in format 2:         255                 
Number of shire bits in scratchpad address in format 2:    255                 
First chiplet bit in scratchpad address in format 2:       255                 
Number of chiplet bits in scratchpad address in format 2:  255                 
First chiplet bit in chiplet DDR address:                  255                 
Number of chiplet bits in chiplet DDR address:             255                 
First chiplet bit in interleaved chiplet DDR address:      255                 
Number of chiplet bits in interleaved chiplet DDR address: 255                 

device ready in 0.13 s
device held for 0.47 s
LOGGER NOT INITIALIZED:
		ET [DEVICE_LAYER][TH:131380966788736]: 
PCIe target:                                               /dev/et0_ops        
DRAM base:                                                 549848092672         (0x8005801000)
DRAM size (B):                                             34265366528          (0x7fa600000)
DRAM alignment (bits):                                     64                  
MM SQ count:                                               2                    (0x2)
MM VQ Maximum message size (B):                            1056                 (0x420)
P2P compatibility bitmap:                                  0                    (0x0)
PCIBUS device name:                                        0000:02:00.0        
Physical device ID:                                        0                    (0x0)
Form Factor:                                               PCIE                 (0x0)
TDP (W):                                                   65                  
Minion boot frequency (MHz):                               600                 
L3 size (KB):                                              32768                (0x8000)
L2 size (KB):                                              16384                (0x4000)
Scratch pad size (KB):                                     81920                (0x14000)
Cache line size (B):                                       64                   (0x40)
Number of L2 Banks:                                        4                   
DDR Bandwidth (MB/s):                                      128000              
Spare shire ID:                                            32                  
Architecture revision:                                     ETSOC1               (0x0)
CM active shire mask:                                      4294967295           (0xffffffff)
Scratchpad base address in format 0:                       2147483648           (0x80000000)
Scratchpad base address in format 1:                       3221225472           (0xc0000000)
Scratchpad base address in format 2:                       18446744073709551615 (0xffffffffffffffff)
Local DDR base address:                                    549848092672         (0x8005801000)
Chiplet DDR base address:                                  549848092672         (0x8005801000)
Interleaved DDR base address:                              18446744073709551615 (0xffffffffffffffff)
Single chiplet DDR size:                                   34265366528         
Address alignment bits:                                    64                  
First shire bit in scratchpad address in format 0:         23                  
Number of shire bits in scratchpad address in format 0:    7                   
Local shire encoding in scratchpad address in format 0:    127                 
First shire bit in scratchpad address in format 1:         6                   
Number of shire bits in scratchpad address in format 1:    5                   
First shire bit in scratchpad address in format 2:         255                 
Number of shire bits in scratchpad address in format 2:    255                 
First chiplet bit in scratchpad address in format 2:       255                 
Number of chiplet bits in scratchpad address in format 2:  255                 
First chiplet bit in chiplet DDR address:                  255                 
Number of chiplet bits in chiplet DDR address:             255                 
First chiplet bit in interleaved chiplet DDR address:      255                 
Number of chiplet bits in interleaved chiplet DDR address: 255                 

device ready in 0.13 s
device held for 3.43 s
LOGGER NOT INITIALIZED:
		ET [DEVICE_LAYER][TH:134530673045120]: 
PCIe target:                                               /dev/et0_ops        
DRAM base:                                                 549848092672         (0x8005801000)
DRAM size (B):                                             34265366528          (0x7fa600000)
DRAM alignment (bits):                                     64                  
MM SQ count:                                               2                    (0x2)
MM VQ Maximum message size (B):                            1056                 (0x420)
P2P compatibility bitmap:                                  0                    (0x0)
PCIBUS device name:                                        0000:02:00.0        
Physical device ID:                                        0                    (0x0)
Form Factor:                                               PCIE                 (0x0)
TDP (W):                                                   65                  
Minion boot frequency (MHz):                               600                 
L3 size (KB):                                              32768                (0x8000)
L2 size (KB):                                              16384                (0x4000)
Scratch pad size (KB):                                     81920                (0x14000)
Cache line size (B):                                       64                   (0x40)
Number of L2 Banks:                                        4                   
DDR Bandwidth (MB/s):                                      128000              
Spare shire ID:                                            32                  
Architecture revision:                                     ETSOC1               (0x0)
CM active shire mask:                                      4294967295           (0xffffffff)
Scratchpad base address in format 0:                       2147483648           (0x80000000)
Scratchpad base address in format 1:                       3221225472           (0xc0000000)
Scratchpad base address in format 2:                       18446744073709551615 (0xffffffffffffffff)
Local DDR base address:                                    549848092672         (0x8005801000)
Chiplet DDR base address:                                  549848092672         (0x8005801000)
Interleaved DDR base address:                              18446744073709551615 (0xffffffffffffffff)
Single chiplet DDR size:                                   34265366528         
Address alignment bits:                                    64                  
First shire bit in scratchpad address in format 0:         23                  
Number of shire bits in scratchpad address in format 0:    7                   
Local shire encoding in scratchpad address in format 0:    127                 
First shire bit in scratchpad address in format 1:         6                   
Number of shire bits in scratchpad address in format 1:    5                   
First shire bit in scratchpad address in format 2:         255                 
Number of shire bits in scratchpad address in format 2:    255                 
First chiplet bit in scratchpad address in format 2:       255                 
Number of chiplet bits in scratchpad address in format 2:  255                 
First chiplet bit in chiplet DDR address:                  255                 
Number of chiplet bits in chiplet DDR address:             255                 
First chiplet bit in interleaved chiplet DDR address:      255                 
Number of chiplet bits in interleaved chiplet DDR address: 255                 

device ready in 0.14 s
device held for 0.47 s
LOGGER NOT INITIALIZED:
		ET [DEVICE_LAYER][TH:135250453077632]: 
PCIe target:                                               /dev/et0_ops        
DRAM base:                                                 549848092672         (0x8005801000)
DRAM size (B):                                             34265366528          (0x7fa600000)
DRAM alignment (bits):                                     64                  
MM SQ count:                                               2                    (0x2)
MM VQ Maximum message size (B):                            1056                 (0x420)
P2P compatibility bitmap:                                  0                    (0x0)
PCIBUS device name:                                        0000:02:00.0        
Physical device ID:                                        0                    (0x0)
Form Factor:                                               PCIE                 (0x0)
TDP (W):                                                   65                  
Minion boot frequency (MHz):                               600                 
L3 size (KB):                                              32768                (0x8000)
L2 size (KB):                                              16384                (0x4000)
Scratch pad size (KB):                                     81920                (0x14000)
Cache line size (B):                                       64                   (0x40)
Number of L2 Banks:                                        4                   
DDR Bandwidth (MB/s):                                      128000              
Spare shire ID:                                            32                  
Architecture revision:                                     ETSOC1               (0x0)
CM active shire mask:                                      4294967295           (0xffffffff)
Scratchpad base address in format 0:                       2147483648           (0x80000000)
Scratchpad base address in format 1:                       3221225472           (0xc0000000)
Scratchpad base address in format 2:                       18446744073709551615 (0xffffffffffffffff)
Local DDR base address:                                    549848092672         (0x8005801000)
Chiplet DDR base address:                                  549848092672         (0x8005801000)
Interleaved DDR base address:                              18446744073709551615 (0xffffffffffffffff)
Single chiplet DDR size:                                   34265366528         
Address alignment bits:                                    64                  
First shire bit in scratchpad address in format 0:         23                  
Number of shire bits in scratchpad address in format 0:    7                   
Local shire encoding in scratchpad address in format 0:    127                 
First shire bit in scratchpad address in format 1:         6                   
Number of shire bits in scratchpad address in format 1:    5                   
First shire bit in scratchpad address in format 2:         255                 
Number of shire bits in scratchpad address in format 2:    255                 
First chiplet bit in scratchpad address in format 2:       255                 
Number of chiplet bits in scratchpad address in format 2:  255                 
First chiplet bit in chiplet DDR address:                  255                 
Number of chiplet bits in chiplet DDR address:             255                 
First chiplet bit in interleaved chiplet DDR address:      255                 
Number of chiplet bits in interleaved chiplet DDR address: 255                 

device ready in 0.14 s
device held for 3.43 s
LOGGER NOT INITIALIZED:
		ET [DEVICE_LAYER][TH:131030332284544]: 
PCIe target:                                               /dev/et0_ops        
DRAM base:                                                 549848092672         (0x8005801000)
DRAM size (B):                                             34265366528          (0x7fa600000)
DRAM alignment (bits):                                     64                  
MM SQ count:                                               2                    (0x2)
MM VQ Maximum message size (B):                            1056                 (0x420)
P2P compatibility bitmap:                                  0                    (0x0)
PCIBUS device name:                                        0000:02:00.0        
Physical device ID:                                        0                    (0x0)
Form Factor:                                               PCIE                 (0x0)
TDP (W):                                                   65                  
Minion boot frequency (MHz):                               600                 
L3 size (KB):                                              32768                (0x8000)
L2 size (KB):                                              16384                (0x4000)
Scratch pad size (KB):                                     81920                (0x14000)
Cache line size (B):                                       64                   (0x40)
Number of L2 Banks:                                        4                   
DDR Bandwidth (MB/s):                                      128000              
Spare shire ID:                                            32                  
Architecture revision:                                     ETSOC1               (0x0)
CM active shire mask:                                      4294967295           (0xffffffff)
Scratchpad base address in format 0:                       2147483648           (0x80000000)
Scratchpad base address in format 1:                       3221225472           (0xc0000000)
Scratchpad base address in format 2:                       18446744073709551615 (0xffffffffffffffff)
Local DDR base address:                                    549848092672         (0x8005801000)
Chiplet DDR base address:                                  549848092672         (0x8005801000)
Interleaved DDR base address:                              18446744073709551615 (0xffffffffffffffff)
Single chiplet DDR size:                                   34265366528         
Address alignment bits:                                    64                  
First shire bit in scratchpad address in format 0:         23                  
Number of shire bits in scratchpad address in format 0:    7                   
Local shire encoding in scratchpad address in format 0:    127                 
First shire bit in scratchpad address in format 1:         6                   
Number of shire bits in scratchpad address in format 1:    5                   
First shire bit in scratchpad address in format 2:         255                 
Number of shire bits in scratchpad address in format 2:    255                 
First chiplet bit in scratchpad address in format 2:       255                 
Number of chiplet bits in scratchpad address in format 2:  255                 
First chiplet bit in chiplet DDR address:                  255                 
Number of chiplet bits in chiplet DDR address:             255                 
First chiplet bit in interleaved chiplet DDR address:      255                 
Number of chiplet bits in interleaved chiplet DDR address: 255                 

device ready in 0.13 s
device held for 0.47 s
LOGGER NOT INITIALIZED:
		ET [DEVICE_LAYER][TH:137490626911872]: 
PCIe target:                                               /dev/et0_ops        
DRAM base:                                                 549848092672         (0x8005801000)
DRAM size (B):                                             34265366528          (0x7fa600000)
DRAM alignment (bits):                                     64                  
MM SQ count:                                               2                    (0x2)
MM VQ Maximum message size (B):                            1056                 (0x420)
P2P compatibility bitmap:                                  0                    (0x0)
PCIBUS device name:                                        0000:02:00.0        
Physical device ID:                                        0                    (0x0)
Form Factor:                                               PCIE                 (0x0)
TDP (W):                                                   65                  
Minion boot frequency (MHz):                               600                 
L3 size (KB):                                              32768                (0x8000)
L2 size (KB):                                              16384                (0x4000)
Scratch pad size (KB):                                     81920                (0x14000)
Cache line size (B):                                       64                   (0x40)
Number of L2 Banks:                                        4                   
DDR Bandwidth (MB/s):                                      128000              
Spare shire ID:                                            32                  
Architecture revision:                                     ETSOC1               (0x0)
CM active shire mask:                                      4294967295           (0xffffffff)
Scratchpad base address in format 0:                       2147483648           (0x80000000)
Scratchpad base address in format 1:                       3221225472           (0xc0000000)
Scratchpad base address in format 2:                       18446744073709551615 (0xffffffffffffffff)
Local DDR base address:                                    549848092672         (0x8005801000)
Chiplet DDR base address:                                  549848092672         (0x8005801000)
Interleaved DDR base address:                              18446744073709551615 (0xffffffffffffffff)
Single chiplet DDR size:                                   34265366528         
Address alignment bits:                                    64                  
First shire bit in scratchpad address in format 0:         23                  
Number of shire bits in scratchpad address in format 0:    7                   
Local shire encoding in scratchpad address in format 0:    127                 
First shire bit in scratchpad address in format 1:         6                   
Number of shire bits in scratchpad address in format 1:    5                   
First shire bit in scratchpad address in format 2:         255                 
Number of shire bits in scratchpad address in format 2:    255                 
First chiplet bit in scratchpad address in format 2:       255                 
Number of chiplet bits in scratchpad address in format 2:  255                 
First chiplet bit in chiplet DDR address:                  255                 
Number of chiplet bits in chiplet DDR address:             255                 
First chiplet bit in interleaved chiplet DDR address:      255                 
Number of chiplet bits in interleaved chiplet DDR address: 255                 

device ready in 0.13 s
device held for 3.35 s
LOGGER NOT INITIALIZED:
		ET [DEVICE_LAYER][TH:124457706032768]: 
PCIe target:                                               /dev/et0_ops        
DRAM base:                                                 549848092672         (0x8005801000)
DRAM size (B):                                             34265366528          (0x7fa600000)
DRAM alignment (bits):                                     64                  
MM SQ count:                                               2                    (0x2)
MM VQ Maximum message size (B):                            1056                 (0x420)
P2P compatibility bitmap:                                  0                    (0x0)
PCIBUS device name:                                        0000:02:00.0        
Physical device ID:                                        0                    (0x0)
Form Factor:                                               PCIE                 (0x0)
TDP (W):                                                   65                  
Minion boot frequency (MHz):                               600                 
L3 size (KB):                                              32768                (0x8000)
L2 size (KB):                                              16384                (0x4000)
Scratch pad size (KB):                                     81920                (0x14000)
Cache line size (B):                                       64                   (0x40)
Number of L2 Banks:                                        4                   
DDR Bandwidth (MB/s):                                      128000              
Spare shire ID:                                            32                  
Architecture revision:                                     ETSOC1               (0x0)
CM active shire mask:                                      4294967295           (0xffffffff)
Scratchpad base address in format 0:                       2147483648           (0x80000000)
Scratchpad base address in format 1:                       3221225472           (0xc0000000)
Scratchpad base address in format 2:                       18446744073709551615 (0xffffffffffffffff)
Local DDR base address:                                    549848092672         (0x8005801000)
Chiplet DDR base address:                                  549848092672         (0x8005801000)
Interleaved DDR base address:                              18446744073709551615 (0xffffffffffffffff)
Single chiplet DDR size:                                   34265366528         
Address alignment bits:                                    64                  
First shire bit in scratchpad address in format 0:         23                  
Number of shire bits in scratchpad address in format 0:    7                   
Local shire encoding in scratchpad address in format 0:    127                 
First shire bit in scratchpad address in format 1:         6                   
Number of shire bits in scratchpad address in format 1:    5                   
First shire bit in scratchpad address in format 2:         255                 
Number of shire bits in scratchpad address in format 2:    255                 
First chiplet bit in scratchpad address in format 2:       255                 
Number of chiplet bits in scratchpad address in format 2:  255                 
First chiplet bit in chiplet DDR address:                  255                 
Number of chiplet bits in chiplet DDR address:             255                 
First chiplet bit in interleaved chiplet DDR address:      255                 
Number of chiplet bits in interleaved chiplet DDR address: 255                 

device ready in 0.13 s
device held for 0.47 s
LOGGER NOT INITIALIZED:
		ET [DEVICE_LAYER][TH:135436667891328]: 
PCIe target:                                               /dev/et0_ops        
DRAM base:                                                 549848092672         (0x8005801000)
DRAM size (B):                                             34265366528          (0x7fa600000)
DRAM alignment (bits):                                     64                  
MM SQ count:                                               2                    (0x2)
MM VQ Maximum message size (B):                            1056                 (0x420)
P2P compatibility bitmap:                                  0                    (0x0)
PCIBUS device name:                                        0000:02:00.0        
Physical device ID:                                        0                    (0x0)
Form Factor:                                               PCIE                 (0x0)
TDP (W):                                                   65                  
Minion boot frequency (MHz):                               600                 
L3 size (KB):                                              32768                (0x8000)
L2 size (KB):                                              16384                (0x4000)
Scratch pad size (KB):                                     81920                (0x14000)
Cache line size (B):                                       64                   (0x40)
Number of L2 Banks:                                        4                   
DDR Bandwidth (MB/s):                                      128000              
Spare shire ID:                                            32                  
Architecture revision:                                     ETSOC1               (0x0)
CM active shire mask:                                      4294967295           (0xffffffff)
Scratchpad base address in format 0:                       2147483648           (0x80000000)
Scratchpad base address in format 1:                       3221225472           (0xc0000000)
Scratchpad base address in format 2:                       18446744073709551615 (0xffffffffffffffff)
Local DDR base address:                                    549848092672         (0x8005801000)
Chiplet DDR base address:                                  549848092672         (0x8005801000)
Interleaved DDR base address:                              18446744073709551615 (0xffffffffffffffff)
Single chiplet DDR size:                                   34265366528         
Address alignment bits:                                    64                  
First shire bit in scratchpad address in format 0:         23                  
Number of shire bits in scratchpad address in format 0:    7                   
Local shire encoding in scratchpad address in format 0:    127                 
First shire bit in scratchpad address in format 1:         6                   
Number of shire bits in scratchpad address in format 1:    5                   
First shire bit in scratchpad address in format 2:         255                 
Number of shire bits in scratchpad address in format 2:    255                 
First chiplet bit in scratchpad address in format 2:       255                 
Number of chiplet bits in scratchpad address in format 2:  255                 
First chiplet bit in chiplet DDR address:                  255                 
Number of chiplet bits in chiplet DDR address:             255                 
First chiplet bit in interleaved chiplet DDR address:      255                 
Number of chiplet bits in interleaved chiplet DDR address: 255                 

device ready in 0.13 s
device held for 3.35 s
LOGGER NOT INITIALIZED:
		ET [DEVICE_LAYER][TH:125748913118848]: 
PCIe target:                                               /dev/et0_ops        
DRAM base:                                                 549848092672         (0x8005801000)
DRAM size (B):                                             34265366528          (0x7fa600000)
DRAM alignment (bits):                                     64                  
MM SQ count:                                               2                    (0x2)
MM VQ Maximum message size (B):                            1056                 (0x420)
P2P compatibility bitmap:                                  0                    (0x0)
PCIBUS device name:                                        0000:02:00.0        
Physical device ID:                                        0                    (0x0)
Form Factor:                                               PCIE                 (0x0)
TDP (W):                                                   65                  
Minion boot frequency (MHz):                               600                 
L3 size (KB):                                              32768                (0x8000)
L2 size (KB):                                              16384                (0x4000)
Scratch pad size (KB):                                     81920                (0x14000)
Cache line size (B):                                       64                   (0x40)
Number of L2 Banks:                                        4                   
DDR Bandwidth (MB/s):                                      128000              
Spare shire ID:                                            32                  
Architecture revision:                                     ETSOC1               (0x0)
CM active shire mask:                                      4294967295           (0xffffffff)
Scratchpad base address in format 0:                       2147483648           (0x80000000)
Scratchpad base address in format 1:                       3221225472           (0xc0000000)
Scratchpad base address in format 2:                       18446744073709551615 (0xffffffffffffffff)
Local DDR base address:                                    549848092672         (0x8005801000)
Chiplet DDR base address:                                  549848092672         (0x8005801000)
Interleaved DDR base address:                              18446744073709551615 (0xffffffffffffffff)
Single chiplet DDR size:                                   34265366528         
Address alignment bits:                                    64                  
First shire bit in scratchpad address in format 0:         23                  
Number of shire bits in scratchpad address in format 0:    7                   
Local shire encoding in scratchpad address in format 0:    127                 
First shire bit in scratchpad address in format 1:         6                   
Number of shire bits in scratchpad address in format 1:    5                   
First shire bit in scratchpad address in format 2:         255                 
Number of shire bits in scratchpad address in format 2:    255                 
First chiplet bit in scratchpad address in format 2:       255                 
Number of chiplet bits in scratchpad address in format 2:  255                 
First chiplet bit in chiplet DDR address:                  255                 
Number of chiplet bits in chiplet DDR address:             255                 
First chiplet bit in interleaved chiplet DDR address:      255                 
Number of chiplet bits in interleaved chiplet DDR address: 255                 

device ready in 0.13 s
device held for 0.47 s
LOGGER NOT INITIALIZED:
		ET [DEVICE_LAYER][TH:130056497970816]: 
PCIe target:                                               /dev/et0_ops        
DRAM base:                                                 549848092672         (0x8005801000)
DRAM size (B):                                             34265366528          (0x7fa600000)
DRAM alignment (bits):                                     64                  
MM SQ count:                                               2                    (0x2)
MM VQ Maximum message size (B):                            1056                 (0x420)
P2P compatibility bitmap:                                  0                    (0x0)
PCIBUS device name:                                        0000:02:00.0        
Physical device ID:                                        0                    (0x0)
Form Factor:                                               PCIE                 (0x0)
TDP (W):                                                   65                  
Minion boot frequency (MHz):                               600                 
L3 size (KB):                                              32768                (0x8000)
L2 size (KB):                                              16384                (0x4000)
Scratch pad size (KB):                                     81920                (0x14000)
Cache line size (B):                                       64                   (0x40)
Number of L2 Banks:                                        4                   
DDR Bandwidth (MB/s):                                      128000              
Spare shire ID:                                            32                  
Architecture revision:                                     ETSOC1               (0x0)
CM active shire mask:                                      4294967295           (0xffffffff)
Scratchpad base address in format 0:                       2147483648           (0x80000000)
Scratchpad base address in format 1:                       3221225472           (0xc0000000)
Scratchpad base address in format 2:                       18446744073709551615 (0xffffffffffffffff)
Local DDR base address:                                    549848092672         (0x8005801000)
Chiplet DDR base address:                                  549848092672         (0x8005801000)
Interleaved DDR base address:                              18446744073709551615 (0xffffffffffffffff)
Single chiplet DDR size:                                   34265366528         
Address alignment bits:                                    64                  
First shire bit in scratchpad address in format 0:         23                  
Number of shire bits in scratchpad address in format 0:    7                   
Local shire encoding in scratchpad address in format 0:    127                 
First shire bit in scratchpad address in format 1:         6                   
Number of shire bits in scratchpad address in format 1:    5                   
First shire bit in scratchpad address in format 2:         255                 
Number of shire bits in scratchpad address in format 2:    255                 
First chiplet bit in scratchpad address in format 2:       255                 
Number of chiplet bits in scratchpad address in format 2:  255                 
First chiplet bit in chiplet DDR address:                  255                 
Number of chiplet bits in chiplet DDR address:             255                 
First chiplet bit in interleaved chiplet DDR address:      255                 
Number of chiplet bits in interleaved chiplet DDR address: 255                 

device ready in 0.13 s
device held for 3.35 s
LOGGER NOT INITIALIZED:
		ET [DEVICE_LAYER][TH:125970307264128]: 
PCIe target:                                               /dev/et0_ops        
DRAM base:                                                 549848092672         (0x8005801000)
DRAM size (B):                                             34265366528          (0x7fa600000)
DRAM alignment (bits):                                     64                  
MM SQ count:                                               2                    (0x2)
MM VQ Maximum message size (B):                            1056                 (0x420)
P2P compatibility bitmap:                                  0                    (0x0)
PCIBUS device name:                                        0000:02:00.0        
Physical device ID:                                        0                    (0x0)
Form Factor:                                               PCIE                 (0x0)
TDP (W):                                                   65                  
Minion boot frequency (MHz):                               600                 
L3 size (KB):                                              32768                (0x8000)
L2 size (KB):                                              16384                (0x4000)
Scratch pad size (KB):                                     81920                (0x14000)
Cache line size (B):                                       64                   (0x40)
Number of L2 Banks:                                        4                   
DDR Bandwidth (MB/s):                                      128000              
Spare shire ID:                                            32                  
Architecture revision:                                     ETSOC1               (0x0)
CM active shire mask:                                      4294967295           (0xffffffff)
Scratchpad base address in format 0:                       2147483648           (0x80000000)
Scratchpad base address in format 1:                       3221225472           (0xc0000000)
Scratchpad base address in format 2:                       18446744073709551615 (0xffffffffffffffff)
Local DDR base address:                                    549848092672         (0x8005801000)
Chiplet DDR base address:                                  549848092672         (0x8005801000)
Interleaved DDR base address:                              18446744073709551615 (0xffffffffffffffff)
Single chiplet DDR size:                                   34265366528         
Address alignment bits:                                    64                  
First shire bit in scratchpad address in format 0:         23                  
Number of shire bits in scratchpad address in format 0:    7                   
Local shire encoding in scratchpad address in format 0:    127                 
First shire bit in scratchpad address in format 1:         6                   
Number of shire bits in scratchpad address in format 1:    5                   
First shire bit in scratchpad address in format 2:         255                 
Number of shire bits in scratchpad address in format 2:    255                 
First chiplet bit in scratchpad address in format 2:       255                 
Number of chiplet bits in scratchpad address in format 2:  255                 
First chiplet bit in chiplet DDR address:                  255                 
Number of chiplet bits in chiplet DDR address:             255                 
First chiplet bit in interleaved chiplet DDR address:      255                 
Number of chiplet bits in interleaved chiplet DDR address: 255                 

device ready in 0.13 s
device held for 0.47 s
LOGGER NOT INITIALIZED:
		ET [DEVICE_LAYER][TH:133551738986112]: 
PCIe target:                                               /dev/et0_ops        
DRAM base:                                                 549848092672         (0x8005801000)
DRAM size (B):                                             34265366528          (0x7fa600000)
DRAM alignment (bits):                                     64                  
MM SQ count:                                               2                    (0x2)
MM VQ Maximum message size (B):                            1056                 (0x420)
P2P compatibility bitmap:                                  0                    (0x0)
PCIBUS device name:                                        0000:02:00.0        
Physical device ID:                                        0                    (0x0)
Form Factor:                                               PCIE                 (0x0)
TDP (W):                                                   65                  
Minion boot frequency (MHz):                               600                 
L3 size (KB):                                              32768                (0x8000)
L2 size (KB):                                              16384                (0x4000)
Scratch pad size (KB):                                     81920                (0x14000)
Cache line size (B):                                       64                   (0x40)
Number of L2 Banks:                                        4                   
DDR Bandwidth (MB/s):                                      128000              
Spare shire ID:                                            32                  
Architecture revision:                                     ETSOC1               (0x0)
CM active shire mask:                                      4294967295           (0xffffffff)
Scratchpad base address in format 0:                       2147483648           (0x80000000)
Scratchpad base address in format 1:                       3221225472           (0xc0000000)
Scratchpad base address in format 2:                       18446744073709551615 (0xffffffffffffffff)
Local DDR base address:                                    549848092672         (0x8005801000)
Chiplet DDR base address:                                  549848092672         (0x8005801000)
Interleaved DDR base address:                              18446744073709551615 (0xffffffffffffffff)
Single chiplet DDR size:                                   34265366528         
Address alignment bits:                                    64                  
First shire bit in scratchpad address in format 0:         23                  
Number of shire bits in scratchpad address in format 0:    7                   
Local shire encoding in scratchpad address in format 0:    127                 
First shire bit in scratchpad address in format 1:         6                   
Number of shire bits in scratchpad address in format 1:    5                   
First shire bit in scratchpad address in format 2:         255                 
Number of shire bits in scratchpad address in format 2:    255                 
First chiplet bit in scratchpad address in format 2:       255                 
Number of chiplet bits in scratchpad address in format 2:  255                 
First chiplet bit in chiplet DDR address:                  255                 
Number of chiplet bits in chiplet DDR address:             255                 
First chiplet bit in interleaved chiplet DDR address:      255                 
Number of chiplet bits in interleaved chiplet DDR address: 255                 

device ready in 0.14 s
device held for 3.44 s
LOGGER NOT INITIALIZED:
		ET [DEVICE_LAYER][TH:128086666018432]: 
PCIe target:                                               /dev/et0_ops        
DRAM base:                                                 549848092672         (0x8005801000)
DRAM size (B):                                             34265366528          (0x7fa600000)
DRAM alignment (bits):                                     64                  
MM SQ count:                                               2                    (0x2)
MM VQ Maximum message size (B):                            1056                 (0x420)
P2P compatibility bitmap:                                  0                    (0x0)
PCIBUS device name:                                        0000:02:00.0        
Physical device ID:                                        0                    (0x0)
Form Factor:                                               PCIE                 (0x0)
TDP (W):                                                   65                  
Minion boot frequency (MHz):                               600                 
L3 size (KB):                                              32768                (0x8000)
L2 size (KB):                                              16384                (0x4000)
Scratch pad size (KB):                                     81920                (0x14000)
Cache line size (B):                                       64                   (0x40)
Number of L2 Banks:                                        4                   
DDR Bandwidth (MB/s):                                      128000              
Spare shire ID:                                            32                  
Architecture revision:                                     ETSOC1               (0x0)
CM active shire mask:                                      4294967295           (0xffffffff)
Scratchpad base address in format 0:                       2147483648           (0x80000000)
Scratchpad base address in format 1:                       3221225472           (0xc0000000)
Scratchpad base address in format 2:                       18446744073709551615 (0xffffffffffffffff)
Local DDR base address:                                    549848092672         (0x8005801000)
Chiplet DDR base address:                                  549848092672         (0x8005801000)
Interleaved DDR base address:                              18446744073709551615 (0xffffffffffffffff)
Single chiplet DDR size:                                   34265366528         
Address alignment bits:                                    64                  
First shire bit in scratchpad address in format 0:         23                  
Number of shire bits in scratchpad address in format 0:    7                   
Local shire encoding in scratchpad address in format 0:    127                 
First shire bit in scratchpad address in format 1:         6                   
Number of shire bits in scratchpad address in format 1:    5                   
First shire bit in scratchpad address in format 2:         255                 
Number of shire bits in scratchpad address in format 2:    255                 
First chiplet bit in scratchpad address in format 2:       255                 
Number of chiplet bits in scratchpad address in format 2:  255                 
First chiplet bit in chiplet DDR address:                  255                 
Number of chiplet bits in chiplet DDR address:             255                 
First chiplet bit in interleaved chiplet DDR address:      255                 
Number of chiplet bits in interleaved chiplet DDR address: 255                 

device ready in 0.14 s
device held for 0.52 s
LOGGER NOT INITIALIZED:
		ET [DEVICE_LAYER][TH:128973607169664]: 
PCIe target:                                               /dev/et0_ops        
DRAM base:                                                 549848092672         (0x8005801000)
DRAM size (B):                                             34265366528          (0x7fa600000)
DRAM alignment (bits):                                     64                  
MM SQ count:                                               2                    (0x2)
MM VQ Maximum message size (B):                            1056                 (0x420)
P2P compatibility bitmap:                                  0                    (0x0)
PCIBUS device name:                                        0000:02:00.0        
Physical device ID:                                        0                    (0x0)
Form Factor:                                               PCIE                 (0x0)
TDP (W):                                                   65                  
Minion boot frequency (MHz):                               600                 
L3 size (KB):                                              32768                (0x8000)
L2 size (KB):                                              16384                (0x4000)
Scratch pad size (KB):                                     81920                (0x14000)
Cache line size (B):                                       64                   (0x40)
Number of L2 Banks:                                        4                   
DDR Bandwidth (MB/s):                                      128000              
Spare shire ID:                                            32                  
Architecture revision:                                     ETSOC1               (0x0)
CM active shire mask:                                      4294967295           (0xffffffff)
Scratchpad base address in format 0:                       2147483648           (0x80000000)
Scratchpad base address in format 1:                       3221225472           (0xc0000000)
Scratchpad base address in format 2:                       18446744073709551615 (0xffffffffffffffff)
Local DDR base address:                                    549848092672         (0x8005801000)
Chiplet DDR base address:                                  549848092672         (0x8005801000)
Interleaved DDR base address:                              18446744073709551615 (0xffffffffffffffff)
Single chiplet DDR size:                                   34265366528         
Address alignment bits:                                    64                  
First shire bit in scratchpad address in format 0:         23                  
Number of shire bits in scratchpad address in format 0:    7                   
Local shire encoding in scratchpad address in format 0:    127                 
First shire bit in scratchpad address in format 1:         6                   
Number of shire bits in scratchpad address in format 1:    5                   
First shire bit in scratchpad address in format 2:         255                 
Number of shire bits in scratchpad address in format 2:    255                 
First chiplet bit in scratchpad address in format 2:       255                 
Number of chiplet bits in scratchpad address in format 2:  255                 
First chiplet bit in chiplet DDR address:                  255                 
Number of chiplet bits in chiplet DDR address:             255                 
First chiplet bit in interleaved chiplet DDR address:      255                 
Number of chiplet bits in interleaved chiplet DDR address: 255                 

device ready in 0.14 s
device held for 3.35 s
LOGGER NOT INITIALIZED:
		ET [DEVICE_LAYER][TH:126737090145920]: 
PCIe target:                                               /dev/et0_ops        
DRAM base:                                                 549848092672         (0x8005801000)
DRAM size (B):                                             34265366528          (0x7fa600000)
DRAM alignment (bits):                                     64                  
MM SQ count:                                               2                    (0x2)
MM VQ Maximum message size (B):                            1056                 (0x420)
P2P compatibility bitmap:                                  0                    (0x0)
PCIBUS device name:                                        0000:02:00.0        
Physical device ID:                                        0                    (0x0)
Form Factor:                                               PCIE                 (0x0)
TDP (W):                                                   65                  
Minion boot frequency (MHz):                               600                 
L3 size (KB):                                              32768                (0x8000)
L2 size (KB):                                              16384                (0x4000)
Scratch pad size (KB):                                     81920                (0x14000)
Cache line size (B):                                       64                   (0x40)
Number of L2 Banks:                                        4                   
DDR Bandwidth (MB/s):                                      128000              
Spare shire ID:                                            32                  
Architecture revision:                                     ETSOC1               (0x0)
CM active shire mask:                                      4294967295           (0xffffffff)
Scratchpad base address in format 0:                       2147483648           (0x80000000)
Scratchpad base address in format 1:                       3221225472           (0xc0000000)
Scratchpad base address in format 2:                       18446744073709551615 (0xffffffffffffffff)
Local DDR base address:                                    549848092672         (0x8005801000)
Chiplet DDR base address:                                  549848092672         (0x8005801000)
Interleaved DDR base address:                              18446744073709551615 (0xffffffffffffffff)
Single chiplet DDR size:                                   34265366528         
Address alignment bits:                                    64                  
First shire bit in scratchpad address in format 0:         23                  
Number of shire bits in scratchpad address in format 0:    7                   
Local shire encoding in scratchpad address in format 0:    127                 
First shire bit in scratchpad address in format 1:         6                   
Number of shire bits in scratchpad address in format 1:    5                   
First shire bit in scratchpad address in format 2:         255                 
Number of shire bits in scratchpad address in format 2:    255                 
First chiplet bit in scratchpad address in format 2:       255                 
Number of chiplet bits in scratchpad address in format 2:  255                 
First chiplet bit in chiplet DDR address:                  255                 
Number of chiplet bits in chiplet DDR address:             255                 
First chiplet bit in interleaved chiplet DDR address:      255                 
Number of chiplet bits in interleaved chiplet DDR address: 255                 

device ready in 0.14 s
device held for 0.48 s
LOGGER NOT INITIALIZED:
		ET [DEVICE_LAYER][TH:129150412807808]: 
PCIe target:                                               /dev/et0_ops        
DRAM base:                                                 549848092672         (0x8005801000)
DRAM size (B):                                             34265366528          (0x7fa600000)
DRAM alignment (bits):                                     64                  
MM SQ count:                                               2                    (0x2)
MM VQ Maximum message size (B):                            1056                 (0x420)
P2P compatibility bitmap:                                  0                    (0x0)
PCIBUS device name:                                        0000:02:00.0        
Physical device ID:                                        0                    (0x0)
Form Factor:                                               PCIE                 (0x0)
TDP (W):                                                   65                  
Minion boot frequency (MHz):                               600                 
L3 size (KB):                                              32768                (0x8000)
L2 size (KB):                                              16384                (0x4000)
Scratch pad size (KB):                                     81920                (0x14000)
Cache line size (B):                                       64                   (0x40)
Number of L2 Banks:                                        4                   
DDR Bandwidth (MB/s):                                      128000              
Spare shire ID:                                            32                  
Architecture revision:                                     ETSOC1               (0x0)
CM active shire mask:                                      4294967295           (0xffffffff)
Scratchpad base address in format 0:                       2147483648           (0x80000000)
Scratchpad base address in format 1:                       3221225472           (0xc0000000)
Scratchpad base address in format 2:                       18446744073709551615 (0xffffffffffffffff)
Local DDR base address:                                    549848092672         (0x8005801000)
Chiplet DDR base address:                                  549848092672         (0x8005801000)
Interleaved DDR base address:                              18446744073709551615 (0xffffffffffffffff)
Single chiplet DDR size:                                   34265366528         
Address alignment bits:                                    64                  
First shire bit in scratchpad address in format 0:         23                  
Number of shire bits in scratchpad address in format 0:    7                   
Local shire encoding in scratchpad address in format 0:    127                 
First shire bit in scratchpad address in format 1:         6                   
Number of shire bits in scratchpad address in format 1:    5                   
First shire bit in scratchpad address in format 2:         255                 
Number of shire bits in scratchpad address in format 2:    255                 
First chiplet bit in scratchpad address in format 2:       255                 
Number of chiplet bits in scratchpad address in format 2:  255                 
First chiplet bit in chiplet DDR address:                  255                 
Number of chiplet bits in chiplet DDR address:             255                 
First chiplet bit in interleaved chiplet DDR address:      255                 
Number of chiplet bits in interleaved chiplet DDR address: 255                 

device ready in 0.14 s
device held for 3.35 s
LOGGER NOT INITIALIZED:
		ET [DEVICE_LAYER][TH:127561489792640]: 
PCIe target:                                               /dev/et0_ops        
DRAM base:                                                 549848092672         (0x8005801000)
DRAM size (B):                                             34265366528          (0x7fa600000)
DRAM alignment (bits):                                     64                  
MM SQ count:                                               2                    (0x2)
MM VQ Maximum message size (B):                            1056                 (0x420)
P2P compatibility bitmap:                                  0                    (0x0)
PCIBUS device name:                                        0000:02:00.0        
Physical device ID:                                        0                    (0x0)
Form Factor:                                               PCIE                 (0x0)
TDP (W):                                                   65                  
Minion boot frequency (MHz):                               600                 
L3 size (KB):                                              32768                (0x8000)
L2 size (KB):                                              16384                (0x4000)
Scratch pad size (KB):                                     81920                (0x14000)
Cache line size (B):                                       64                   (0x40)
Number of L2 Banks:                                        4                   
DDR Bandwidth (MB/s):                                      128000              
Spare shire ID:                                            32                  
Architecture revision:                                     ETSOC1               (0x0)
CM active shire mask:                                      4294967295           (0xffffffff)
Scratchpad base address in format 0:                       2147483648           (0x80000000)
Scratchpad base address in format 1:                       3221225472           (0xc0000000)
Scratchpad base address in format 2:                       18446744073709551615 (0xffffffffffffffff)
Local DDR base address:                                    549848092672         (0x8005801000)
Chiplet DDR base address:                                  549848092672         (0x8005801000)
Interleaved DDR base address:                              18446744073709551615 (0xffffffffffffffff)
Single chiplet DDR size:                                   34265366528         
Address alignment bits:                                    64                  
First shire bit in scratchpad address in format 0:         23                  
Number of shire bits in scratchpad address in format 0:    7                   
Local shire encoding in scratchpad address in format 0:    127                 
First shire bit in scratchpad address in format 1:         6                   
Number of shire bits in scratchpad address in format 1:    5                   
First shire bit in scratchpad address in format 2:         255                 
Number of shire bits in scratchpad address in format 2:    255                 
First chiplet bit in scratchpad address in format 2:       255                 
Number of chiplet bits in scratchpad address in format 2:  255                 
First chiplet bit in chiplet DDR address:                  255                 
Number of chiplet bits in chiplet DDR address:             255                 
First chiplet bit in interleaved chiplet DDR address:      255                 
Number of chiplet bits in interleaved chiplet DDR address: 255                 

device ready in 0.13 s
device held for 0.48 s
LOGGER NOT INITIALIZED:
		ET [DEVICE_LAYER][TH:135799115390592]: 
PCIe target:                                               /dev/et0_ops        
DRAM base:                                                 549848092672         (0x8005801000)
DRAM size (B):                                             34265366528          (0x7fa600000)
DRAM alignment (bits):                                     64                  
MM SQ count:                                               2                    (0x2)
MM VQ Maximum message size (B):                            1056                 (0x420)
P2P compatibility bitmap:                                  0                    (0x0)
PCIBUS device name:                                        0000:02:00.0        
Physical device ID:                                        0                    (0x0)
Form Factor:                                               PCIE                 (0x0)
TDP (W):                                                   65                  
Minion boot frequency (MHz):                               600                 
L3 size (KB):                                              32768                (0x8000)
L2 size (KB):                                              16384                (0x4000)
Scratch pad size (KB):                                     81920                (0x14000)
Cache line size (B):                                       64                   (0x40)
Number of L2 Banks:                                        4                   
DDR Bandwidth (MB/s):                                      128000              
Spare shire ID:                                            32                  
Architecture revision:                                     ETSOC1               (0x0)
CM active shire mask:                                      4294967295           (0xffffffff)
Scratchpad base address in format 0:                       2147483648           (0x80000000)
Scratchpad base address in format 1:                       3221225472           (0xc0000000)
Scratchpad base address in format 2:                       18446744073709551615 (0xffffffffffffffff)
Local DDR base address:                                    549848092672         (0x8005801000)
Chiplet DDR base address:                                  549848092672         (0x8005801000)
Interleaved DDR base address:                              18446744073709551615 (0xffffffffffffffff)
Single chiplet DDR size:                                   34265366528         
Address alignment bits:                                    64                  
First shire bit in scratchpad address in format 0:         23                  
Number of shire bits in scratchpad address in format 0:    7                   
Local shire encoding in scratchpad address in format 0:    127                 
First shire bit in scratchpad address in format 1:         6                   
Number of shire bits in scratchpad address in format 1:    5                   
First shire bit in scratchpad address in format 2:         255                 
Number of shire bits in scratchpad address in format 2:    255                 
First chiplet bit in scratchpad address in format 2:       255                 
Number of chiplet bits in scratchpad address in format 2:  255                 
First chiplet bit in chiplet DDR address:                  255                 
Number of chiplet bits in chiplet DDR address:             255                 
First chiplet bit in interleaved chiplet DDR address:      255                 
Number of chiplet bits in interleaved chiplet DDR address: 255                 

device ready in 0.13 s
device held for 3.35 s
LOGGER NOT INITIALIZED:
		ET [DEVICE_LAYER][TH:126500837453440]: 
PCIe target:                                               /dev/et0_ops        
DRAM base:                                                 549848092672         (0x8005801000)
DRAM size (B):                                             34265366528          (0x7fa600000)
DRAM alignment (bits):                                     64                  
MM SQ count:                                               2                    (0x2)
MM VQ Maximum message size (B):                            1056                 (0x420)
P2P compatibility bitmap:                                  0                    (0x0)
PCIBUS device name:                                        0000:02:00.0        
Physical device ID:                                        0                    (0x0)
Form Factor:                                               PCIE                 (0x0)
TDP (W):                                                   65                  
Minion boot frequency (MHz):                               600                 
L3 size (KB):                                              32768                (0x8000)
L2 size (KB):                                              16384                (0x4000)
Scratch pad size (KB):                                     81920                (0x14000)
Cache line size (B):                                       64                   (0x40)
Number of L2 Banks:                                        4                   
DDR Bandwidth (MB/s):                                      128000              
Spare shire ID:                                            32                  
Architecture revision:                                     ETSOC1               (0x0)
CM active shire mask:                                      4294967295           (0xffffffff)
Scratchpad base address in format 0:                       2147483648           (0x80000000)
Scratchpad base address in format 1:                       3221225472           (0xc0000000)
Scratchpad base address in format 2:                       18446744073709551615 (0xffffffffffffffff)
Local DDR base address:                                    549848092672         (0x8005801000)
Chiplet DDR base address:                                  549848092672         (0x8005801000)
Interleaved DDR base address:                              18446744073709551615 (0xffffffffffffffff)
Single chiplet DDR size:                                   34265366528         
Address alignment bits:                                    64                  
First shire bit in scratchpad address in format 0:         23                  
Number of shire bits in scratchpad address in format 0:    7                   
Local shire encoding in scratchpad address in format 0:    127                 
First shire bit in scratchpad address in format 1:         6                   
Number of shire bits in scratchpad address in format 1:    5                   
First shire bit in scratchpad address in format 2:         255                 
Number of shire bits in scratchpad address in format 2:    255                 
First chiplet bit in scratchpad address in format 2:       255                 
Number of chiplet bits in scratchpad address in format 2:  255                 
First chiplet bit in chiplet DDR address:                  255                 
Number of chiplet bits in chiplet DDR address:             255                 
First chiplet bit in interleaved chiplet DDR address:      255                 
Number of chiplet bits in interleaved chiplet DDR address: 255                 

device ready in 0.13 s
device held for 0.51 s
LOGGER NOT INITIALIZED:
		ET [DEVICE_LAYER][TH:138360617868928]: 
PCIe target:                                               /dev/et0_ops        
DRAM base:                                                 549848092672         (0x8005801000)
DRAM size (B):                                             34265366528          (0x7fa600000)
DRAM alignment (bits):                                     64                  
MM SQ count:                                               2                    (0x2)
MM VQ Maximum message size (B):                            1056                 (0x420)
P2P compatibility bitmap:                                  0                    (0x0)
PCIBUS device name:                                        0000:02:00.0        
Physical device ID:                                        0                    (0x0)
Form Factor:                                               PCIE                 (0x0)
TDP (W):                                                   65                  
Minion boot frequency (MHz):                               600                 
L3 size (KB):                                              32768                (0x8000)
L2 size (KB):                                              16384                (0x4000)
Scratch pad size (KB):                                     81920                (0x14000)
Cache line size (B):                                       64                   (0x40)
Number of L2 Banks:                                        4                   
DDR Bandwidth (MB/s):                                      128000              
Spare shire ID:                                            32                  
Architecture revision:                                     ETSOC1               (0x0)
CM active shire mask:                                      4294967295           (0xffffffff)
Scratchpad base address in format 0:                       2147483648           (0x80000000)
Scratchpad base address in format 1:                       3221225472           (0xc0000000)
Scratchpad base address in format 2:                       18446744073709551615 (0xffffffffffffffff)
Local DDR base address:                                    549848092672         (0x8005801000)
Chiplet DDR base address:                                  549848092672         (0x8005801000)
Interleaved DDR base address:                              18446744073709551615 (0xffffffffffffffff)
Single chiplet DDR size:                                   34265366528         
Address alignment bits:                                    64                  
First shire bit in scratchpad address in format 0:         23                  
Number of shire bits in scratchpad address in format 0:    7                   
Local shire encoding in scratchpad address in format 0:    127                 
First shire bit in scratchpad address in format 1:         6                   
Number of shire bits in scratchpad address in format 1:    5                   
First shire bit in scratchpad address in format 2:         255                 
Number of shire bits in scratchpad address in format 2:    255                 
First chiplet bit in scratchpad address in format 2:       255                 
Number of chiplet bits in scratchpad address in format 2:  255                 
First chiplet bit in chiplet DDR address:                  255                 
Number of chiplet bits in chiplet DDR address:             255                 
First chiplet bit in interleaved chiplet DDR address:      255                 
Number of chiplet bits in interleaved chiplet DDR address: 255                 

device ready in 0.13 s
device held for 3.35 s
LOGGER NOT INITIALIZED:
		ET [DEVICE_LAYER][TH:133954947907200]: 
PCIe target:                                               /dev/et0_ops        
DRAM base:                                                 549848092672         (0x8005801000)
DRAM size (B):                                             34265366528          (0x7fa600000)
DRAM alignment (bits):                                     64                  
MM SQ count:                                               2                    (0x2)
MM VQ Maximum message size (B):                            1056                 (0x420)
P2P compatibility bitmap:                                  0                    (0x0)
PCIBUS device name:                                        0000:02:00.0        
Physical device ID:                                        0                    (0x0)
Form Factor:                                               PCIE                 (0x0)
TDP (W):                                                   65                  
Minion boot frequency (MHz):                               600                 
L3 size (KB):                                              32768                (0x8000)
L2 size (KB):                                              16384                (0x4000)
Scratch pad size (KB):                                     81920                (0x14000)
Cache line size (B):                                       64                   (0x40)
Number of L2 Banks:                                        4                   
DDR Bandwidth (MB/s):                                      128000              
Spare shire ID:                                            32                  
Architecture revision:                                     ETSOC1               (0x0)
CM active shire mask:                                      4294967295           (0xffffffff)
Scratchpad base address in format 0:                       2147483648           (0x80000000)
Scratchpad base address in format 1:                       3221225472           (0xc0000000)
Scratchpad base address in format 2:                       18446744073709551615 (0xffffffffffffffff)
Local DDR base address:                                    549848092672         (0x8005801000)
Chiplet DDR base address:                                  549848092672         (0x8005801000)
Interleaved DDR base address:                              18446744073709551615 (0xffffffffffffffff)
Single chiplet DDR size:                                   34265366528         
Address alignment bits:                                    64                  
First shire bit in scratchpad address in format 0:         23                  
Number of shire bits in scratchpad address in format 0:    7                   
Local shire encoding in scratchpad address in format 0:    127                 
First shire bit in scratchpad address in format 1:         6                   
Number of shire bits in scratchpad address in format 1:    5                   
First shire bit in scratchpad address in format 2:         255                 
Number of shire bits in scratchpad address in format 2:    255                 
First chiplet bit in scratchpad address in format 2:       255                 
Number of chiplet bits in scratchpad address in format 2:  255                 
First chiplet bit in chiplet DDR address:                  255                 
Number of chiplet bits in chiplet DDR address:             255                 
First chiplet bit in interleaved chiplet DDR address:      255                 
Number of chiplet bits in interleaved chiplet DDR address: 255                 

device ready in 0.14 s
device held for 0.51 s
LOGGER NOT INITIALIZED:
		ET [DEVICE_LAYER][TH:134960943693440]: 
PCIe target:                                               /dev/et0_ops        
DRAM base:                                                 549848092672         (0x8005801000)
DRAM size (B):                                             34265366528          (0x7fa600000)
DRAM alignment (bits):                                     64                  
MM SQ count:                                               2                    (0x2)
MM VQ Maximum message size (B):                            1056                 (0x420)
P2P compatibility bitmap:                                  0                    (0x0)
PCIBUS device name:                                        0000:02:00.0        
Physical device ID:                                        0                    (0x0)
Form Factor:                                               PCIE                 (0x0)
TDP (W):                                                   65                  
Minion boot frequency (MHz):                               600                 
L3 size (KB):                                              32768                (0x8000)
L2 size (KB):                                              16384                (0x4000)
Scratch pad size (KB):                                     81920                (0x14000)
Cache line size (B):                                       64                   (0x40)
Number of L2 Banks:                                        4                   
DDR Bandwidth (MB/s):                                      128000              
Spare shire ID:                                            32                  
Architecture revision:                                     ETSOC1               (0x0)
CM active shire mask:                                      4294967295           (0xffffffff)
Scratchpad base address in format 0:                       2147483648           (0x80000000)
Scratchpad base address in format 1:                       3221225472           (0xc0000000)
Scratchpad base address in format 2:                       18446744073709551615 (0xffffffffffffffff)
Local DDR base address:                                    549848092672         (0x8005801000)
Chiplet DDR base address:                                  549848092672         (0x8005801000)
Interleaved DDR base address:                              18446744073709551615 (0xffffffffffffffff)
Single chiplet DDR size:                                   34265366528         
Address alignment bits:                                    64                  
First shire bit in scratchpad address in format 0:         23                  
Number of shire bits in scratchpad address in format 0:    7                   
Local shire encoding in scratchpad address in format 0:    127                 
First shire bit in scratchpad address in format 1:         6                   
Number of shire bits in scratchpad address in format 1:    5                   
First shire bit in scratchpad address in format 2:         255                 
Number of shire bits in scratchpad address in format 2:    255                 
First chiplet bit in scratchpad address in format 2:       255                 
Number of chiplet bits in scratchpad address in format 2:  255                 
First chiplet bit in chiplet DDR address:                  255                 
Number of chiplet bits in chiplet DDR address:             255                 
First chiplet bit in interleaved chiplet DDR address:      255                 
Number of chiplet bits in interleaved chiplet DDR address: 255                 

device ready in 0.13 s
device held for 3.35 s
LOGGER NOT INITIALIZED:
		ET [DEVICE_LAYER][TH:125247333736064]: 
PCIe target:                                               /dev/et0_ops        
DRAM base:                                                 549848092672         (0x8005801000)
DRAM size (B):                                             34265366528          (0x7fa600000)
DRAM alignment (bits):                                     64                  
MM SQ count:                                               2                    (0x2)
MM VQ Maximum message size (B):                            1056                 (0x420)
P2P compatibility bitmap:                                  0                    (0x0)
PCIBUS device name:                                        0000:02:00.0        
Physical device ID:                                        0                    (0x0)
Form Factor:                                               PCIE                 (0x0)
TDP (W):                                                   65                  
Minion boot frequency (MHz):                               600                 
L3 size (KB):                                              32768                (0x8000)
L2 size (KB):                                              16384                (0x4000)
Scratch pad size (KB):                                     81920                (0x14000)
Cache line size (B):                                       64                   (0x40)
Number of L2 Banks:                                        4                   
DDR Bandwidth (MB/s):                                      128000              
Spare shire ID:                                            32                  
Architecture revision:                                     ETSOC1               (0x0)
CM active shire mask:                                      4294967295           (0xffffffff)
Scratchpad base address in format 0:                       2147483648           (0x80000000)
Scratchpad base address in format 1:                       3221225472           (0xc0000000)
Scratchpad base address in format 2:                       18446744073709551615 (0xffffffffffffffff)
Local DDR base address:                                    549848092672         (0x8005801000)
Chiplet DDR base address:                                  549848092672         (0x8005801000)
Interleaved DDR base address:                              18446744073709551615 (0xffffffffffffffff)
Single chiplet DDR size:                                   34265366528         
Address alignment bits:                                    64                  
First shire bit in scratchpad address in format 0:         23                  
Number of shire bits in scratchpad address in format 0:    7                   
Local shire encoding in scratchpad address in format 0:    127                 
First shire bit in scratchpad address in format 1:         6                   
Number of shire bits in scratchpad address in format 1:    5                   
First shire bit in scratchpad address in format 2:         255                 
Number of shire bits in scratchpad address in format 2:    255                 
First chiplet bit in scratchpad address in format 2:       255                 
Number of chiplet bits in scratchpad address in format 2:  255                 
First chiplet bit in chiplet DDR address:                  255                 
Number of chiplet bits in chiplet DDR address:             255                 
First chiplet bit in interleaved chiplet DDR address:      255                 
Number of chiplet bits in interleaved chiplet DDR address: 255                 

device ready in 0.13 s
device held for 0.47 s
LOGGER NOT INITIALIZED:
		ET [DEVICE_LAYER][TH:125638509506176]: 
PCIe target:                                               /dev/et0_ops        
DRAM base:                                                 549848092672         (0x8005801000)
DRAM size (B):                                             34265366528          (0x7fa600000)
DRAM alignment (bits):                                     64                  
MM SQ count:                                               2                    (0x2)
MM VQ Maximum message size (B):                            1056                 (0x420)
P2P compatibility bitmap:                                  0                    (0x0)
PCIBUS device name:                                        0000:02:00.0        
Physical device ID:                                        0                    (0x0)
Form Factor:                                               PCIE                 (0x0)
TDP (W):                                                   65                  
Minion boot frequency (MHz):                               600                 
L3 size (KB):                                              32768                (0x8000)
L2 size (KB):                                              16384                (0x4000)
Scratch pad size (KB):                                     81920                (0x14000)
Cache line size (B):                                       64                   (0x40)
Number of L2 Banks:                                        4                   
DDR Bandwidth (MB/s):                                      128000              
Spare shire ID:                                            32                  
Architecture revision:                                     ETSOC1               (0x0)
CM active shire mask:                                      4294967295           (0xffffffff)
Scratchpad base address in format 0:                       2147483648           (0x80000000)
Scratchpad base address in format 1:                       3221225472           (0xc0000000)
Scratchpad base address in format 2:                       18446744073709551615 (0xffffffffffffffff)
Local DDR base address:                                    549848092672         (0x8005801000)
Chiplet DDR base address:                                  549848092672         (0x8005801000)
Interleaved DDR base address:                              18446744073709551615 (0xffffffffffffffff)
Single chiplet DDR size:                                   34265366528         
Address alignment bits:                                    64                  
First shire bit in scratchpad address in format 0:         23                  
Number of shire bits in scratchpad address in format 0:    7                   
Local shire encoding in scratchpad address in format 0:    127                 
First shire bit in scratchpad address in format 1:         6                   
Number of shire bits in scratchpad address in format 1:    5                   
First shire bit in scratchpad address in format 2:         255                 
Number of shire bits in scratchpad address in format 2:    255                 
First chiplet bit in scratchpad address in format 2:       255                 
Number of chiplet bits in scratchpad address in format 2:  255                 
First chiplet bit in chiplet DDR address:                  255                 
Number of chiplet bits in chiplet DDR address:             255                 
First chiplet bit in interleaved chiplet DDR address:      255                 
Number of chiplet bits in interleaved chiplet DDR address: 255                 

device ready in 0.14 s
device held for 3.35 s
LOGGER NOT INITIALIZED:
		ET [DEVICE_LAYER][TH:123892066016896]: 
PCIe target:                                               /dev/et0_ops        
DRAM base:                                                 549848092672         (0x8005801000)
DRAM size (B):                                             34265366528          (0x7fa600000)
DRAM alignment (bits):                                     64                  
MM SQ count:                                               2                    (0x2)
MM VQ Maximum message size (B):                            1056                 (0x420)
P2P compatibility bitmap:                                  0                    (0x0)
PCIBUS device name:                                        0000:02:00.0        
Physical device ID:                                        0                    (0x0)
Form Factor:                                               PCIE                 (0x0)
TDP (W):                                                   65                  
Minion boot frequency (MHz):                               600                 
L3 size (KB):                                              32768                (0x8000)
L2 size (KB):                                              16384                (0x4000)
Scratch pad size (KB):                                     81920                (0x14000)
Cache line size (B):                                       64                   (0x40)
Number of L2 Banks:                                        4                   
DDR Bandwidth (MB/s):                                      128000              
Spare shire ID:                                            32                  
Architecture revision:                                     ETSOC1               (0x0)
CM active shire mask:                                      4294967295           (0xffffffff)
Scratchpad base address in format 0:                       2147483648           (0x80000000)
Scratchpad base address in format 1:                       3221225472           (0xc0000000)
Scratchpad base address in format 2:                       18446744073709551615 (0xffffffffffffffff)
Local DDR base address:                                    549848092672         (0x8005801000)
Chiplet DDR base address:                                  549848092672         (0x8005801000)
Interleaved DDR base address:                              18446744073709551615 (0xffffffffffffffff)
Single chiplet DDR size:                                   34265366528         
Address alignment bits:                                    64                  
First shire bit in scratchpad address in format 0:         23                  
Number of shire bits in scratchpad address in format 0:    7                   
Local shire encoding in scratchpad address in format 0:    127                 
First shire bit in scratchpad address in format 1:         6                   
Number of shire bits in scratchpad address in format 1:    5                   
First shire bit in scratchpad address in format 2:         255                 
Number of shire bits in scratchpad address in format 2:    255                 
First chiplet bit in scratchpad address in format 2:       255                 
Number of chiplet bits in scratchpad address in format 2:  255                 
First chiplet bit in chiplet DDR address:                  255                 
Number of chiplet bits in chiplet DDR address:             255                 
First chiplet bit in interleaved chiplet DDR address:      255                 
Number of chiplet bits in interleaved chiplet DDR address: 255                 

device ready in 0.14 s
device held for 0.48 s
LOGGER NOT INITIALIZED:
		ET [DEVICE_LAYER][TH:133837885181568]: 
PCIe target:                                               /dev/et0_ops        
DRAM base:                                                 549848092672         (0x8005801000)
DRAM size (B):                                             34265366528          (0x7fa600000)
DRAM alignment (bits):                                     64                  
MM SQ count:                                               2                    (0x2)
MM VQ Maximum message size (B):                            1056                 (0x420)
P2P compatibility bitmap:                                  0                    (0x0)
PCIBUS device name:                                        0000:02:00.0        
Physical device ID:                                        0                    (0x0)
Form Factor:                                               PCIE                 (0x0)
TDP (W):                                                   65                  
Minion boot frequency (MHz):                               600                 
L3 size (KB):                                              32768                (0x8000)
L2 size (KB):                                              16384                (0x4000)
Scratch pad size (KB):                                     81920                (0x14000)
Cache line size (B):                                       64                   (0x40)
Number of L2 Banks:                                        4                   
DDR Bandwidth (MB/s):                                      128000              
Spare shire ID:                                            32                  
Architecture revision:                                     ETSOC1               (0x0)
CM active shire mask:                                      4294967295           (0xffffffff)
Scratchpad base address in format 0:                       2147483648           (0x80000000)
Scratchpad base address in format 1:                       3221225472           (0xc0000000)
Scratchpad base address in format 2:                       18446744073709551615 (0xffffffffffffffff)
Local DDR base address:                                    549848092672         (0x8005801000)
Chiplet DDR base address:                                  549848092672         (0x8005801000)
Interleaved DDR base address:                              18446744073709551615 (0xffffffffffffffff)
Single chiplet DDR size:                                   34265366528         
Address alignment bits:                                    64                  
First shire bit in scratchpad address in format 0:         23                  
Number of shire bits in scratchpad address in format 0:    7                   
Local shire encoding in scratchpad address in format 0:    127                 
First shire bit in scratchpad address in format 1:         6                   
Number of shire bits in scratchpad address in format 1:    5                   
First shire bit in scratchpad address in format 2:         255                 
Number of shire bits in scratchpad address in format 2:    255                 
First chiplet bit in scratchpad address in format 2:       255                 
Number of chiplet bits in scratchpad address in format 2:  255                 
First chiplet bit in chiplet DDR address:                  255                 
Number of chiplet bits in chiplet DDR address:             255                 
First chiplet bit in interleaved chiplet DDR address:      255                 
Number of chiplet bits in interleaved chiplet DDR address: 255                 

device ready in 0.13 s
device held for 3.35 s
LOGGER NOT INITIALIZED:
		ET [DEVICE_LAYER][TH:126590138252928]: 
PCIe target:                                               /dev/et0_ops        
DRAM base:                                                 549848092672         (0x8005801000)
DRAM size (B):                                             34265366528          (0x7fa600000)
DRAM alignment (bits):                                     64                  
MM SQ count:                                               2                    (0x2)
MM VQ Maximum message size (B):                            1056                 (0x420)
P2P compatibility bitmap:                                  0                    (0x0)
PCIBUS device name:                                        0000:02:00.0        
Physical device ID:                                        0                    (0x0)
Form Factor:                                               PCIE                 (0x0)
TDP (W):                                                   65                  
Minion boot frequency (MHz):                               600                 
L3 size (KB):                                              32768                (0x8000)
L2 size (KB):                                              16384                (0x4000)
Scratch pad size (KB):                                     81920                (0x14000)
Cache line size (B):                                       64                   (0x40)
Number of L2 Banks:                                        4                   
DDR Bandwidth (MB/s):                                      128000              
Spare shire ID:                                            32                  
Architecture revision:                                     ETSOC1               (0x0)
CM active shire mask:                                      4294967295           (0xffffffff)
Scratchpad base address in format 0:                       2147483648           (0x80000000)
Scratchpad base address in format 1:                       3221225472           (0xc0000000)
Scratchpad base address in format 2:                       18446744073709551615 (0xffffffffffffffff)
Local DDR base address:                                    549848092672         (0x8005801000)
Chiplet DDR base address:                                  549848092672         (0x8005801000)
Interleaved DDR base address:                              18446744073709551615 (0xffffffffffffffff)
Single chiplet DDR size:                                   34265366528         
Address alignment bits:                                    64                  
First shire bit in scratchpad address in format 0:         23                  
Number of shire bits in scratchpad address in format 0:    7                   
Local shire encoding in scratchpad address in format 0:    127                 
First shire bit in scratchpad address in format 1:         6                   
Number of shire bits in scratchpad address in format 1:    5                   
First shire bit in scratchpad address in format 2:         255                 
Number of shire bits in scratchpad address in format 2:    255                 
First chiplet bit in scratchpad address in format 2:       255                 
Number of chiplet bits in scratchpad address in format 2:  255                 
First chiplet bit in chiplet DDR address:                  255                 
Number of chiplet bits in chiplet DDR address:             255                 
First chiplet bit in interleaved chiplet DDR address:      255                 
Number of chiplet bits in interleaved chiplet DDR address: 255                 

device ready in 0.13 s
device held for 0.51 s
LOGGER NOT INITIALIZED:
		ET [DEVICE_LAYER][TH:124148858404480]: 
PCIe target:                                               /dev/et0_ops        
DRAM base:                                                 549848092672         (0x8005801000)
DRAM size (B):                                             34265366528          (0x7fa600000)
DRAM alignment (bits):                                     64                  
MM SQ count:                                               2                    (0x2)
MM VQ Maximum message size (B):                            1056                 (0x420)
P2P compatibility bitmap:                                  0                    (0x0)
PCIBUS device name:                                        0000:02:00.0        
Physical device ID:                                        0                    (0x0)
Form Factor:                                               PCIE                 (0x0)
TDP (W):                                                   65                  
Minion boot frequency (MHz):                               600                 
L3 size (KB):                                              32768                (0x8000)
L2 size (KB):                                              16384                (0x4000)
Scratch pad size (KB):                                     81920                (0x14000)
Cache line size (B):                                       64                   (0x40)
Number of L2 Banks:                                        4                   
DDR Bandwidth (MB/s):                                      128000              
Spare shire ID:                                            32                  
Architecture revision:                                     ETSOC1               (0x0)
CM active shire mask:                                      4294967295           (0xffffffff)
Scratchpad base address in format 0:                       2147483648           (0x80000000)
Scratchpad base address in format 1:                       3221225472           (0xc0000000)
Scratchpad base address in format 2:                       18446744073709551615 (0xffffffffffffffff)
Local DDR base address:                                    549848092672         (0x8005801000)
Chiplet DDR base address:                                  549848092672         (0x8005801000)
Interleaved DDR base address:                              18446744073709551615 (0xffffffffffffffff)
Single chiplet DDR size:                                   34265366528         
Address alignment bits:                                    64                  
First shire bit in scratchpad address in format 0:         23                  
Number of shire bits in scratchpad address in format 0:    7                   
Local shire encoding in scratchpad address in format 0:    127                 
First shire bit in scratchpad address in format 1:         6                   
Number of shire bits in scratchpad address in format 1:    5                   
First shire bit in scratchpad address in format 2:         255                 
Number of shire bits in scratchpad address in format 2:    255                 
First chiplet bit in scratchpad address in format 2:       255                 
Number of chiplet bits in scratchpad address in format 2:  255                 
First chiplet bit in chiplet DDR address:                  255                 
Number of chiplet bits in chiplet DDR address:             255                 
First chiplet bit in interleaved chiplet DDR address:      255                 
Number of chiplet bits in interleaved chiplet DDR address: 255                 

device ready in 0.13 s
device held for 3.43 s
LOGGER NOT INITIALIZED:
		ET [DEVICE_LAYER][TH:131797457862272]: 
PCIe target:                                               /dev/et0_ops        
DRAM base:                                                 549848092672         (0x8005801000)
DRAM size (B):                                             34265366528          (0x7fa600000)
DRAM alignment (bits):                                     64                  
MM SQ count:                                               2                    (0x2)
MM VQ Maximum message size (B):                            1056                 (0x420)
P2P compatibility bitmap:                                  0                    (0x0)
PCIBUS device name:                                        0000:02:00.0        
Physical device ID:                                        0                    (0x0)
Form Factor:                                               PCIE                 (0x0)
TDP (W):                                                   65                  
Minion boot frequency (MHz):                               600                 
L3 size (KB):                                              32768                (0x8000)
L2 size (KB):                                              16384                (0x4000)
Scratch pad size (KB):                                     81920                (0x14000)
Cache line size (B):                                       64                   (0x40)
Number of L2 Banks:                                        4                   
DDR Bandwidth (MB/s):                                      128000              
Spare shire ID:                                            32                  
Architecture revision:                                     ETSOC1               (0x0)
CM active shire mask:                                      4294967295           (0xffffffff)
Scratchpad base address in format 0:                       2147483648           (0x80000000)
Scratchpad base address in format 1:                       3221225472           (0xc0000000)
Scratchpad base address in format 2:                       18446744073709551615 (0xffffffffffffffff)
Local DDR base address:                                    549848092672         (0x8005801000)
Chiplet DDR base address:                                  549848092672         (0x8005801000)
Interleaved DDR base address:                              18446744073709551615 (0xffffffffffffffff)
Single chiplet DDR size:                                   34265366528         
Address alignment bits:                                    64                  
First shire bit in scratchpad address in format 0:         23                  
Number of shire bits in scratchpad address in format 0:    7                   
Local shire encoding in scratchpad address in format 0:    127                 
First shire bit in scratchpad address in format 1:         6                   
Number of shire bits in scratchpad address in format 1:    5                   
First shire bit in scratchpad address in format 2:         255                 
Number of shire bits in scratchpad address in format 2:    255                 
First chiplet bit in scratchpad address in format 2:       255                 
Number of chiplet bits in scratchpad address in format 2:  255                 
First chiplet bit in chiplet DDR address:                  255                 
Number of chiplet bits in chiplet DDR address:             255                 
First chiplet bit in interleaved chiplet DDR address:      255                 
Number of chiplet bits in interleaved chiplet DDR address: 255                 

device ready in 0.13 s
device held for 0.47 s
LOGGER NOT INITIALIZED:
		ET [DEVICE_LAYER][TH:139999533608576]: 
PCIe target:                                               /dev/et0_ops        
DRAM base:                                                 549848092672         (0x8005801000)
DRAM size (B):                                             34265366528          (0x7fa600000)
DRAM alignment (bits):                                     64                  
MM SQ count:                                               2                    (0x2)
MM VQ Maximum message size (B):                            1056                 (0x420)
P2P compatibility bitmap:                                  0                    (0x0)
PCIBUS device name:                                        0000:02:00.0        
Physical device ID:                                        0                    (0x0)
Form Factor:                                               PCIE                 (0x0)
TDP (W):                                                   65                  
Minion boot frequency (MHz):                               600                 
L3 size (KB):                                              32768                (0x8000)
L2 size (KB):                                              16384                (0x4000)
Scratch pad size (KB):                                     81920                (0x14000)
Cache line size (B):                                       64                   (0x40)
Number of L2 Banks:                                        4                   
DDR Bandwidth (MB/s):                                      128000              
Spare shire ID:                                            32                  
Architecture revision:                                     ETSOC1               (0x0)
CM active shire mask:                                      4294967295           (0xffffffff)
Scratchpad base address in format 0:                       2147483648           (0x80000000)
Scratchpad base address in format 1:                       3221225472           (0xc0000000)
Scratchpad base address in format 2:                       18446744073709551615 (0xffffffffffffffff)
Local DDR base address:                                    549848092672         (0x8005801000)
Chiplet DDR base address:                                  549848092672         (0x8005801000)
Interleaved DDR base address:                              18446744073709551615 (0xffffffffffffffff)
Single chiplet DDR size:                                   34265366528         
Address alignment bits:                                    64                  
First shire bit in scratchpad address in format 0:         23                  
Number of shire bits in scratchpad address in format 0:    7                   
Local shire encoding in scratchpad address in format 0:    127                 
First shire bit in scratchpad address in format 1:         6                   
Number of shire bits in scratchpad address in format 1:    5                   
First shire bit in scratchpad address in format 2:         255                 
Number of shire bits in scratchpad address in format 2:    255                 
First chiplet bit in scratchpad address in format 2:       255                 
Number of chiplet bits in scratchpad address in format 2:  255                 
First chiplet bit in chiplet DDR address:                  255                 
Number of chiplet bits in chiplet DDR address:             255                 
First chiplet bit in interleaved chiplet DDR address:      255                 
Number of chiplet bits in interleaved chiplet DDR address: 255                 

device ready in 0.14 s
device held for 3.35 s
LOGGER NOT INITIALIZED:
		ET [DEVICE_LAYER][TH:126257273904768]: 
PCIe target:                                               /dev/et0_ops        
DRAM base:                                                 549848092672         (0x8005801000)
DRAM size (B):                                             34265366528          (0x7fa600000)
DRAM alignment (bits):                                     64                  
MM SQ count:                                               2                    (0x2)
MM VQ Maximum message size (B):                            1056                 (0x420)
P2P compatibility bitmap:                                  0                    (0x0)
PCIBUS device name:                                        0000:02:00.0        
Physical device ID:                                        0                    (0x0)
Form Factor:                                               PCIE                 (0x0)
TDP (W):                                                   65                  
Minion boot frequency (MHz):                               600                 
L3 size (KB):                                              32768                (0x8000)
L2 size (KB):                                              16384                (0x4000)
Scratch pad size (KB):                                     81920                (0x14000)
Cache line size (B):                                       64                   (0x40)
Number of L2 Banks:                                        4                   
DDR Bandwidth (MB/s):                                      128000              
Spare shire ID:                                            32                  
Architecture revision:                                     ETSOC1               (0x0)
CM active shire mask:                                      4294967295           (0xffffffff)
Scratchpad base address in format 0:                       2147483648           (0x80000000)
Scratchpad base address in format 1:                       3221225472           (0xc0000000)
Scratchpad base address in format 2:                       18446744073709551615 (0xffffffffffffffff)
Local DDR base address:                                    549848092672         (0x8005801000)
Chiplet DDR base address:                                  549848092672         (0x8005801000)
Interleaved DDR base address:                              18446744073709551615 (0xffffffffffffffff)
Single chiplet DDR size:                                   34265366528         
Address alignment bits:                                    64                  
First shire bit in scratchpad address in format 0:         23                  
Number of shire bits in scratchpad address in format 0:    7                   
Local shire encoding in scratchpad address in format 0:    127                 
First shire bit in scratchpad address in format 1:         6                   
Number of shire bits in scratchpad address in format 1:    5                   
First shire bit in scratchpad address in format 2:         255                 
Number of shire bits in scratchpad address in format 2:    255                 
First chiplet bit in scratchpad address in format 2:       255                 
Number of chiplet bits in scratchpad address in format 2:  255                 
First chiplet bit in chiplet DDR address:                  255                 
Number of chiplet bits in chiplet DDR address:             255                 
First chiplet bit in interleaved chiplet DDR address:      255                 
Number of chiplet bits in interleaved chiplet DDR address: 255                 

device ready in 0.14 s
device held for 0.51 s
LOGGER NOT INITIALIZED:
		ET [DEVICE_LAYER][TH:129147897241216]: 
PCIe target:                                               /dev/et0_ops        
DRAM base:                                                 549848092672         (0x8005801000)
DRAM size (B):                                             34265366528          (0x7fa600000)
DRAM alignment (bits):                                     64                  
MM SQ count:                                               2                    (0x2)
MM VQ Maximum message size (B):                            1056                 (0x420)
P2P compatibility bitmap:                                  0                    (0x0)
PCIBUS device name:                                        0000:02:00.0        
Physical device ID:                                        0                    (0x0)
Form Factor:                                               PCIE                 (0x0)
TDP (W):                                                   65                  
Minion boot frequency (MHz):                               600                 
L3 size (KB):                                              32768                (0x8000)
L2 size (KB):                                              16384                (0x4000)
Scratch pad size (KB):                                     81920                (0x14000)
Cache line size (B):                                       64                   (0x40)
Number of L2 Banks:                                        4                   
DDR Bandwidth (MB/s):                                      128000              
Spare shire ID:                                            32                  
Architecture revision:                                     ETSOC1               (0x0)
CM active shire mask:                                      4294967295           (0xffffffff)
Scratchpad base address in format 0:                       2147483648           (0x80000000)
Scratchpad base address in format 1:                       3221225472           (0xc0000000)
Scratchpad base address in format 2:                       18446744073709551615 (0xffffffffffffffff)
Local DDR base address:                                    549848092672         (0x8005801000)
Chiplet DDR base address:                                  549848092672         (0x8005801000)
Interleaved DDR base address:                              18446744073709551615 (0xffffffffffffffff)
Single chiplet DDR size:                                   34265366528         
Address alignment bits:                                    64                  
First shire bit in scratchpad address in format 0:         23                  
Number of shire bits in scratchpad address in format 0:    7                   
Local shire encoding in scratchpad address in format 0:    127                 
First shire bit in scratchpad address in format 1:         6                   
Number of shire bits in scratchpad address in format 1:    5                   
First shire bit in scratchpad address in format 2:         255                 
Number of shire bits in scratchpad address in format 2:    255                 
First chiplet bit in scratchpad address in format 2:       255                 
Number of chiplet bits in scratchpad address in format 2:  255                 
First chiplet bit in chiplet DDR address:                  255                 
Number of chiplet bits in chiplet DDR address:             255                 
First chiplet bit in interleaved chiplet DDR address:      255                 
Number of chiplet bits in interleaved chiplet DDR address: 255                 

device ready in 0.13 s
device held for 3.43 s
LOGGER NOT INITIALIZED:
		ET [DEVICE_LAYER][TH:135904374431360]: 
PCIe target:                                               /dev/et0_ops        
DRAM base:                                                 549848092672         (0x8005801000)
DRAM size (B):                                             34265366528          (0x7fa600000)
DRAM alignment (bits):                                     64                  
MM SQ count:                                               2                    (0x2)
MM VQ Maximum message size (B):                            1056                 (0x420)
P2P compatibility bitmap:                                  0                    (0x0)
PCIBUS device name:                                        0000:02:00.0        
Physical device ID:                                        0                    (0x0)
Form Factor:                                               PCIE                 (0x0)
TDP (W):                                                   65                  
Minion boot frequency (MHz):                               600                 
L3 size (KB):                                              32768                (0x8000)
L2 size (KB):                                              16384                (0x4000)
Scratch pad size (KB):                                     81920                (0x14000)
Cache line size (B):                                       64                   (0x40)
Number of L2 Banks:                                        4                   
DDR Bandwidth (MB/s):                                      128000              
Spare shire ID:                                            32                  
Architecture revision:                                     ETSOC1               (0x0)
CM active shire mask:                                      4294967295           (0xffffffff)
Scratchpad base address in format 0:                       2147483648           (0x80000000)
Scratchpad base address in format 1:                       3221225472           (0xc0000000)
Scratchpad base address in format 2:                       18446744073709551615 (0xffffffffffffffff)
Local DDR base address:                                    549848092672         (0x8005801000)
Chiplet DDR base address:                                  549848092672         (0x8005801000)
Interleaved DDR base address:                              18446744073709551615 (0xffffffffffffffff)
Single chiplet DDR size:                                   34265366528         
Address alignment bits:                                    64                  
First shire bit in scratchpad address in format 0:         23                  
Number of shire bits in scratchpad address in format 0:    7                   
Local shire encoding in scratchpad address in format 0:    127                 
First shire bit in scratchpad address in format 1:         6                   
Number of shire bits in scratchpad address in format 1:    5                   
First shire bit in scratchpad address in format 2:         255                 
Number of shire bits in scratchpad address in format 2:    255                 
First chiplet bit in scratchpad address in format 2:       255                 
Number of chiplet bits in scratchpad address in format 2:  255                 
First chiplet bit in chiplet DDR address:                  255                 
Number of chiplet bits in chiplet DDR address:             255                 
First chiplet bit in interleaved chiplet DDR address:      255                 
Number of chiplet bits in interleaved chiplet DDR address: 255                 

device ready in 0.13 s
device held for 0.51 s
LOGGER NOT INITIALIZED:
		ET [DEVICE_LAYER][TH:128270693191296]: 
PCIe target:                                               /dev/et0_ops        
DRAM base:                                                 549848092672         (0x8005801000)
DRAM size (B):                                             34265366528          (0x7fa600000)
DRAM alignment (bits):                                     64                  
MM SQ count:                                               2                    (0x2)
MM VQ Maximum message size (B):                            1056                 (0x420)
P2P compatibility bitmap:                                  0                    (0x0)
PCIBUS device name:                                        0000:02:00.0        
Physical device ID:                                        0                    (0x0)
Form Factor:                                               PCIE                 (0x0)
TDP (W):                                                   65                  
Minion boot frequency (MHz):                               600                 
L3 size (KB):                                              32768                (0x8000)
L2 size (KB):                                              16384                (0x4000)
Scratch pad size (KB):                                     81920                (0x14000)
Cache line size (B):                                       64                   (0x40)
Number of L2 Banks:                                        4                   
DDR Bandwidth (MB/s):                                      128000              
Spare shire ID:                                            32                  
Architecture revision:                                     ETSOC1               (0x0)
CM active shire mask:                                      4294967295           (0xffffffff)
Scratchpad base address in format 0:                       2147483648           (0x80000000)
Scratchpad base address in format 1:                       3221225472           (0xc0000000)
Scratchpad base address in format 2:                       18446744073709551615 (0xffffffffffffffff)
Local DDR base address:                                    549848092672         (0x8005801000)
Chiplet DDR base address:                                  549848092672         (0x8005801000)
Interleaved DDR base address:                              18446744073709551615 (0xffffffffffffffff)
Single chiplet DDR size:                                   34265366528         
Address alignment bits:                                    64                  
First shire bit in scratchpad address in format 0:         23                  
Number of shire bits in scratchpad address in format 0:    7                   
Local shire encoding in scratchpad address in format 0:    127                 
First shire bit in scratchpad address in format 1:         6                   
Number of shire bits in scratchpad address in format 1:    5                   
First shire bit in scratchpad address in format 2:         255                 
Number of shire bits in scratchpad address in format 2:    255                 
First chiplet bit in scratchpad address in format 2:       255                 
Number of chiplet bits in scratchpad address in format 2:  255                 
First chiplet bit in chiplet DDR address:                  255                 
Number of chiplet bits in chiplet DDR address:             255                 
First chiplet bit in interleaved chiplet DDR address:      255                 
Number of chiplet bits in interleaved chiplet DDR address: 255                 

device ready in 0.13 s
device held for 3.35 s
LOGGER NOT INITIALIZED:
		ET [DEVICE_LAYER][TH:139903583690368]: 
PCIe target:                                               /dev/et0_ops        
DRAM base:                                                 549848092672         (0x8005801000)
DRAM size (B):                                             34265366528          (0x7fa600000)
DRAM alignment (bits):                                     64                  
MM SQ count:                                               2                    (0x2)
MM VQ Maximum message size (B):                            1056                 (0x420)
P2P compatibility bitmap:                                  0                    (0x0)
PCIBUS device name:                                        0000:02:00.0        
Physical device ID:                                        0                    (0x0)
Form Factor:                                               PCIE                 (0x0)
TDP (W):                                                   65                  
Minion boot frequency (MHz):                               600                 
L3 size (KB):                                              32768                (0x8000)
L2 size (KB):                                              16384                (0x4000)
Scratch pad size (KB):                                     81920                (0x14000)
Cache line size (B):                                       64                   (0x40)
Number of L2 Banks:                                        4                   
DDR Bandwidth (MB/s):                                      128000              
Spare shire ID:                                            32                  
Architecture revision:                                     ETSOC1               (0x0)
CM active shire mask:                                      4294967295           (0xffffffff)
Scratchpad base address in format 0:                       2147483648           (0x80000000)
Scratchpad base address in format 1:                       3221225472           (0xc0000000)
Scratchpad base address in format 2:                       18446744073709551615 (0xffffffffffffffff)
Local DDR base address:                                    549848092672         (0x8005801000)
Chiplet DDR base address:                                  549848092672         (0x8005801000)
Interleaved DDR base address:                              18446744073709551615 (0xffffffffffffffff)
Single chiplet DDR size:                                   34265366528         
Address alignment bits:                                    64                  
First shire bit in scratchpad address in format 0:         23                  
Number of shire bits in scratchpad address in format 0:    7                   
Local shire encoding in scratchpad address in format 0:    127                 
First shire bit in scratchpad address in format 1:         6                   
Number of shire bits in scratchpad address in format 1:    5                   
First shire bit in scratchpad address in format 2:         255                 
Number of shire bits in scratchpad address in format 2:    255                 
First chiplet bit in scratchpad address in format 2:       255                 
Number of chiplet bits in scratchpad address in format 2:  255                 
First chiplet bit in chiplet DDR address:                  255                 
Number of chiplet bits in chiplet DDR address:             255                 
First chiplet bit in interleaved chiplet DDR address:      255                 
Number of chiplet bits in interleaved chiplet DDR address: 255                 

device ready in 0.13 s
device held for 0.47 s
LOGGER NOT INITIALIZED:
		ET [DEVICE_LAYER][TH:125274298056320]: 
PCIe target:                                               /dev/et0_ops        
DRAM base:                                                 549848092672         (0x8005801000)
DRAM size (B):                                             34265366528          (0x7fa600000)
DRAM alignment (bits):                                     64                  
MM SQ count:                                               2                    (0x2)
MM VQ Maximum message size (B):                            1056                 (0x420)
P2P compatibility bitmap:                                  0                    (0x0)
PCIBUS device name:                                        0000:02:00.0        
Physical device ID:                                        0                    (0x0)
Form Factor:                                               PCIE                 (0x0)
TDP (W):                                                   65                  
Minion boot frequency (MHz):                               600                 
L3 size (KB):                                              32768                (0x8000)
L2 size (KB):                                              16384                (0x4000)
Scratch pad size (KB):                                     81920                (0x14000)
Cache line size (B):                                       64                   (0x40)
Number of L2 Banks:                                        4                   
DDR Bandwidth (MB/s):                                      128000              
Spare shire ID:                                            32                  
Architecture revision:                                     ETSOC1               (0x0)
CM active shire mask:                                      4294967295           (0xffffffff)
Scratchpad base address in format 0:                       2147483648           (0x80000000)
Scratchpad base address in format 1:                       3221225472           (0xc0000000)
Scratchpad base address in format 2:                       18446744073709551615 (0xffffffffffffffff)
Local DDR base address:                                    549848092672         (0x8005801000)
Chiplet DDR base address:                                  549848092672         (0x8005801000)
Interleaved DDR base address:                              18446744073709551615 (0xffffffffffffffff)
Single chiplet DDR size:                                   34265366528         
Address alignment bits:                                    64                  
First shire bit in scratchpad address in format 0:         23                  
Number of shire bits in scratchpad address in format 0:    7                   
Local shire encoding in scratchpad address in format 0:    127                 
First shire bit in scratchpad address in format 1:         6                   
Number of shire bits in scratchpad address in format 1:    5                   
First shire bit in scratchpad address in format 2:         255                 
Number of shire bits in scratchpad address in format 2:    255                 
First chiplet bit in scratchpad address in format 2:       255                 
Number of chiplet bits in scratchpad address in format 2:  255                 
First chiplet bit in chiplet DDR address:                  255                 
Number of chiplet bits in chiplet DDR address:             255                 
First chiplet bit in interleaved chiplet DDR address:      255                 
Number of chiplet bits in interleaved chiplet DDR address: 255                 

device ready in 0.14 s
device held for 3.35 s
LOGGER NOT INITIALIZED:
		ET [DEVICE_LAYER][TH:125642501553792]: 
PCIe target:                                               /dev/et0_ops        
DRAM base:                                                 549848092672         (0x8005801000)
DRAM size (B):                                             34265366528          (0x7fa600000)
DRAM alignment (bits):                                     64                  
MM SQ count:                                               2                    (0x2)
MM VQ Maximum message size (B):                            1056                 (0x420)
P2P compatibility bitmap:                                  0                    (0x0)
PCIBUS device name:                                        0000:02:00.0        
Physical device ID:                                        0                    (0x0)
Form Factor:                                               PCIE                 (0x0)
TDP (W):                                                   65                  
Minion boot frequency (MHz):                               600                 
L3 size (KB):                                              32768                (0x8000)
L2 size (KB):                                              16384                (0x4000)
Scratch pad size (KB):                                     81920                (0x14000)
Cache line size (B):                                       64                   (0x40)
Number of L2 Banks:                                        4                   
DDR Bandwidth (MB/s):                                      128000              
Spare shire ID:                                            32                  
Architecture revision:                                     ETSOC1               (0x0)
CM active shire mask:                                      4294967295           (0xffffffff)
Scratchpad base address in format 0:                       2147483648           (0x80000000)
Scratchpad base address in format 1:                       3221225472           (0xc0000000)
Scratchpad base address in format 2:                       18446744073709551615 (0xffffffffffffffff)
Local DDR base address:                                    549848092672         (0x8005801000)
Chiplet DDR base address:                                  549848092672         (0x8005801000)
Interleaved DDR base address:                              18446744073709551615 (0xffffffffffffffff)
Single chiplet DDR size:                                   34265366528         
Address alignment bits:                                    64                  
First shire bit in scratchpad address in format 0:         23                  
Number of shire bits in scratchpad address in format 0:    7                   
Local shire encoding in scratchpad address in format 0:    127                 
First shire bit in scratchpad address in format 1:         6                   
Number of shire bits in scratchpad address in format 1:    5                   
First shire bit in scratchpad address in format 2:         255                 
Number of shire bits in scratchpad address in format 2:    255                 
First chiplet bit in scratchpad address in format 2:       255                 
Number of chiplet bits in scratchpad address in format 2:  255                 
First chiplet bit in chiplet DDR address:                  255                 
Number of chiplet bits in chiplet DDR address:             255                 
First chiplet bit in interleaved chiplet DDR address:      255                 
Number of chiplet bits in interleaved chiplet DDR address: 255                 

device ready in 0.14 s
device held for 0.48 s
LOGGER NOT INITIALIZED:
		ET [DEVICE_LAYER][TH:127810107145856]: 
PCIe target:                                               /dev/et0_ops        
DRAM base:                                                 549848092672         (0x8005801000)
DRAM size (B):                                             34265366528          (0x7fa600000)
DRAM alignment (bits):                                     64                  
MM SQ count:                                               2                    (0x2)
MM VQ Maximum message size (B):                            1056                 (0x420)
P2P compatibility bitmap:                                  0                    (0x0)
PCIBUS device name:                                        0000:02:00.0        
Physical device ID:                                        0                    (0x0)
Form Factor:                                               PCIE                 (0x0)
TDP (W):                                                   65                  
Minion boot frequency (MHz):                               600                 
L3 size (KB):                                              32768                (0x8000)
L2 size (KB):                                              16384                (0x4000)
Scratch pad size (KB):                                     81920                (0x14000)
Cache line size (B):                                       64                   (0x40)
Number of L2 Banks:                                        4                   
DDR Bandwidth (MB/s):                                      128000              
Spare shire ID:                                            32                  
Architecture revision:                                     ETSOC1               (0x0)
CM active shire mask:                                      4294967295           (0xffffffff)
Scratchpad base address in format 0:                       2147483648           (0x80000000)
Scratchpad base address in format 1:                       3221225472           (0xc0000000)
Scratchpad base address in format 2:                       18446744073709551615 (0xffffffffffffffff)
Local DDR base address:                                    549848092672         (0x8005801000)
Chiplet DDR base address:                                  549848092672         (0x8005801000)
Interleaved DDR base address:                              18446744073709551615 (0xffffffffffffffff)
Single chiplet DDR size:                                   34265366528         
Address alignment bits:                                    64                  
First shire bit in scratchpad address in format 0:         23                  
Number of shire bits in scratchpad address in format 0:    7                   
Local shire encoding in scratchpad address in format 0:    127                 
First shire bit in scratchpad address in format 1:         6                   
Number of shire bits in scratchpad address in format 1:    5                   
First shire bit in scratchpad address in format 2:         255                 
Number of shire bits in scratchpad address in format 2:    255                 
First chiplet bit in scratchpad address in format 2:       255                 
Number of chiplet bits in scratchpad address in format 2:  255                 
First chiplet bit in chiplet DDR address:                  255                 
Number of chiplet bits in chiplet DDR address:             255                 
First chiplet bit in interleaved chiplet DDR address:      255                 
Number of chiplet bits in interleaved chiplet DDR address: 255                 

device ready in 0.13 s
device held for 3.43 s
LOGGER NOT INITIALIZED:
		ET [DEVICE_LAYER][TH:140111027928704]: 
PCIe target:                                               /dev/et0_ops        
DRAM base:                                                 549848092672         (0x8005801000)
DRAM size (B):                                             34265366528          (0x7fa600000)
DRAM alignment (bits):                                     64                  
MM SQ count:                                               2                    (0x2)
MM VQ Maximum message size (B):                            1056                 (0x420)
P2P compatibility bitmap:                                  0                    (0x0)
PCIBUS device name:                                        0000:02:00.0        
Physical device ID:                                        0                    (0x0)
Form Factor:                                               PCIE                 (0x0)
TDP (W):                                                   65                  
Minion boot frequency (MHz):                               600                 
L3 size (KB):                                              32768                (0x8000)
L2 size (KB):                                              16384                (0x4000)
Scratch pad size (KB):                                     81920                (0x14000)
Cache line size (B):                                       64                   (0x40)
Number of L2 Banks:                                        4                   
DDR Bandwidth (MB/s):                                      128000              
Spare shire ID:                                            32                  
Architecture revision:                                     ETSOC1               (0x0)
CM active shire mask:                                      4294967295           (0xffffffff)
Scratchpad base address in format 0:                       2147483648           (0x80000000)
Scratchpad base address in format 1:                       3221225472           (0xc0000000)
Scratchpad base address in format 2:                       18446744073709551615 (0xffffffffffffffff)
Local DDR base address:                                    549848092672         (0x8005801000)
Chiplet DDR base address:                                  549848092672         (0x8005801000)
Interleaved DDR base address:                              18446744073709551615 (0xffffffffffffffff)
Single chiplet DDR size:                                   34265366528         
Address alignment bits:                                    64                  
First shire bit in scratchpad address in format 0:         23                  
Number of shire bits in scratchpad address in format 0:    7                   
Local shire encoding in scratchpad address in format 0:    127                 
First shire bit in scratchpad address in format 1:         6                   
Number of shire bits in scratchpad address in format 1:    5                   
First shire bit in scratchpad address in format 2:         255                 
Number of shire bits in scratchpad address in format 2:    255                 
First chiplet bit in scratchpad address in format 2:       255                 
Number of chiplet bits in scratchpad address in format 2:  255                 
First chiplet bit in chiplet DDR address:                  255                 
Number of chiplet bits in chiplet DDR address:             255                 
First chiplet bit in interleaved chiplet DDR address:      255                 
Number of chiplet bits in interleaved chiplet DDR address: 255                 

device ready in 0.13 s
device held for 0.51 s
LOGGER NOT INITIALIZED:
		ET [DEVICE_LAYER][TH:132450311892608]: 
PCIe target:                                               /dev/et0_ops        
DRAM base:                                                 549848092672         (0x8005801000)
DRAM size (B):                                             34265366528          (0x7fa600000)
DRAM alignment (bits):                                     64                  
MM SQ count:                                               2                    (0x2)
MM VQ Maximum message size (B):                            1056                 (0x420)
P2P compatibility bitmap:                                  0                    (0x0)
PCIBUS device name:                                        0000:02:00.0        
Physical device ID:                                        0                    (0x0)
Form Factor:                                               PCIE                 (0x0)
TDP (W):                                                   65                  
Minion boot frequency (MHz):                               600                 
L3 size (KB):                                              32768                (0x8000)
L2 size (KB):                                              16384                (0x4000)
Scratch pad size (KB):                                     81920                (0x14000)
Cache line size (B):                                       64                   (0x40)
Number of L2 Banks:                                        4                   
DDR Bandwidth (MB/s):                                      128000              
Spare shire ID:                                            32                  
Architecture revision:                                     ETSOC1               (0x0)
CM active shire mask:                                      4294967295           (0xffffffff)
Scratchpad base address in format 0:                       2147483648           (0x80000000)
Scratchpad base address in format 1:                       3221225472           (0xc0000000)
Scratchpad base address in format 2:                       18446744073709551615 (0xffffffffffffffff)
Local DDR base address:                                    549848092672         (0x8005801000)
Chiplet DDR base address:                                  549848092672         (0x8005801000)
Interleaved DDR base address:                              18446744073709551615 (0xffffffffffffffff)
Single chiplet DDR size:                                   34265366528         
Address alignment bits:                                    64                  
First shire bit in scratchpad address in format 0:         23                  
Number of shire bits in scratchpad address in format 0:    7                   
Local shire encoding in scratchpad address in format 0:    127                 
First shire bit in scratchpad address in format 1:         6                   
Number of shire bits in scratchpad address in format 1:    5                   
First shire bit in scratchpad address in format 2:         255                 
Number of shire bits in scratchpad address in format 2:    255                 
First chiplet bit in scratchpad address in format 2:       255                 
Number of chiplet bits in scratchpad address in format 2:  255                 
First chiplet bit in chiplet DDR address:                  255                 
Number of chiplet bits in chiplet DDR address:             255                 
First chiplet bit in interleaved chiplet DDR address:      255                 
Number of chiplet bits in interleaved chiplet DDR address: 255                 

device ready in 0.13 s
device held for 3.35 s
LOGGER NOT INITIALIZED:
		ET [DEVICE_LAYER][TH:136382699425408]: 
PCIe target:                                               /dev/et0_ops        
DRAM base:                                                 549848092672         (0x8005801000)
DRAM size (B):                                             34265366528          (0x7fa600000)
DRAM alignment (bits):                                     64                  
MM SQ count:                                               2                    (0x2)
MM VQ Maximum message size (B):                            1056                 (0x420)
P2P compatibility bitmap:                                  0                    (0x0)
PCIBUS device name:                                        0000:02:00.0        
Physical device ID:                                        0                    (0x0)
Form Factor:                                               PCIE                 (0x0)
TDP (W):                                                   65                  
Minion boot frequency (MHz):                               600                 
L3 size (KB):                                              32768                (0x8000)
L2 size (KB):                                              16384                (0x4000)
Scratch pad size (KB):                                     81920                (0x14000)
Cache line size (B):                                       64                   (0x40)
Number of L2 Banks:                                        4                   
DDR Bandwidth (MB/s):                                      128000              
Spare shire ID:                                            32                  
Architecture revision:                                     ETSOC1               (0x0)
CM active shire mask:                                      4294967295           (0xffffffff)
Scratchpad base address in format 0:                       2147483648           (0x80000000)
Scratchpad base address in format 1:                       3221225472           (0xc0000000)
Scratchpad base address in format 2:                       18446744073709551615 (0xffffffffffffffff)
Local DDR base address:                                    549848092672         (0x8005801000)
Chiplet DDR base address:                                  549848092672         (0x8005801000)
Interleaved DDR base address:                              18446744073709551615 (0xffffffffffffffff)
Single chiplet DDR size:                                   34265366528         
Address alignment bits:                                    64                  
First shire bit in scratchpad address in format 0:         23                  
Number of shire bits in scratchpad address in format 0:    7                   
Local shire encoding in scratchpad address in format 0:    127                 
First shire bit in scratchpad address in format 1:         6                   
Number of shire bits in scratchpad address in format 1:    5                   
First shire bit in scratchpad address in format 2:         255                 
Number of shire bits in scratchpad address in format 2:    255                 
First chiplet bit in scratchpad address in format 2:       255                 
Number of chiplet bits in scratchpad address in format 2:  255                 
First chiplet bit in chiplet DDR address:                  255                 
Number of chiplet bits in chiplet DDR address:             255                 
First chiplet bit in interleaved chiplet DDR address:      255                 
Number of chiplet bits in interleaved chiplet DDR address: 255                 

device ready in 0.14 s
device held for 0.48 s
LOGGER NOT INITIALIZED:
		ET [DEVICE_LAYER][TH:125482154249856]: 
PCIe target:                                               /dev/et0_ops        
DRAM base:                                                 549848092672         (0x8005801000)
DRAM size (B):                                             34265366528          (0x7fa600000)
DRAM alignment (bits):                                     64                  
MM SQ count:                                               2                    (0x2)
MM VQ Maximum message size (B):                            1056                 (0x420)
P2P compatibility bitmap:                                  0                    (0x0)
PCIBUS device name:                                        0000:02:00.0        
Physical device ID:                                        0                    (0x0)
Form Factor:                                               PCIE                 (0x0)
TDP (W):                                                   65                  
Minion boot frequency (MHz):                               600                 
L3 size (KB):                                              32768                (0x8000)
L2 size (KB):                                              16384                (0x4000)
Scratch pad size (KB):                                     81920                (0x14000)
Cache line size (B):                                       64                   (0x40)
Number of L2 Banks:                                        4                   
DDR Bandwidth (MB/s):                                      128000              
Spare shire ID:                                            32                  
Architecture revision:                                     ETSOC1               (0x0)
CM active shire mask:                                      4294967295           (0xffffffff)
Scratchpad base address in format 0:                       2147483648           (0x80000000)
Scratchpad base address in format 1:                       3221225472           (0xc0000000)
Scratchpad base address in format 2:                       18446744073709551615 (0xffffffffffffffff)
Local DDR base address:                                    549848092672         (0x8005801000)
Chiplet DDR base address:                                  549848092672         (0x8005801000)
Interleaved DDR base address:                              18446744073709551615 (0xffffffffffffffff)
Single chiplet DDR size:                                   34265366528         
Address alignment bits:                                    64                  
First shire bit in scratchpad address in format 0:         23                  
Number of shire bits in scratchpad address in format 0:    7                   
Local shire encoding in scratchpad address in format 0:    127                 
First shire bit in scratchpad address in format 1:         6                   
Number of shire bits in scratchpad address in format 1:    5                   
First shire bit in scratchpad address in format 2:         255                 
Number of shire bits in scratchpad address in format 2:    255                 
First chiplet bit in scratchpad address in format 2:       255                 
Number of chiplet bits in scratchpad address in format 2:  255                 
First chiplet bit in chiplet DDR address:                  255                 
Number of chiplet bits in chiplet DDR address:             255                 
First chiplet bit in interleaved chiplet DDR address:      255                 
Number of chiplet bits in interleaved chiplet DDR address: 255                 

device ready in 0.13 s
device held for 3.35 s
