LOGGER NOT INITIALIZED:
		ET [DEVICE_LAYER][TH:138924301852288]: 
PCIe target:                                               /dev/et0_ops        
DRAM base:                                                 549848092672         (0x8005801000)
DRAM size (B):                                             34265366528          (0x7fa600000)
DRAM alignment (bits):                                     64                  
MM SQ count:                                               2                    (0x2)
MM VQ Maximum message size (B):                            1056                 (0x420)
P2P compatibility bitmap:                                  0                    (0x0)
PCIBUS device name:                                        0000:02:00.0        
Physical device ID:                                        0                    (0x0)
Form Factor:                                               PCIE                 (0x0)
TDP (W):                                                   65                  
Minion boot frequency (MHz):                               600                 
L3 size (KB):                                              32768                (0x8000)
L2 size (KB):                                              16384                (0x4000)
Scratch pad size (KB):                                     81920                (0x14000)
Cache line size (B):                                       64                   (0x40)
Number of L2 Banks:                                        4                   
DDR Bandwidth (MB/s):                                      128000              
Spare shire ID:                                            32                  
Architecture revision:                                     ETSOC1               (0x0)
CM active shire mask:                                      4294967295           (0xffffffff)
Scratchpad base address in format 0:                       2147483648           (0x80000000)
Scratchpad base address in format 1:                       3221225472           (0xc0000000)
Scratchpad base address in format 2:                       18446744073709551615 (0xffffffffffffffff)
Local DDR base address:                                    549848092672         (0x8005801000)
Chiplet DDR base address:                                  549848092672         (0x8005801000)
Interleaved DDR base address:                              18446744073709551615 (0xffffffffffffffff)
Single chiplet DDR size:                                   34265366528         
Address alignment bits:                                    64                  
First shire bit in scratchpad address in format 0:         23                  
Number of shire bits in scratchpad address in format 0:    7                   
Local shire encoding in scratchpad address in format 0:    127                 
First shire bit in scratchpad address in format 1:         6                   
Number of shire bits in scratchpad address in format 1:    5                   
First shire bit in scratchpad address in format 2:         255                 
Number of shire bits in scratchpad address in format 2:    255                 
First chiplet bit in scratchpad address in format 2:       255                 
Number of chiplet bits in scratchpad address in format 2:  255                 
First chiplet bit in chiplet DDR address:                  255                 
Number of chiplet bits in chiplet DDR address:             255                 
First chiplet bit in interleaved chiplet DDR address:      255                 
Number of chiplet bits in interleaved chiplet DDR address: 255                 

device ready in 0.18 s
device held for 0.52 s
LOGGER NOT INITIALIZED:
		ET [DEVICE_LAYER][TH:130568111636096]: 
PCIe target:                                               /dev/et0_ops        
DRAM base:                                                 549848092672         (0x8005801000)
DRAM size (B):                                             34265366528          (0x7fa600000)
DRAM alignment (bits):                                     64                  
MM SQ count:                                               2                    (0x2)
MM VQ Maximum message size (B):                            1056                 (0x420)
P2P compatibility bitmap:                                  0                    (0x0)
PCIBUS device name:                                        0000:02:00.0        
Physical device ID:                                        0                    (0x0)
Form Factor:                                               PCIE                 (0x0)
TDP (W):                                                   65                  
Minion boot frequency (MHz):                               600                 
L3 size (KB):                                              32768                (0x8000)
L2 size (KB):                                              16384                (0x4000)
Scratch pad size (KB):                                     81920                (0x14000)
Cache line size (B):                                       64                   (0x40)
Number of L2 Banks:                                        4                   
DDR Bandwidth (MB/s):                                      128000              
Spare shire ID:                                            32                  
Architecture revision:                                     ETSOC1               (0x0)
CM active shire mask:                                      4294967295           (0xffffffff)
Scratchpad base address in format 0:                       2147483648           (0x80000000)
Scratchpad base address in format 1:                       3221225472           (0xc0000000)
Scratchpad base address in format 2:                       18446744073709551615 (0xffffffffffffffff)
Local DDR base address:                                    549848092672         (0x8005801000)
Chiplet DDR base address:                                  549848092672         (0x8005801000)
Interleaved DDR base address:                              18446744073709551615 (0xffffffffffffffff)
Single chiplet DDR size:                                   34265366528         
Address alignment bits:                                    64                  
First shire bit in scratchpad address in format 0:         23                  
Number of shire bits in scratchpad address in format 0:    7                   
Local shire encoding in scratchpad address in format 0:    127                 
First shire bit in scratchpad address in format 1:         6                   
Number of shire bits in scratchpad address in format 1:    5                   
First shire bit in scratchpad address in format 2:         255                 
Number of shire bits in scratchpad address in format 2:    255                 
First chiplet bit in scratchpad address in format 2:       255                 
Number of chiplet bits in scratchpad address in format 2:  255                 
First chiplet bit in chiplet DDR address:                  255                 
Number of chiplet bits in chiplet DDR address:             255                 
First chiplet bit in interleaved chiplet DDR address:      255                 
Number of chiplet bits in interleaved chiplet DDR address: 255                 

device ready in 0.18 s
device held for 3.47 s
LOGGER NOT INITIALIZED:
		ET [DEVICE_LAYER][TH:136742921870976]: 
PCIe target:                                               /dev/et0_ops        
DRAM base:                                                 549848092672         (0x8005801000)
DRAM size (B):                                             34265366528          (0x7fa600000)
DRAM alignment (bits):                                     64                  
MM SQ count:                                               2                    (0x2)
MM VQ Maximum message size (B):                            1056                 (0x420)
P2P compatibility bitmap:                                  0                    (0x0)
PCIBUS device name:                                        0000:02:00.0        
Physical device ID:                                        0                    (0x0)
Form Factor:                                               PCIE                 (0x0)
TDP (W):                                                   65                  
Minion boot frequency (MHz):                               600                 
L3 size (KB):                                              32768                (0x8000)
L2 size (KB):                                              16384                (0x4000)
Scratch pad size (KB):                                     81920                (0x14000)
Cache line size (B):                                       64                   (0x40)
Number of L2 Banks:                                        4                   
DDR Bandwidth (MB/s):                                      128000              
Spare shire ID:                                            32                  
Architecture revision:                                     ETSOC1               (0x0)
CM active shire mask:                                      4294967295           (0xffffffff)
Scratchpad base address in format 0:                       2147483648           (0x80000000)
Scratchpad base address in format 1:                       3221225472           (0xc0000000)
Scratchpad base address in format 2:                       18446744073709551615 (0xffffffffffffffff)
Local DDR base address:                                    549848092672         (0x8005801000)
Chiplet DDR base address:                                  549848092672         (0x8005801000)
Interleaved DDR base address:                              18446744073709551615 (0xffffffffffffffff)
Single chiplet DDR size:                                   34265366528         
Address alignment bits:                                    64                  
First shire bit in scratchpad address in format 0:         23                  
Number of shire bits in scratchpad address in format 0:    7                   
Local shire encoding in scratchpad address in format 0:    127                 
First shire bit in scratchpad address in format 1:         6                   
Number of shire bits in scratchpad address in format 1:    5                   
First shire bit in scratchpad address in format 2:         255                 
Number of shire bits in scratchpad address in format 2:    255                 
First chiplet bit in scratchpad address in format 2:       255                 
Number of chiplet bits in scratchpad address in format 2:  255                 
First chiplet bit in chiplet DDR address:                  255                 
Number of chiplet bits in chiplet DDR address:             255                 
First chiplet bit in interleaved chiplet DDR address:      255                 
Number of chiplet bits in interleaved chiplet DDR address: 255                 

device ready in 0.19 s
device held for 0.56 s
LOGGER NOT INITIALIZED:
		ET [DEVICE_LAYER][TH:134764974198400]: 
PCIe target:                                               /dev/et0_ops        
DRAM base:                                                 549848092672         (0x8005801000)
DRAM size (B):                                             34265366528          (0x7fa600000)
DRAM alignment (bits):                                     64                  
MM SQ count:                                               2                    (0x2)
MM VQ Maximum message size (B):                            1056                 (0x420)
P2P compatibility bitmap:                                  0                    (0x0)
PCIBUS device name:                                        0000:02:00.0        
Physical device ID:                                        0                    (0x0)
Form Factor:                                               PCIE                 (0x0)
TDP (W):                                                   65                  
Minion boot frequency (MHz):                               600                 
L3 size (KB):                                              32768                (0x8000)
L2 size (KB):                                              16384                (0x4000)
Scratch pad size (KB):                                     81920                (0x14000)
Cache line size (B):                                       64                   (0x40)
Number of L2 Banks:                                        4                   
DDR Bandwidth (MB/s):                                      128000              
Spare shire ID:                                            32                  
Architecture revision:                                     ETSOC1               (0x0)
CM active shire mask:                                      4294967295           (0xffffffff)
Scratchpad base address in format 0:                       2147483648           (0x80000000)
Scratchpad base address in format 1:                       3221225472           (0xc0000000)
Scratchpad base address in format 2:                       18446744073709551615 (0xffffffffffffffff)
Local DDR base address:                                    549848092672         (0x8005801000)
Chiplet DDR base address:                                  549848092672         (0x8005801000)
Interleaved DDR base address:                              18446744073709551615 (0xffffffffffffffff)
Single chiplet DDR size:                                   34265366528         
Address alignment bits:                                    64                  
First shire bit in scratchpad address in format 0:         23                  
Number of shire bits in scratchpad address in format 0:    7                   
Local shire encoding in scratchpad address in format 0:    127                 
First shire bit in scratchpad address in format 1:         6                   
Number of shire bits in scratchpad address in format 1:    5                   
First shire bit in scratchpad address in format 2:         255                 
Number of shire bits in scratchpad address in format 2:    255                 
First chiplet bit in scratchpad address in format 2:       255                 
Number of chiplet bits in scratchpad address in format 2:  255                 
First chiplet bit in chiplet DDR address:                  255                 
Number of chiplet bits in chiplet DDR address:             255                 
First chiplet bit in interleaved chiplet DDR address:      255                 
Number of chiplet bits in interleaved chiplet DDR address: 255                 

device ready in 0.18 s
device held for 3.47 s
LOGGER NOT INITIALIZED:
		ET [DEVICE_LAYER][TH:138785134206592]: 
PCIe target:                                               /dev/et0_ops        
DRAM base:                                                 549848092672         (0x8005801000)
DRAM size (B):                                             34265366528          (0x7fa600000)
DRAM alignment (bits):                                     64                  
MM SQ count:                                               2                    (0x2)
MM VQ Maximum message size (B):                            1056                 (0x420)
P2P compatibility bitmap:                                  0                    (0x0)
PCIBUS device name:                                        0000:02:00.0        
Physical device ID:                                        0                    (0x0)
Form Factor:                                               PCIE                 (0x0)
TDP (W):                                                   65                  
Minion boot frequency (MHz):                               600                 
L3 size (KB):                                              32768                (0x8000)
L2 size (KB):                                              16384                (0x4000)
Scratch pad size (KB):                                     81920                (0x14000)
Cache line size (B):                                       64                   (0x40)
Number of L2 Banks:                                        4                   
DDR Bandwidth (MB/s):                                      128000              
Spare shire ID:                                            32                  
Architecture revision:                                     ETSOC1               (0x0)
CM active shire mask:                                      4294967295           (0xffffffff)
Scratchpad base address in format 0:                       2147483648           (0x80000000)
Scratchpad base address in format 1:                       3221225472           (0xc0000000)
Scratchpad base address in format 2:                       18446744073709551615 (0xffffffffffffffff)
Local DDR base address:                                    549848092672         (0x8005801000)
Chiplet DDR base address:                                  549848092672         (0x8005801000)
Interleaved DDR base address:                              18446744073709551615 (0xffffffffffffffff)
Single chiplet DDR size:                                   34265366528         
Address alignment bits:                                    64                  
First shire bit in scratchpad address in format 0:         23                  
Number of shire bits in scratchpad address in format 0:    7                   
Local shire encoding in scratchpad address in format 0:    127                 
First shire bit in scratchpad address in format 1:         6                   
Number of shire bits in scratchpad address in format 1:    5                   
First shire bit in scratchpad address in format 2:         255                 
Number of shire bits in scratchpad address in format 2:    255                 
First chiplet bit in scratchpad address in format 2:       255                 
Number of chiplet bits in scratchpad address in format 2:  255                 
First chiplet bit in chiplet DDR address:                  255                 
Number of chiplet bits in chiplet DDR address:             255                 
First chiplet bit in interleaved chiplet DDR address:      255                 
Number of chiplet bits in interleaved chiplet DDR address: 255                 

device ready in 0.18 s
device held for 0.52 s
LOGGER NOT INITIALIZED:
		ET [DEVICE_LAYER][TH:138804480118400]: 
PCIe target:                                               /dev/et0_ops        
DRAM base:                                                 549848092672         (0x8005801000)
DRAM size (B):                                             34265366528          (0x7fa600000)
DRAM alignment (bits):                                     64                  
MM SQ count:                                               2                    (0x2)
MM VQ Maximum message size (B):                            1056                 (0x420)
P2P compatibility bitmap:                                  0                    (0x0)
PCIBUS device name:                                        0000:02:00.0        
Physical device ID:                                        0                    (0x0)
Form Factor:                                               PCIE                 (0x0)
TDP (W):                                                   65                  
Minion boot frequency (MHz):                               600                 
L3 size (KB):                                              32768                (0x8000)
L2 size (KB):                                              16384                (0x4000)
Scratch pad size (KB):                                     81920                (0x14000)
Cache line size (B):                                       64                   (0x40)
Number of L2 Banks:                                        4                   
DDR Bandwidth (MB/s):                                      128000              
Spare shire ID:                                            32                  
Architecture revision:                                     ETSOC1               (0x0)
CM active shire mask:                                      4294967295           (0xffffffff)
Scratchpad base address in format 0:                       2147483648           (0x80000000)
Scratchpad base address in format 1:                       3221225472           (0xc0000000)
Scratchpad base address in format 2:                       18446744073709551615 (0xffffffffffffffff)
Local DDR base address:                                    549848092672         (0x8005801000)
Chiplet DDR base address:                                  549848092672         (0x8005801000)
Interleaved DDR base address:                              18446744073709551615 (0xffffffffffffffff)
Single chiplet DDR size:                                   34265366528         
Address alignment bits:                                    64                  
First shire bit in scratchpad address in format 0:         23                  
Number of shire bits in scratchpad address in format 0:    7                   
Local shire encoding in scratchpad address in format 0:    127                 
First shire bit in scratchpad address in format 1:         6                   
Number of shire bits in scratchpad address in format 1:    5                   
First shire bit in scratchpad address in format 2:         255                 
Number of shire bits in scratchpad address in format 2:    255                 
First chiplet bit in scratchpad address in format 2:       255                 
Number of chiplet bits in scratchpad address in format 2:  255                 
First chiplet bit in chiplet DDR address:                  255                 
Number of chiplet bits in chiplet DDR address:             255                 
First chiplet bit in interleaved chiplet DDR address:      255                 
Number of chiplet bits in interleaved chiplet DDR address: 255                 

device ready in 0.18 s
device held for 3.39 s
LOGGER NOT INITIALIZED:
		ET [DEVICE_LAYER][TH:128663492808320]: 
PCIe target:                                               /dev/et0_ops        
DRAM base:                                                 549848092672         (0x8005801000)
DRAM size (B):                                             34265366528          (0x7fa600000)
DRAM alignment (bits):                                     64                  
MM SQ count:                                               2                    (0x2)
MM VQ Maximum message size (B):                            1056                 (0x420)
P2P compatibility bitmap:                                  0                    (0x0)
PCIBUS device name:                                        0000:02:00.0        
Physical device ID:                                        0                    (0x0)
Form Factor:                                               PCIE                 (0x0)
TDP (W):                                                   65                  
Minion boot frequency (MHz):                               600                 
L3 size (KB):                                              32768                (0x8000)
L2 size (KB):                                              16384                (0x4000)
Scratch pad size (KB):                                     81920                (0x14000)
Cache line size (B):                                       64                   (0x40)
Number of L2 Banks:                                        4                   
DDR Bandwidth (MB/s):                                      128000              
Spare shire ID:                                            32                  
Architecture revision:                                     ETSOC1               (0x0)
CM active shire mask:                                      4294967295           (0xffffffff)
Scratchpad base address in format 0:                       2147483648           (0x80000000)
Scratchpad base address in format 1:                       3221225472           (0xc0000000)
Scratchpad base address in format 2:                       18446744073709551615 (0xffffffffffffffff)
Local DDR base address:                                    549848092672         (0x8005801000)
Chiplet DDR base address:                                  549848092672         (0x8005801000)
Interleaved DDR base address:                              18446744073709551615 (0xffffffffffffffff)
Single chiplet DDR size:                                   34265366528         
Address alignment bits:                                    64                  
First shire bit in scratchpad address in format 0:         23                  
Number of shire bits in scratchpad address in format 0:    7                   
Local shire encoding in scratchpad address in format 0:    127                 
First shire bit in scratchpad address in format 1:         6                   
Number of shire bits in scratchpad address in format 1:    5                   
First shire bit in scratchpad address in format 2:         255                 
Number of shire bits in scratchpad address in format 2:    255                 
First chiplet bit in scratchpad address in format 2:       255                 
Number of chiplet bits in scratchpad address in format 2:  255                 
First chiplet bit in chiplet DDR address:                  255                 
Number of chiplet bits in chiplet DDR address:             255                 
First chiplet bit in interleaved chiplet DDR address:      255                 
Number of chiplet bits in interleaved chiplet DDR address: 255                 

device ready in 0.18 s
device held for 0.52 s
LOGGER NOT INITIALIZED:
		ET [DEVICE_LAYER][TH:140063839723136]: 
PCIe target:                                               /dev/et0_ops        
DRAM base:                                                 549848092672         (0x8005801000)
DRAM size (B):                                             34265366528          (0x7fa600000)
DRAM alignment (bits):                                     64                  
MM SQ count:                                               2                    (0x2)
MM VQ Maximum message size (B):                            1056                 (0x420)
P2P compatibility bitmap:                                  0                    (0x0)
PCIBUS device name:                                        0000:02:00.0        
Physical device ID:                                        0                    (0x0)
Form Factor:                                               PCIE                 (0x0)
TDP (W):                                                   65                  
Minion boot frequency (MHz):                               600                 
L3 size (KB):                                              32768                (0x8000)
L2 size (KB):                                              16384                (0x4000)
Scratch pad size (KB):                                     81920                (0x14000)
Cache line size (B):                                       64                   (0x40)
Number of L2 Banks:                                        4                   
DDR Bandwidth (MB/s):                                      128000              
Spare shire ID:                                            32                  
Architecture revision:                                     ETSOC1               (0x0)
CM active shire mask:                                      4294967295           (0xffffffff)
Scratchpad base address in format 0:                       2147483648           (0x80000000)
Scratchpad base address in format 1:                       3221225472           (0xc0000000)
Scratchpad base address in format 2:                       18446744073709551615 (0xffffffffffffffff)
Local DDR base address:                                    549848092672         (0x8005801000)
Chiplet DDR base address:                                  549848092672         (0x8005801000)
Interleaved DDR base address:                              18446744073709551615 (0xffffffffffffffff)
Single chiplet DDR size:                                   34265366528         
Address alignment bits:                                    64                  
First shire bit in scratchpad address in format 0:         23                  
Number of shire bits in scratchpad address in format 0:    7                   
Local shire encoding in scratchpad address in format 0:    127                 
First shire bit in scratchpad address in format 1:         6                   
Number of shire bits in scratchpad address in format 1:    5                   
First shire bit in scratchpad address in format 2:         255                 
Number of shire bits in scratchpad address in format 2:    255                 
First chiplet bit in scratchpad address in format 2:       255                 
Number of chiplet bits in scratchpad address in format 2:  255                 
First chiplet bit in chiplet DDR address:                  255                 
Number of chiplet bits in chiplet DDR address:             255                 
First chiplet bit in interleaved chiplet DDR address:      255                 
Number of chiplet bits in interleaved chiplet DDR address: 255                 

device ready in 0.18 s
device held for 3.39 s
LOGGER NOT INITIALIZED:
		ET [DEVICE_LAYER][TH:137272816750208]: 
PCIe target:                                               /dev/et0_ops        
DRAM base:                                                 549848092672         (0x8005801000)
DRAM size (B):                                             34265366528          (0x7fa600000)
DRAM alignment (bits):                                     64                  
MM SQ count:                                               2                    (0x2)
MM VQ Maximum message size (B):                            1056                 (0x420)
P2P compatibility bitmap:                                  0                    (0x0)
PCIBUS device name:                                        0000:02:00.0        
Physical device ID:                                        0                    (0x0)
Form Factor:                                               PCIE                 (0x0)
TDP (W):                                                   65                  
Minion boot frequency (MHz):                               600                 
L3 size (KB):                                              32768                (0x8000)
L2 size (KB):                                              16384                (0x4000)
Scratch pad size (KB):                                     81920                (0x14000)
Cache line size (B):                                       64                   (0x40)
Number of L2 Banks:                                        4                   
DDR Bandwidth (MB/s):                                      128000              
Spare shire ID:                                            32                  
Architecture revision:                                     ETSOC1               (0x0)
CM active shire mask:                                      4294967295           (0xffffffff)
Scratchpad base address in format 0:                       2147483648           (0x80000000)
Scratchpad base address in format 1:                       3221225472           (0xc0000000)
Scratchpad base address in format 2:                       18446744073709551615 (0xffffffffffffffff)
Local DDR base address:                                    549848092672         (0x8005801000)
Chiplet DDR base address:                                  549848092672         (0x8005801000)
Interleaved DDR base address:                              18446744073709551615 (0xffffffffffffffff)
Single chiplet DDR size:                                   34265366528         
Address alignment bits:                                    64                  
First shire bit in scratchpad address in format 0:         23                  
Number of shire bits in scratchpad address in format 0:    7                   
Local shire encoding in scratchpad address in format 0:    127                 
First shire bit in scratchpad address in format 1:         6                   
Number of shire bits in scratchpad address in format 1:    5                   
First shire bit in scratchpad address in format 2:         255                 
Number of shire bits in scratchpad address in format 2:    255                 
First chiplet bit in scratchpad address in format 2:       255                 
Number of chiplet bits in scratchpad address in format 2:  255                 
First chiplet bit in chiplet DDR address:                  255                 
Number of chiplet bits in chiplet DDR address:             255                 
First chiplet bit in interleaved chiplet DDR address:      255                 
Number of chiplet bits in interleaved chiplet DDR address: 255                 

device ready in 0.18 s
device held for 0.55 s
LOGGER NOT INITIALIZED:
		ET [DEVICE_LAYER][TH:129689445043840]: 
PCIe target:                                               /dev/et0_ops        
DRAM base:                                                 549848092672         (0x8005801000)
DRAM size (B):                                             34265366528          (0x7fa600000)
DRAM alignment (bits):                                     64                  
MM SQ count:                                               2                    (0x2)
MM VQ Maximum message size (B):                            1056                 (0x420)
P2P compatibility bitmap:                                  0                    (0x0)
PCIBUS device name:                                        0000:02:00.0        
Physical device ID:                                        0                    (0x0)
Form Factor:                                               PCIE                 (0x0)
TDP (W):                                                   65                  
Minion boot frequency (MHz):                               600                 
L3 size (KB):                                              32768                (0x8000)
L2 size (KB):                                              16384                (0x4000)
Scratch pad size (KB):                                     81920                (0x14000)
Cache line size (B):                                       64                   (0x40)
Number of L2 Banks:                                        4                   
DDR Bandwidth (MB/s):                                      128000              
Spare shire ID:                                            32                  
Architecture revision:                                     ETSOC1               (0x0)
CM active shire mask:                                      4294967295           (0xffffffff)
Scratchpad base address in format 0:                       2147483648           (0x80000000)
Scratchpad base address in format 1:                       3221225472           (0xc0000000)
Scratchpad base address in format 2:                       18446744073709551615 (0xffffffffffffffff)
Local DDR base address:                                    549848092672         (0x8005801000)
Chiplet DDR base address:                                  549848092672         (0x8005801000)
Interleaved DDR base address:                              18446744073709551615 (0xffffffffffffffff)
Single chiplet DDR size:                                   34265366528         
Address alignment bits:                                    64                  
First shire bit in scratchpad address in format 0:         23                  
Number of shire bits in scratchpad address in format 0:    7                   
Local shire encoding in scratchpad address in format 0:    127                 
First shire bit in scratchpad address in format 1:         6                   
Number of shire bits in scratchpad address in format 1:    5                   
First shire bit in scratchpad address in format 2:         255                 
Number of shire bits in scratchpad address in format 2:    255                 
First chiplet bit in scratchpad address in format 2:       255                 
Number of chiplet bits in scratchpad address in format 2:  255                 
First chiplet bit in chiplet DDR address:                  255                 
Number of chiplet bits in chiplet DDR address:             255                 
First chiplet bit in interleaved chiplet DDR address:      255                 
Number of chiplet bits in interleaved chiplet DDR address: 255                 

device ready in 0.18 s
device held for 3.39 s
LOGGER NOT INITIALIZED:
		ET [DEVICE_LAYER][TH:127115307302528]: 
PCIe target:                                               /dev/et0_ops        
DRAM base:                                                 549848092672         (0x8005801000)
DRAM size (B):                                             34265366528          (0x7fa600000)
DRAM alignment (bits):                                     64                  
MM SQ count:                                               2                    (0x2)
MM VQ Maximum message size (B):                            1056                 (0x420)
P2P compatibility bitmap:                                  0                    (0x0)
PCIBUS device name:                                        0000:02:00.0        
Physical device ID:                                        0                    (0x0)
Form Factor:                                               PCIE                 (0x0)
TDP (W):                                                   65                  
Minion boot frequency (MHz):                               600                 
L3 size (KB):                                              32768                (0x8000)
L2 size (KB):                                              16384                (0x4000)
Scratch pad size (KB):                                     81920                (0x14000)
Cache line size (B):                                       64                   (0x40)
Number of L2 Banks:                                        4                   
DDR Bandwidth (MB/s):                                      128000              
Spare shire ID:                                            32                  
Architecture revision:                                     ETSOC1               (0x0)
CM active shire mask:                                      4294967295           (0xffffffff)
Scratchpad base address in format 0:                       2147483648           (0x80000000)
Scratchpad base address in format 1:                       3221225472           (0xc0000000)
Scratchpad base address in format 2:                       18446744073709551615 (0xffffffffffffffff)
Local DDR base address:                                    549848092672         (0x8005801000)
Chiplet DDR base address:                                  549848092672         (0x8005801000)
Interleaved DDR base address:                              18446744073709551615 (0xffffffffffffffff)
Single chiplet DDR size:                                   34265366528         
Address alignment bits:                                    64                  
First shire bit in scratchpad address in format 0:         23                  
Number of shire bits in scratchpad address in format 0:    7                   
Local shire encoding in scratchpad address in format 0:    127                 
First shire bit in scratchpad address in format 1:         6                   
Number of shire bits in scratchpad address in format 1:    5                   
First shire bit in scratchpad address in format 2:         255                 
Number of shire bits in scratchpad address in format 2:    255                 
First chiplet bit in scratchpad address in format 2:       255                 
Number of chiplet bits in scratchpad address in format 2:  255                 
First chiplet bit in chiplet DDR address:                  255                 
Number of chiplet bits in chiplet DDR address:             255                 
First chiplet bit in interleaved chiplet DDR address:      255                 
Number of chiplet bits in interleaved chiplet DDR address: 255                 

device ready in 0.18 s
device held for 0.52 s
LOGGER NOT INITIALIZED:
		ET [DEVICE_LAYER][TH:124142137368192]: 
PCIe target:                                               /dev/et0_ops        
DRAM base:                                                 549848092672         (0x8005801000)
DRAM size (B):                                             34265366528          (0x7fa600000)
DRAM alignment (bits):                                     64                  
MM SQ count:                                               2                    (0x2)
MM VQ Maximum message size (B):                            1056                 (0x420)
P2P compatibility bitmap:                                  0                    (0x0)
PCIBUS device name:                                        0000:02:00.0        
Physical device ID:                                        0                    (0x0)
Form Factor:                                               PCIE                 (0x0)
TDP (W):                                                   65                  
Minion boot frequency (MHz):                               600                 
L3 size (KB):                                              32768                (0x8000)
L2 size (KB):                                              16384                (0x4000)
Scratch pad size (KB):                                     81920                (0x14000)
Cache line size (B):                                       64                   (0x40)
Number of L2 Banks:                                        4                   
DDR Bandwidth (MB/s):                                      128000              
Spare shire ID:                                            32                  
Architecture revision:                                     ETSOC1               (0x0)
CM active shire mask:                                      4294967295           (0xffffffff)
Scratchpad base address in format 0:                       2147483648           (0x80000000)
Scratchpad base address in format 1:                       3221225472           (0xc0000000)
Scratchpad base address in format 2:                       18446744073709551615 (0xffffffffffffffff)
Local DDR base address:                                    549848092672         (0x8005801000)
Chiplet DDR base address:                                  549848092672         (0x8005801000)
Interleaved DDR base address:                              18446744073709551615 (0xffffffffffffffff)
Single chiplet DDR size:                                   34265366528         
Address alignment bits:                                    64                  
First shire bit in scratchpad address in format 0:         23                  
Number of shire bits in scratchpad address in format 0:    7                   
Local shire encoding in scratchpad address in format 0:    127                 
First shire bit in scratchpad address in format 1:         6                   
Number of shire bits in scratchpad address in format 1:    5                   
First shire bit in scratchpad address in format 2:         255                 
Number of shire bits in scratchpad address in format 2:    255                 
First chiplet bit in scratchpad address in format 2:       255                 
Number of chiplet bits in scratchpad address in format 2:  255                 
First chiplet bit in chiplet DDR address:                  255                 
Number of chiplet bits in chiplet DDR address:             255                 
First chiplet bit in interleaved chiplet DDR address:      255                 
Number of chiplet bits in interleaved chiplet DDR address: 255                 

device ready in 0.18 s
device held for 3.47 s
LOGGER NOT INITIALIZED:
		ET [DEVICE_LAYER][TH:126059912167040]: 
PCIe target:                                               /dev/et0_ops        
DRAM base:                                                 549848092672         (0x8005801000)
DRAM size (B):                                             34265366528          (0x7fa600000)
DRAM alignment (bits):                                     64                  
MM SQ count:                                               2                    (0x2)
MM VQ Maximum message size (B):                            1056                 (0x420)
P2P compatibility bitmap:                                  0                    (0x0)
PCIBUS device name:                                        0000:02:00.0        
Physical device ID:                                        0                    (0x0)
Form Factor:                                               PCIE                 (0x0)
TDP (W):                                                   65                  
Minion boot frequency (MHz):                               600                 
L3 size (KB):                                              32768                (0x8000)
L2 size (KB):                                              16384                (0x4000)
Scratch pad size (KB):                                     81920                (0x14000)
Cache line size (B):                                       64                   (0x40)
Number of L2 Banks:                                        4                   
DDR Bandwidth (MB/s):                                      128000              
Spare shire ID:                                            32                  
Architecture revision:                                     ETSOC1               (0x0)
CM active shire mask:                                      4294967295           (0xffffffff)
Scratchpad base address in format 0:                       2147483648           (0x80000000)
Scratchpad base address in format 1:                       3221225472           (0xc0000000)
Scratchpad base address in format 2:                       18446744073709551615 (0xffffffffffffffff)
Local DDR base address:                                    549848092672         (0x8005801000)
Chiplet DDR base address:                                  549848092672         (0x8005801000)
Interleaved DDR base address:                              18446744073709551615 (0xffffffffffffffff)
Single chiplet DDR size:                                   34265366528         
Address alignment bits:                                    64                  
First shire bit in scratchpad address in format 0:         23                  
Number of shire bits in scratchpad address in format 0:    7                   
Local shire encoding in scratchpad address in format 0:    127                 
First shire bit in scratchpad address in format 1:         6                   
Number of shire bits in scratchpad address in format 1:    5                   
First shire bit in scratchpad address in format 2:         255                 
Number of shire bits in scratchpad address in format 2:    255                 
First chiplet bit in scratchpad address in format 2:       255                 
Number of chiplet bits in scratchpad address in format 2:  255                 
First chiplet bit in chiplet DDR address:                  255                 
Number of chiplet bits in chiplet DDR address:             255                 
First chiplet bit in interleaved chiplet DDR address:      255                 
Number of chiplet bits in interleaved chiplet DDR address: 255                 

device ready in 0.18 s
device held for 0.52 s
LOGGER NOT INITIALIZED:
		ET [DEVICE_LAYER][TH:129116469460608]: 
PCIe target:                                               /dev/et0_ops        
DRAM base:                                                 549848092672         (0x8005801000)
DRAM size (B):                                             34265366528          (0x7fa600000)
DRAM alignment (bits):                                     64                  
MM SQ count:                                               2                    (0x2)
MM VQ Maximum message size (B):                            1056                 (0x420)
P2P compatibility bitmap:                                  0                    (0x0)
PCIBUS device name:                                        0000:02:00.0        
Physical device ID:                                        0                    (0x0)
Form Factor:                                               PCIE                 (0x0)
TDP (W):                                                   65                  
Minion boot frequency (MHz):                               600                 
L3 size (KB):                                              32768                (0x8000)
L2 size (KB):                                              16384                (0x4000)
Scratch pad size (KB):                                     81920                (0x14000)
Cache line size (B):                                       64                   (0x40)
Number of L2 Banks:                                        4                   
DDR Bandwidth (MB/s):                                      128000              
Spare shire ID:                                            32                  
Architecture revision:                                     ETSOC1               (0x0)
CM active shire mask:                                      4294967295           (0xffffffff)
Scratchpad base address in format 0:                       2147483648           (0x80000000)
Scratchpad base address in format 1:                       3221225472           (0xc0000000)
Scratchpad base address in format 2:                       18446744073709551615 (0xffffffffffffffff)
Local DDR base address:                                    549848092672         (0x8005801000)
Chiplet DDR base address:                                  549848092672         (0x8005801000)
Interleaved DDR base address:                              18446744073709551615 (0xffffffffffffffff)
Single chiplet DDR size:                                   34265366528         
Address alignment bits:                                    64                  
First shire bit in scratchpad address in format 0:         23                  
Number of shire bits in scratchpad address in format 0:    7                   
Local shire encoding in scratchpad address in format 0:    127                 
First shire bit in scratchpad address in format 1:         6                   
Number of shire bits in scratchpad address in format 1:    5                   
First shire bit in scratchpad address in format 2:         255                 
Number of shire bits in scratchpad address in format 2:    255                 
First chiplet bit in scratchpad address in format 2:       255                 
Number of chiplet bits in scratchpad address in format 2:  255                 
First chiplet bit in chiplet DDR address:                  255                 
Number of chiplet bits in chiplet DDR address:             255                 
First chiplet bit in interleaved chiplet DDR address:      255                 
Number of chiplet bits in interleaved chiplet DDR address: 255                 

device ready in 0.18 s
device held for 3.39 s
LOGGER NOT INITIALIZED:
		ET [DEVICE_LAYER][TH:136855277043328]: 
PCIe target:                                               /dev/et0_ops        
DRAM base:                                                 549848092672         (0x8005801000)
DRAM size (B):                                             34265366528          (0x7fa600000)
DRAM alignment (bits):                                     64                  
MM SQ count:                                               2                    (0x2)
MM VQ Maximum message size (B):                            1056                 (0x420)
P2P compatibility bitmap:                                  0                    (0x0)
PCIBUS device name:                                        0000:02:00.0        
Physical device ID:                                        0                    (0x0)
Form Factor:                                               PCIE                 (0x0)
TDP (W):                                                   65                  
Minion boot frequency (MHz):                               600                 
L3 size (KB):                                              32768                (0x8000)
L2 size (KB):                                              16384                (0x4000)
Scratch pad size (KB):                                     81920                (0x14000)
Cache line size (B):                                       64                   (0x40)
Number of L2 Banks:                                        4                   
DDR Bandwidth (MB/s):                                      128000              
Spare shire ID:                                            32                  
Architecture revision:                                     ETSOC1               (0x0)
CM active shire mask:                                      4294967295           (0xffffffff)
Scratchpad base address in format 0:                       2147483648           (0x80000000)
Scratchpad base address in format 1:                       3221225472           (0xc0000000)
Scratchpad base address in format 2:                       18446744073709551615 (0xffffffffffffffff)
Local DDR base address:                                    549848092672         (0x8005801000)
Chiplet DDR base address:                                  549848092672         (0x8005801000)
Interleaved DDR base address:                              18446744073709551615 (0xffffffffffffffff)
Single chiplet DDR size:                                   34265366528         
Address alignment bits:                                    64                  
First shire bit in scratchpad address in format 0:         23                  
Number of shire bits in scratchpad address in format 0:    7                   
Local shire encoding in scratchpad address in format 0:    127                 
First shire bit in scratchpad address in format 1:         6                   
Number of shire bits in scratchpad address in format 1:    5                   
First shire bit in scratchpad address in format 2:         255                 
Number of shire bits in scratchpad address in format 2:    255                 
First chiplet bit in scratchpad address in format 2:       255                 
Number of chiplet bits in scratchpad address in format 2:  255                 
First chiplet bit in chiplet DDR address:                  255                 
Number of chiplet bits in chiplet DDR address:             255                 
First chiplet bit in interleaved chiplet DDR address:      255                 
Number of chiplet bits in interleaved chiplet DDR address: 255                 

device ready in 0.18 s
device held for 0.52 s
LOGGER NOT INITIALIZED:
		ET [DEVICE_LAYER][TH:139200040087168]: 
PCIe target:                                               /dev/et0_ops        
DRAM base:                                                 549848092672         (0x8005801000)
DRAM size (B):                                             34265366528          (0x7fa600000)
DRAM alignment (bits):                                     64                  
MM SQ count:                                               2                    (0x2)
MM VQ Maximum message size (B):                            1056                 (0x420)
P2P compatibility bitmap:                                  0                    (0x0)
PCIBUS device name:                                        0000:02:00.0        
Physical device ID:                                        0                    (0x0)
Form Factor:                                               PCIE                 (0x0)
TDP (W):                                                   65                  
Minion boot frequency (MHz):                               600                 
L3 size (KB):                                              32768                (0x8000)
L2 size (KB):                                              16384                (0x4000)
Scratch pad size (KB):                                     81920                (0x14000)
Cache line size (B):                                       64                   (0x40)
Number of L2 Banks:                                        4                   
DDR Bandwidth (MB/s):                                      128000              
Spare shire ID:                                            32                  
Architecture revision:                                     ETSOC1               (0x0)
CM active shire mask:                                      4294967295           (0xffffffff)
Scratchpad base address in format 0:                       2147483648           (0x80000000)
Scratchpad base address in format 1:                       3221225472           (0xc0000000)
Scratchpad base address in format 2:                       18446744073709551615 (0xffffffffffffffff)
Local DDR base address:                                    549848092672         (0x8005801000)
Chiplet DDR base address:                                  549848092672         (0x8005801000)
Interleaved DDR base address:                              18446744073709551615 (0xffffffffffffffff)
Single chiplet DDR size:                                   34265366528         
Address alignment bits:                                    64                  
First shire bit in scratchpad address in format 0:         23                  
Number of shire bits in scratchpad address in format 0:    7                   
Local shire encoding in scratchpad address in format 0:    127                 
First shire bit in scratchpad address in format 1:         6                   
Number of shire bits in scratchpad address in format 1:    5                   
First shire bit in scratchpad address in format 2:         255                 
Number of shire bits in scratchpad address in format 2:    255                 
First chiplet bit in scratchpad address in format 2:       255                 
Number of chiplet bits in scratchpad address in format 2:  255                 
First chiplet bit in chiplet DDR address:                  255                 
Number of chiplet bits in chiplet DDR address:             255                 
First chiplet bit in interleaved chiplet DDR address:      255                 
Number of chiplet bits in interleaved chiplet DDR address: 255                 

device ready in 0.18 s
device held for 3.40 s
LOGGER NOT INITIALIZED:
		ET [DEVICE_LAYER][TH:128434867617408]: 
PCIe target:                                               /dev/et0_ops        
DRAM base:                                                 549848092672         (0x8005801000)
DRAM size (B):                                             34265366528          (0x7fa600000)
DRAM alignment (bits):                                     64                  
MM SQ count:                                               2                    (0x2)
MM VQ Maximum message size (B):                            1056                 (0x420)
P2P compatibility bitmap:                                  0                    (0x0)
PCIBUS device name:                                        0000:02:00.0        
Physical device ID:                                        0                    (0x0)
Form Factor:                                               PCIE                 (0x0)
TDP (W):                                                   65                  
Minion boot frequency (MHz):                               600                 
L3 size (KB):                                              32768                (0x8000)
L2 size (KB):                                              16384                (0x4000)
Scratch pad size (KB):                                     81920                (0x14000)
Cache line size (B):                                       64                   (0x40)
Number of L2 Banks:                                        4                   
DDR Bandwidth (MB/s):                                      128000              
Spare shire ID:                                            32                  
Architecture revision:                                     ETSOC1               (0x0)
CM active shire mask:                                      4294967295           (0xffffffff)
Scratchpad base address in format 0:                       2147483648           (0x80000000)
Scratchpad base address in format 1:                       3221225472           (0xc0000000)
Scratchpad base address in format 2:                       18446744073709551615 (0xffffffffffffffff)
Local DDR base address:                                    549848092672         (0x8005801000)
Chiplet DDR base address:                                  549848092672         (0x8005801000)
Interleaved DDR base address:                              18446744073709551615 (0xffffffffffffffff)
Single chiplet DDR size:                                   34265366528         
Address alignment bits:                                    64                  
First shire bit in scratchpad address in format 0:         23                  
Number of shire bits in scratchpad address in format 0:    7                   
Local shire encoding in scratchpad address in format 0:    127                 
First shire bit in scratchpad address in format 1:         6                   
Number of shire bits in scratchpad address in format 1:    5                   
First shire bit in scratchpad address in format 2:         255                 
Number of shire bits in scratchpad address in format 2:    255                 
First chiplet bit in scratchpad address in format 2:       255                 
Number of chiplet bits in scratchpad address in format 2:  255                 
First chiplet bit in chiplet DDR address:                  255                 
Number of chiplet bits in chiplet DDR address:             255                 
First chiplet bit in interleaved chiplet DDR address:      255                 
Number of chiplet bits in interleaved chiplet DDR address: 255                 

device ready in 0.18 s
device held for 0.52 s
LOGGER NOT INITIALIZED:
		ET [DEVICE_LAYER][TH:137211868147328]: 
PCIe target:                                               /dev/et0_ops        
DRAM base:                                                 549848092672         (0x8005801000)
DRAM size (B):                                             34265366528          (0x7fa600000)
DRAM alignment (bits):                                     64                  
MM SQ count:                                               2                    (0x2)
MM VQ Maximum message size (B):                            1056                 (0x420)
P2P compatibility bitmap:                                  0                    (0x0)
PCIBUS device name:                                        0000:02:00.0        
Physical device ID:                                        0                    (0x0)
Form Factor:                                               PCIE                 (0x0)
TDP (W):                                                   65                  
Minion boot frequency (MHz):                               600                 
L3 size (KB):                                              32768                (0x8000)
L2 size (KB):                                              16384                (0x4000)
Scratch pad size (KB):                                     81920                (0x14000)
Cache line size (B):                                       64                   (0x40)
Number of L2 Banks:                                        4                   
DDR Bandwidth (MB/s):                                      128000              
Spare shire ID:                                            32                  
Architecture revision:                                     ETSOC1               (0x0)
CM active shire mask:                                      4294967295           (0xffffffff)
Scratchpad base address in format 0:                       2147483648           (0x80000000)
Scratchpad base address in format 1:                       3221225472           (0xc0000000)
Scratchpad base address in format 2:                       18446744073709551615 (0xffffffffffffffff)
Local DDR base address:                                    549848092672         (0x8005801000)
Chiplet DDR base address:                                  549848092672         (0x8005801000)
Interleaved DDR base address:                              18446744073709551615 (0xffffffffffffffff)
Single chiplet DDR size:                                   34265366528         
Address alignment bits:                                    64                  
First shire bit in scratchpad address in format 0:         23                  
Number of shire bits in scratchpad address in format 0:    7                   
Local shire encoding in scratchpad address in format 0:    127                 
First shire bit in scratchpad address in format 1:         6                   
Number of shire bits in scratchpad address in format 1:    5                   
First shire bit in scratchpad address in format 2:         255                 
Number of shire bits in scratchpad address in format 2:    255                 
First chiplet bit in scratchpad address in format 2:       255                 
Number of chiplet bits in scratchpad address in format 2:  255                 
First chiplet bit in chiplet DDR address:                  255                 
Number of chiplet bits in chiplet DDR address:             255                 
First chiplet bit in interleaved chiplet DDR address:      255                 
Number of chiplet bits in interleaved chiplet DDR address: 255                 

device ready in 0.18 s
device held for 3.39 s
LOGGER NOT INITIALIZED:
		ET [DEVICE_LAYER][TH:126203585916544]: 
PCIe target:                                               /dev/et0_ops        
DRAM base:                                                 549848092672         (0x8005801000)
DRAM size (B):                                             34265366528          (0x7fa600000)
DRAM alignment (bits):                                     64                  
MM SQ count:                                               2                    (0x2)
MM VQ Maximum message size (B):                            1056                 (0x420)
P2P compatibility bitmap:                                  0                    (0x0)
PCIBUS device name:                                        0000:02:00.0        
Physical device ID:                                        0                    (0x0)
Form Factor:                                               PCIE                 (0x0)
TDP (W):                                                   65                  
Minion boot frequency (MHz):                               600                 
L3 size (KB):                                              32768                (0x8000)
L2 size (KB):                                              16384                (0x4000)
Scratch pad size (KB):                                     81920                (0x14000)
Cache line size (B):                                       64                   (0x40)
Number of L2 Banks:                                        4                   
DDR Bandwidth (MB/s):                                      128000              
Spare shire ID:                                            32                  
Architecture revision:                                     ETSOC1               (0x0)
CM active shire mask:                                      4294967295           (0xffffffff)
Scratchpad base address in format 0:                       2147483648           (0x80000000)
Scratchpad base address in format 1:                       3221225472           (0xc0000000)
Scratchpad base address in format 2:                       18446744073709551615 (0xffffffffffffffff)
Local DDR base address:                                    549848092672         (0x8005801000)
Chiplet DDR base address:                                  549848092672         (0x8005801000)
Interleaved DDR base address:                              18446744073709551615 (0xffffffffffffffff)
Single chiplet DDR size:                                   34265366528         
Address alignment bits:                                    64                  
First shire bit in scratchpad address in format 0:         23                  
Number of shire bits in scratchpad address in format 0:    7                   
Local shire encoding in scratchpad address in format 0:    127                 
First shire bit in scratchpad address in format 1:         6                   
Number of shire bits in scratchpad address in format 1:    5                   
First shire bit in scratchpad address in format 2:         255                 
Number of shire bits in scratchpad address in format 2:    255                 
First chiplet bit in scratchpad address in format 2:       255                 
Number of chiplet bits in scratchpad address in format 2:  255                 
First chiplet bit in chiplet DDR address:                  255                 
Number of chiplet bits in chiplet DDR address:             255                 
First chiplet bit in interleaved chiplet DDR address:      255                 
Number of chiplet bits in interleaved chiplet DDR address: 255                 

device ready in 0.18 s
device held for 0.52 s
LOGGER NOT INITIALIZED:
		ET [DEVICE_LAYER][TH:135322609061504]: 
PCIe target:                                               /dev/et0_ops        
DRAM base:                                                 549848092672         (0x8005801000)
DRAM size (B):                                             34265366528          (0x7fa600000)
DRAM alignment (bits):                                     64                  
MM SQ count:                                               2                    (0x2)
MM VQ Maximum message size (B):                            1056                 (0x420)
P2P compatibility bitmap:                                  0                    (0x0)
PCIBUS device name:                                        0000:02:00.0        
Physical device ID:                                        0                    (0x0)
Form Factor:                                               PCIE                 (0x0)
TDP (W):                                                   65                  
Minion boot frequency (MHz):                               600                 
L3 size (KB):                                              32768                (0x8000)
L2 size (KB):                                              16384                (0x4000)
Scratch pad size (KB):                                     81920                (0x14000)
Cache line size (B):                                       64                   (0x40)
Number of L2 Banks:                                        4                   
DDR Bandwidth (MB/s):                                      128000              
Spare shire ID:                                            32                  
Architecture revision:                                     ETSOC1               (0x0)
CM active shire mask:                                      4294967295           (0xffffffff)
Scratchpad base address in format 0:                       2147483648           (0x80000000)
Scratchpad base address in format 1:                       3221225472           (0xc0000000)
Scratchpad base address in format 2:                       18446744073709551615 (0xffffffffffffffff)
Local DDR base address:                                    549848092672         (0x8005801000)
Chiplet DDR base address:                                  549848092672         (0x8005801000)
Interleaved DDR base address:                              18446744073709551615 (0xffffffffffffffff)
Single chiplet DDR size:                                   34265366528         
Address alignment bits:                                    64                  
First shire bit in scratchpad address in format 0:         23                  
Number of shire bits in scratchpad address in format 0:    7                   
Local shire encoding in scratchpad address in format 0:    127                 
First shire bit in scratchpad address in format 1:         6                   
Number of shire bits in scratchpad address in format 1:    5                   
First shire bit in scratchpad address in format 2:         255                 
Number of shire bits in scratchpad address in format 2:    255                 
First chiplet bit in scratchpad address in format 2:       255                 
Number of chiplet bits in scratchpad address in format 2:  255                 
First chiplet bit in chiplet DDR address:                  255                 
Number of chiplet bits in chiplet DDR address:             255                 
First chiplet bit in interleaved chiplet DDR address:      255                 
Number of chiplet bits in interleaved chiplet DDR address: 255                 

device ready in 0.19 s
device held for 3.48 s
LOGGER NOT INITIALIZED:
		ET [DEVICE_LAYER][TH:124237733408384]: 
PCIe target:                                               /dev/et0_ops        
DRAM base:                                                 549848092672         (0x8005801000)
DRAM size (B):                                             34265366528          (0x7fa600000)
DRAM alignment (bits):                                     64                  
MM SQ count:                                               2                    (0x2)
MM VQ Maximum message size (B):                            1056                 (0x420)
P2P compatibility bitmap:                                  0                    (0x0)
PCIBUS device name:                                        0000:02:00.0        
Physical device ID:                                        0                    (0x0)
Form Factor:                                               PCIE                 (0x0)
TDP (W):                                                   65                  
Minion boot frequency (MHz):                               600                 
L3 size (KB):                                              32768                (0x8000)
L2 size (KB):                                              16384                (0x4000)
Scratch pad size (KB):                                     81920                (0x14000)
Cache line size (B):                                       64                   (0x40)
Number of L2 Banks:                                        4                   
DDR Bandwidth (MB/s):                                      128000              
Spare shire ID:                                            32                  
Architecture revision:                                     ETSOC1               (0x0)
CM active shire mask:                                      4294967295           (0xffffffff)
Scratchpad base address in format 0:                       2147483648           (0x80000000)
Scratchpad base address in format 1:                       3221225472           (0xc0000000)
Scratchpad base address in format 2:                       18446744073709551615 (0xffffffffffffffff)
Local DDR base address:                                    549848092672         (0x8005801000)
Chiplet DDR base address:                                  549848092672         (0x8005801000)
Interleaved DDR base address:                              18446744073709551615 (0xffffffffffffffff)
Single chiplet DDR size:                                   34265366528         
Address alignment bits:                                    64                  
First shire bit in scratchpad address in format 0:         23                  
Number of shire bits in scratchpad address in format 0:    7                   
Local shire encoding in scratchpad address in format 0:    127                 
First shire bit in scratchpad address in format 1:         6                   
Number of shire bits in scratchpad address in format 1:    5                   
First shire bit in scratchpad address in format 2:         255                 
Number of shire bits in scratchpad address in format 2:    255                 
First chiplet bit in scratchpad address in format 2:       255                 
Number of chiplet bits in scratchpad address in format 2:  255                 
First chiplet bit in chiplet DDR address:                  255                 
Number of chiplet bits in chiplet DDR address:             255                 
First chiplet bit in interleaved chiplet DDR address:      255                 
Number of chiplet bits in interleaved chiplet DDR address: 255                 

device ready in 0.18 s
device held for 0.55 s
LOGGER NOT INITIALIZED:
		ET [DEVICE_LAYER][TH:128566139375232]: 
PCIe target:                                               /dev/et0_ops        
DRAM base:                                                 549848092672         (0x8005801000)
DRAM size (B):                                             34265366528          (0x7fa600000)
DRAM alignment (bits):                                     64                  
MM SQ count:                                               2                    (0x2)
MM VQ Maximum message size (B):                            1056                 (0x420)
P2P compatibility bitmap:                                  0                    (0x0)
PCIBUS device name:                                        0000:02:00.0        
Physical device ID:                                        0                    (0x0)
Form Factor:                                               PCIE                 (0x0)
TDP (W):                                                   65                  
Minion boot frequency (MHz):                               600                 
L3 size (KB):                                              32768                (0x8000)
L2 size (KB):                                              16384                (0x4000)
Scratch pad size (KB):                                     81920                (0x14000)
Cache line size (B):                                       64                   (0x40)
Number of L2 Banks:                                        4                   
DDR Bandwidth (MB/s):                                      128000              
Spare shire ID:                                            32                  
Architecture revision:                                     ETSOC1               (0x0)
CM active shire mask:                                      4294967295           (0xffffffff)
Scratchpad base address in format 0:                       2147483648           (0x80000000)
Scratchpad base address in format 1:                       3221225472           (0xc0000000)
Scratchpad base address in format 2:                       18446744073709551615 (0xffffffffffffffff)
Local DDR base address:                                    549848092672         (0x8005801000)
Chiplet DDR base address:                                  549848092672         (0x8005801000)
Interleaved DDR base address:                              18446744073709551615 (0xffffffffffffffff)
Single chiplet DDR size:                                   34265366528         
Address alignment bits:                                    64                  
First shire bit in scratchpad address in format 0:         23                  
Number of shire bits in scratchpad address in format 0:    7                   
Local shire encoding in scratchpad address in format 0:    127                 
First shire bit in scratchpad address in format 1:         6                   
Number of shire bits in scratchpad address in format 1:    5                   
First shire bit in scratchpad address in format 2:         255                 
Number of shire bits in scratchpad address in format 2:    255                 
First chiplet bit in scratchpad address in format 2:       255                 
Number of chiplet bits in scratchpad address in format 2:  255                 
First chiplet bit in chiplet DDR address:                  255                 
Number of chiplet bits in chiplet DDR address:             255                 
First chiplet bit in interleaved chiplet DDR address:      255                 
Number of chiplet bits in interleaved chiplet DDR address: 255                 

device ready in 0.18 s
device held for 3.47 s
LOGGER NOT INITIALIZED:
		ET [DEVICE_LAYER][TH:126385773940352]: 
PCIe target:                                               /dev/et0_ops        
DRAM base:                                                 549848092672         (0x8005801000)
DRAM size (B):                                             34265366528          (0x7fa600000)
DRAM alignment (bits):                                     64                  
MM SQ count:                                               2                    (0x2)
MM VQ Maximum message size (B):                            1056                 (0x420)
P2P compatibility bitmap:                                  0                    (0x0)
PCIBUS device name:                                        0000:02:00.0        
Physical device ID:                                        0                    (0x0)
Form Factor:                                               PCIE                 (0x0)
TDP (W):                                                   65                  
Minion boot frequency (MHz):                               600                 
L3 size (KB):                                              32768                (0x8000)
L2 size (KB):                                              16384                (0x4000)
Scratch pad size (KB):                                     81920                (0x14000)
Cache line size (B):                                       64                   (0x40)
Number of L2 Banks:                                        4                   
DDR Bandwidth (MB/s):                                      128000              
Spare shire ID:                                            32                  
Architecture revision:                                     ETSOC1               (0x0)
CM active shire mask:                                      4294967295           (0xffffffff)
Scratchpad base address in format 0:                       2147483648           (0x80000000)
Scratchpad base address in format 1:                       3221225472           (0xc0000000)
Scratchpad base address in format 2:                       18446744073709551615 (0xffffffffffffffff)
Local DDR base address:                                    549848092672         (0x8005801000)
Chiplet DDR base address:                                  549848092672         (0x8005801000)
Interleaved DDR base address:                              18446744073709551615 (0xffffffffffffffff)
Single chiplet DDR size:                                   34265366528         
Address alignment bits:                                    64                  
First shire bit in scratchpad address in format 0:         23                  
Number of shire bits in scratchpad address in format 0:    7                   
Local shire encoding in scratchpad address in format 0:    127                 
First shire bit in scratchpad address in format 1:         6                   
Number of shire bits in scratchpad address in format 1:    5                   
First shire bit in scratchpad address in format 2:         255                 
Number of shire bits in scratchpad address in format 2:    255                 
First chiplet bit in scratchpad address in format 2:       255                 
Number of chiplet bits in scratchpad address in format 2:  255                 
First chiplet bit in chiplet DDR address:                  255                 
Number of chiplet bits in chiplet DDR address:             255                 
First chiplet bit in interleaved chiplet DDR address:      255                 
Number of chiplet bits in interleaved chiplet DDR address: 255                 

device ready in 0.18 s
device held for 0.55 s
LOGGER NOT INITIALIZED:
		ET [DEVICE_LAYER][TH:130410796686976]: 
PCIe target:                                               /dev/et0_ops        
DRAM base:                                                 549848092672         (0x8005801000)
DRAM size (B):                                             34265366528          (0x7fa600000)
DRAM alignment (bits):                                     64                  
MM SQ count:                                               2                    (0x2)
MM VQ Maximum message size (B):                            1056                 (0x420)
P2P compatibility bitmap:                                  0                    (0x0)
PCIBUS device name:                                        0000:02:00.0        
Physical device ID:                                        0                    (0x0)
Form Factor:                                               PCIE                 (0x0)
TDP (W):                                                   65                  
Minion boot frequency (MHz):                               600                 
L3 size (KB):                                              32768                (0x8000)
L2 size (KB):                                              16384                (0x4000)
Scratch pad size (KB):                                     81920                (0x14000)
Cache line size (B):                                       64                   (0x40)
Number of L2 Banks:                                        4                   
DDR Bandwidth (MB/s):                                      128000              
Spare shire ID:                                            32                  
Architecture revision:                                     ETSOC1               (0x0)
CM active shire mask:                                      4294967295           (0xffffffff)
Scratchpad base address in format 0:                       2147483648           (0x80000000)
Scratchpad base address in format 1:                       3221225472           (0xc0000000)
Scratchpad base address in format 2:                       18446744073709551615 (0xffffffffffffffff)
Local DDR base address:                                    549848092672         (0x8005801000)
Chiplet DDR base address:                                  549848092672         (0x8005801000)
Interleaved DDR base address:                              18446744073709551615 (0xffffffffffffffff)
Single chiplet DDR size:                                   34265366528         
Address alignment bits:                                    64                  
First shire bit in scratchpad address in format 0:         23                  
Number of shire bits in scratchpad address in format 0:    7                   
Local shire encoding in scratchpad address in format 0:    127                 
First shire bit in scratchpad address in format 1:         6                   
Number of shire bits in scratchpad address in format 1:    5                   
First shire bit in scratchpad address in format 2:         255                 
Number of shire bits in scratchpad address in format 2:    255                 
First chiplet bit in scratchpad address in format 2:       255                 
Number of chiplet bits in scratchpad address in format 2:  255                 
First chiplet bit in chiplet DDR address:                  255                 
Number of chiplet bits in chiplet DDR address:             255                 
First chiplet bit in interleaved chiplet DDR address:      255                 
Number of chiplet bits in interleaved chiplet DDR address: 255                 

device ready in 0.18 s
device held for 3.39 s
LOGGER NOT INITIALIZED:
		ET [DEVICE_LAYER][TH:140326263651968]: 
PCIe target:                                               /dev/et0_ops        
DRAM base:                                                 549848092672         (0x8005801000)
DRAM size (B):                                             34265366528          (0x7fa600000)
DRAM alignment (bits):                                     64                  
MM SQ count:                                               2                    (0x2)
MM VQ Maximum message size (B):                            1056                 (0x420)
P2P compatibility bitmap:                                  0                    (0x0)
PCIBUS device name:                                        0000:02:00.0        
Physical device ID:                                        0                    (0x0)
Form Factor:                                               PCIE                 (0x0)
TDP (W):                                                   65                  
Minion boot frequency (MHz):                               600                 
L3 size (KB):                                              32768                (0x8000)
L2 size (KB):                                              16384                (0x4000)
Scratch pad size (KB):                                     81920                (0x14000)
Cache line size (B):                                       64                   (0x40)
Number of L2 Banks:                                        4                   
DDR Bandwidth (MB/s):                                      128000              
Spare shire ID:                                            32                  
Architecture revision:                                     ETSOC1               (0x0)
CM active shire mask:                                      4294967295           (0xffffffff)
Scratchpad base address in format 0:                       2147483648           (0x80000000)
Scratchpad base address in format 1:                       3221225472           (0xc0000000)
Scratchpad base address in format 2:                       18446744073709551615 (0xffffffffffffffff)
Local DDR base address:                                    549848092672         (0x8005801000)
Chiplet DDR base address:                                  549848092672         (0x8005801000)
Interleaved DDR base address:                              18446744073709551615 (0xffffffffffffffff)
Single chiplet DDR size:                                   34265366528         
Address alignment bits:                                    64                  
First shire bit in scratchpad address in format 0:         23                  
Number of shire bits in scratchpad address in format 0:    7                   
Local shire encoding in scratchpad address in format 0:    127                 
First shire bit in scratchpad address in format 1:         6                   
Number of shire bits in scratchpad address in format 1:    5                   
First shire bit in scratchpad address in format 2:         255                 
Number of shire bits in scratchpad address in format 2:    255                 
First chiplet bit in scratchpad address in format 2:       255                 
Number of chiplet bits in scratchpad address in format 2:  255                 
First chiplet bit in chiplet DDR address:                  255                 
Number of chiplet bits in chiplet DDR address:             255                 
First chiplet bit in interleaved chiplet DDR address:      255                 
Number of chiplet bits in interleaved chiplet DDR address: 255                 

device ready in 0.18 s
device held for 0.52 s
LOGGER NOT INITIALIZED:
		ET [DEVICE_LAYER][TH:123809223466624]: 
PCIe target:                                               /dev/et0_ops        
DRAM base:                                                 549848092672         (0x8005801000)
DRAM size (B):                                             34265366528          (0x7fa600000)
DRAM alignment (bits):                                     64                  
MM SQ count:                                               2                    (0x2)
MM VQ Maximum message size (B):                            1056                 (0x420)
P2P compatibility bitmap:                                  0                    (0x0)
PCIBUS device name:                                        0000:02:00.0        
Physical device ID:                                        0                    (0x0)
Form Factor:                                               PCIE                 (0x0)
TDP (W):                                                   65                  
Minion boot frequency (MHz):                               600                 
L3 size (KB):                                              32768                (0x8000)
L2 size (KB):                                              16384                (0x4000)
Scratch pad size (KB):                                     81920                (0x14000)
Cache line size (B):                                       64                   (0x40)
Number of L2 Banks:                                        4                   
DDR Bandwidth (MB/s):                                      128000              
Spare shire ID:                                            32                  
Architecture revision:                                     ETSOC1               (0x0)
CM active shire mask:                                      4294967295           (0xffffffff)
Scratchpad base address in format 0:                       2147483648           (0x80000000)
Scratchpad base address in format 1:                       3221225472           (0xc0000000)
Scratchpad base address in format 2:                       18446744073709551615 (0xffffffffffffffff)
Local DDR base address:                                    549848092672         (0x8005801000)
Chiplet DDR base address:                                  549848092672         (0x8005801000)
Interleaved DDR base address:                              18446744073709551615 (0xffffffffffffffff)
Single chiplet DDR size:                                   34265366528         
Address alignment bits:                                    64                  
First shire bit in scratchpad address in format 0:         23                  
Number of shire bits in scratchpad address in format 0:    7                   
Local shire encoding in scratchpad address in format 0:    127                 
First shire bit in scratchpad address in format 1:         6                   
Number of shire bits in scratchpad address in format 1:    5                   
First shire bit in scratchpad address in format 2:         255                 
Number of shire bits in scratchpad address in format 2:    255                 
First chiplet bit in scratchpad address in format 2:       255                 
Number of chiplet bits in scratchpad address in format 2:  255                 
First chiplet bit in chiplet DDR address:                  255                 
Number of chiplet bits in chiplet DDR address:             255                 
First chiplet bit in interleaved chiplet DDR address:      255                 
Number of chiplet bits in interleaved chiplet DDR address: 255                 

device ready in 0.18 s
device held for 3.39 s
LOGGER NOT INITIALIZED:
		ET [DEVICE_LAYER][TH:133494091599488]: 
PCIe target:                                               /dev/et0_ops        
DRAM base:                                                 549848092672         (0x8005801000)
DRAM size (B):                                             34265366528          (0x7fa600000)
DRAM alignment (bits):                                     64                  
MM SQ count:                                               2                    (0x2)
MM VQ Maximum message size (B):                            1056                 (0x420)
P2P compatibility bitmap:                                  0                    (0x0)
PCIBUS device name:                                        0000:02:00.0        
Physical device ID:                                        0                    (0x0)
Form Factor:                                               PCIE                 (0x0)
TDP (W):                                                   65                  
Minion boot frequency (MHz):                               600                 
L3 size (KB):                                              32768                (0x8000)
L2 size (KB):                                              16384                (0x4000)
Scratch pad size (KB):                                     81920                (0x14000)
Cache line size (B):                                       64                   (0x40)
Number of L2 Banks:                                        4                   
DDR Bandwidth (MB/s):                                      128000              
Spare shire ID:                                            32                  
Architecture revision:                                     ETSOC1               (0x0)
CM active shire mask:                                      4294967295           (0xffffffff)
Scratchpad base address in format 0:                       2147483648           (0x80000000)
Scratchpad base address in format 1:                       3221225472           (0xc0000000)
Scratchpad base address in format 2:                       18446744073709551615 (0xffffffffffffffff)
Local DDR base address:                                    549848092672         (0x8005801000)
Chiplet DDR base address:                                  549848092672         (0x8005801000)
Interleaved DDR base address:                              18446744073709551615 (0xffffffffffffffff)
Single chiplet DDR size:                                   34265366528         
Address alignment bits:                                    64                  
First shire bit in scratchpad address in format 0:         23                  
Number of shire bits in scratchpad address in format 0:    7                   
Local shire encoding in scratchpad address in format 0:    127                 
First shire bit in scratchpad address in format 1:         6                   
Number of shire bits in scratchpad address in format 1:    5                   
First shire bit in scratchpad address in format 2:         255                 
Number of shire bits in scratchpad address in format 2:    255                 
First chiplet bit in scratchpad address in format 2:       255                 
Number of chiplet bits in scratchpad address in format 2:  255                 
First chiplet bit in chiplet DDR address:                  255                 
Number of chiplet bits in chiplet DDR address:             255                 
First chiplet bit in interleaved chiplet DDR address:      255                 
Number of chiplet bits in interleaved chiplet DDR address: 255                 

device ready in 0.18 s
device held for 0.52 s
LOGGER NOT INITIALIZED:
		ET [DEVICE_LAYER][TH:139530204733056]: 
PCIe target:                                               /dev/et0_ops        
DRAM base:                                                 549848092672         (0x8005801000)
DRAM size (B):                                             34265366528          (0x7fa600000)
DRAM alignment (bits):                                     64                  
MM SQ count:                                               2                    (0x2)
MM VQ Maximum message size (B):                            1056                 (0x420)
P2P compatibility bitmap:                                  0                    (0x0)
PCIBUS device name:                                        0000:02:00.0        
Physical device ID:                                        0                    (0x0)
Form Factor:                                               PCIE                 (0x0)
TDP (W):                                                   65                  
Minion boot frequency (MHz):                               600                 
L3 size (KB):                                              32768                (0x8000)
L2 size (KB):                                              16384                (0x4000)
Scratch pad size (KB):                                     81920                (0x14000)
Cache line size (B):                                       64                   (0x40)
Number of L2 Banks:                                        4                   
DDR Bandwidth (MB/s):                                      128000              
Spare shire ID:                                            32                  
Architecture revision:                                     ETSOC1               (0x0)
CM active shire mask:                                      4294967295           (0xffffffff)
Scratchpad base address in format 0:                       2147483648           (0x80000000)
Scratchpad base address in format 1:                       3221225472           (0xc0000000)
Scratchpad base address in format 2:                       18446744073709551615 (0xffffffffffffffff)
Local DDR base address:                                    549848092672         (0x8005801000)
Chiplet DDR base address:                                  549848092672         (0x8005801000)
Interleaved DDR base address:                              18446744073709551615 (0xffffffffffffffff)
Single chiplet DDR size:                                   34265366528         
Address alignment bits:                                    64                  
First shire bit in scratchpad address in format 0:         23                  
Number of shire bits in scratchpad address in format 0:    7                   
Local shire encoding in scratchpad address in format 0:    127                 
First shire bit in scratchpad address in format 1:         6                   
Number of shire bits in scratchpad address in format 1:    5                   
First shire bit in scratchpad address in format 2:         255                 
Number of shire bits in scratchpad address in format 2:    255                 
First chiplet bit in scratchpad address in format 2:       255                 
Number of chiplet bits in scratchpad address in format 2:  255                 
First chiplet bit in chiplet DDR address:                  255                 
Number of chiplet bits in chiplet DDR address:             255                 
First chiplet bit in interleaved chiplet DDR address:      255                 
Number of chiplet bits in interleaved chiplet DDR address: 255                 

device ready in 0.18 s
device held for 3.39 s
LOGGER NOT INITIALIZED:
		ET [DEVICE_LAYER][TH:130876153900672]: 
PCIe target:                                               /dev/et0_ops        
DRAM base:                                                 549848092672         (0x8005801000)
DRAM size (B):                                             34265366528          (0x7fa600000)
DRAM alignment (bits):                                     64                  
MM SQ count:                                               2                    (0x2)
MM VQ Maximum message size (B):                            1056                 (0x420)
P2P compatibility bitmap:                                  0                    (0x0)
PCIBUS device name:                                        0000:02:00.0        
Physical device ID:                                        0                    (0x0)
Form Factor:                                               PCIE                 (0x0)
TDP (W):                                                   65                  
Minion boot frequency (MHz):                               600                 
L3 size (KB):                                              32768                (0x8000)
L2 size (KB):                                              16384                (0x4000)
Scratch pad size (KB):                                     81920                (0x14000)
Cache line size (B):                                       64                   (0x40)
Number of L2 Banks:                                        4                   
DDR Bandwidth (MB/s):                                      128000              
Spare shire ID:                                            32                  
Architecture revision:                                     ETSOC1               (0x0)
CM active shire mask:                                      4294967295           (0xffffffff)
Scratchpad base address in format 0:                       2147483648           (0x80000000)
Scratchpad base address in format 1:                       3221225472           (0xc0000000)
Scratchpad base address in format 2:                       18446744073709551615 (0xffffffffffffffff)
Local DDR base address:                                    549848092672         (0x8005801000)
Chiplet DDR base address:                                  549848092672         (0x8005801000)
Interleaved DDR base address:                              18446744073709551615 (0xffffffffffffffff)
Single chiplet DDR size:                                   34265366528         
Address alignment bits:                                    64                  
First shire bit in scratchpad address in format 0:         23                  
Number of shire bits in scratchpad address in format 0:    7                   
Local shire encoding in scratchpad address in format 0:    127                 
First shire bit in scratchpad address in format 1:         6                   
Number of shire bits in scratchpad address in format 1:    5                   
First shire bit in scratchpad address in format 2:         255                 
Number of shire bits in scratchpad address in format 2:    255                 
First chiplet bit in scratchpad address in format 2:       255                 
Number of chiplet bits in scratchpad address in format 2:  255                 
First chiplet bit in chiplet DDR address:                  255                 
Number of chiplet bits in chiplet DDR address:             255                 
First chiplet bit in interleaved chiplet DDR address:      255                 
Number of chiplet bits in interleaved chiplet DDR address: 255                 

device ready in 0.18 s
device held for 0.52 s
LOGGER NOT INITIALIZED:
		ET [DEVICE_LAYER][TH:133862764748416]: 
PCIe target:                                               /dev/et0_ops        
DRAM base:                                                 549848092672         (0x8005801000)
DRAM size (B):                                             34265366528          (0x7fa600000)
DRAM alignment (bits):                                     64                  
MM SQ count:                                               2                    (0x2)
MM VQ Maximum message size (B):                            1056                 (0x420)
P2P compatibility bitmap:                                  0                    (0x0)
PCIBUS device name:                                        0000:02:00.0        
Physical device ID:                                        0                    (0x0)
Form Factor:                                               PCIE                 (0x0)
TDP (W):                                                   65                  
Minion boot frequency (MHz):                               600                 
L3 size (KB):                                              32768                (0x8000)
L2 size (KB):                                              16384                (0x4000)
Scratch pad size (KB):                                     81920                (0x14000)
Cache line size (B):                                       64                   (0x40)
Number of L2 Banks:                                        4                   
DDR Bandwidth (MB/s):                                      128000              
Spare shire ID:                                            32                  
Architecture revision:                                     ETSOC1               (0x0)
CM active shire mask:                                      4294967295           (0xffffffff)
Scratchpad base address in format 0:                       2147483648           (0x80000000)
Scratchpad base address in format 1:                       3221225472           (0xc0000000)
Scratchpad base address in format 2:                       18446744073709551615 (0xffffffffffffffff)
Local DDR base address:                                    549848092672         (0x8005801000)
Chiplet DDR base address:                                  549848092672         (0x8005801000)
Interleaved DDR base address:                              18446744073709551615 (0xffffffffffffffff)
Single chiplet DDR size:                                   34265366528         
Address alignment bits:                                    64                  
First shire bit in scratchpad address in format 0:         23                  
Number of shire bits in scratchpad address in format 0:    7                   
Local shire encoding in scratchpad address in format 0:    127                 
First shire bit in scratchpad address in format 1:         6                   
Number of shire bits in scratchpad address in format 1:    5                   
First shire bit in scratchpad address in format 2:         255                 
Number of shire bits in scratchpad address in format 2:    255                 
First chiplet bit in scratchpad address in format 2:       255                 
Number of chiplet bits in scratchpad address in format 2:  255                 
First chiplet bit in chiplet DDR address:                  255                 
Number of chiplet bits in chiplet DDR address:             255                 
First chiplet bit in interleaved chiplet DDR address:      255                 
Number of chiplet bits in interleaved chiplet DDR address: 255                 

device ready in 0.18 s
device held for 3.39 s
LOGGER NOT INITIALIZED:
		ET [DEVICE_LAYER][TH:126171895869056]: 
PCIe target:                                               /dev/et0_ops        
DRAM base:                                                 549848092672         (0x8005801000)
DRAM size (B):                                             34265366528          (0x7fa600000)
DRAM alignment (bits):                                     64                  
MM SQ count:                                               2                    (0x2)
MM VQ Maximum message size (B):                            1056                 (0x420)
P2P compatibility bitmap:                                  0                    (0x0)
PCIBUS device name:                                        0000:02:00.0        
Physical device ID:                                        0                    (0x0)
Form Factor:                                               PCIE                 (0x0)
TDP (W):                                                   65                  
Minion boot frequency (MHz):                               600                 
L3 size (KB):                                              32768                (0x8000)
L2 size (KB):                                              16384                (0x4000)
Scratch pad size (KB):                                     81920                (0x14000)
Cache line size (B):                                       64                   (0x40)
Number of L2 Banks:                                        4                   
DDR Bandwidth (MB/s):                                      128000              
Spare shire ID:                                            32                  
Architecture revision:                                     ETSOC1               (0x0)
CM active shire mask:                                      4294967295           (0xffffffff)
Scratchpad base address in format 0:                       2147483648           (0x80000000)
Scratchpad base address in format 1:                       3221225472           (0xc0000000)
Scratchpad base address in format 2:                       18446744073709551615 (0xffffffffffffffff)
Local DDR base address:                                    549848092672         (0x8005801000)
Chiplet DDR base address:                                  549848092672         (0x8005801000)
Interleaved DDR base address:                              18446744073709551615 (0xffffffffffffffff)
Single chiplet DDR size:                                   34265366528         
Address alignment bits:                                    64                  
First shire bit in scratchpad address in format 0:         23                  
Number of shire bits in scratchpad address in format 0:    7                   
Local shire encoding in scratchpad address in format 0:    127                 
First shire bit in scratchpad address in format 1:         6                   
Number of shire bits in scratchpad address in format 1:    5                   
First shire bit in scratchpad address in format 2:         255                 
Number of shire bits in scratchpad address in format 2:    255                 
First chiplet bit in scratchpad address in format 2:       255                 
Number of chiplet bits in scratchpad address in format 2:  255                 
First chiplet bit in chiplet DDR address:                  255                 
Number of chiplet bits in chiplet DDR address:             255                 
First chiplet bit in interleaved chiplet DDR address:      255                 
Number of chiplet bits in interleaved chiplet DDR address: 255                 

device ready in 0.18 s
device held for 0.52 s
LOGGER NOT INITIALIZED:
		ET [DEVICE_LAYER][TH:125514248228480]: 
PCIe target:                                               /dev/et0_ops        
DRAM base:                                                 549848092672         (0x8005801000)
DRAM size (B):                                             34265366528          (0x7fa600000)
DRAM alignment (bits):                                     64                  
MM SQ count:                                               2                    (0x2)
MM VQ Maximum message size (B):                            1056                 (0x420)
P2P compatibility bitmap:                                  0                    (0x0)
PCIBUS device name:                                        0000:02:00.0        
Physical device ID:                                        0                    (0x0)
Form Factor:                                               PCIE                 (0x0)
TDP (W):                                                   65                  
Minion boot frequency (MHz):                               600                 
L3 size (KB):                                              32768                (0x8000)
L2 size (KB):                                              16384                (0x4000)
Scratch pad size (KB):                                     81920                (0x14000)
Cache line size (B):                                       64                   (0x40)
Number of L2 Banks:                                        4                   
DDR Bandwidth (MB/s):                                      128000              
Spare shire ID:                                            32                  
Architecture revision:                                     ETSOC1               (0x0)
CM active shire mask:                                      4294967295           (0xffffffff)
Scratchpad base address in format 0:                       2147483648           (0x80000000)
Scratchpad base address in format 1:                       3221225472           (0xc0000000)
Scratchpad base address in format 2:                       18446744073709551615 (0xffffffffffffffff)
Local DDR base address:                                    549848092672         (0x8005801000)
Chiplet DDR base address:                                  549848092672         (0x8005801000)
Interleaved DDR base address:                              18446744073709551615 (0xffffffffffffffff)
Single chiplet DDR size:                                   34265366528         
Address alignment bits:                                    64                  
First shire bit in scratchpad address in format 0:         23                  
Number of shire bits in scratchpad address in format 0:    7                   
Local shire encoding in scratchpad address in format 0:    127                 
First shire bit in scratchpad address in format 1:         6                   
Number of shire bits in scratchpad address in format 1:    5                   
First shire bit in scratchpad address in format 2:         255                 
Number of shire bits in scratchpad address in format 2:    255                 
First chiplet bit in scratchpad address in format 2:       255                 
Number of chiplet bits in scratchpad address in format 2:  255                 
First chiplet bit in chiplet DDR address:                  255                 
Number of chiplet bits in chiplet DDR address:             255                 
First chiplet bit in interleaved chiplet DDR address:      255                 
Number of chiplet bits in interleaved chiplet DDR address: 255                 

device ready in 0.18 s
device held for 3.47 s
LOGGER NOT INITIALIZED:
		ET [DEVICE_LAYER][TH:138021579345536]: 
PCIe target:                                               /dev/et0_ops        
DRAM base:                                                 549848092672         (0x8005801000)
DRAM size (B):                                             34265366528          (0x7fa600000)
DRAM alignment (bits):                                     64                  
MM SQ count:                                               2                    (0x2)
MM VQ Maximum message size (B):                            1056                 (0x420)
P2P compatibility bitmap:                                  0                    (0x0)
PCIBUS device name:                                        0000:02:00.0        
Physical device ID:                                        0                    (0x0)
Form Factor:                                               PCIE                 (0x0)
TDP (W):                                                   65                  
Minion boot frequency (MHz):                               600                 
L3 size (KB):                                              32768                (0x8000)
L2 size (KB):                                              16384                (0x4000)
Scratch pad size (KB):                                     81920                (0x14000)
Cache line size (B):                                       64                   (0x40)
Number of L2 Banks:                                        4                   
DDR Bandwidth (MB/s):                                      128000              
Spare shire ID:                                            32                  
Architecture revision:                                     ETSOC1               (0x0)
CM active shire mask:                                      4294967295           (0xffffffff)
Scratchpad base address in format 0:                       2147483648           (0x80000000)
Scratchpad base address in format 1:                       3221225472           (0xc0000000)
Scratchpad base address in format 2:                       18446744073709551615 (0xffffffffffffffff)
Local DDR base address:                                    549848092672         (0x8005801000)
Chiplet DDR base address:                                  549848092672         (0x8005801000)
Interleaved DDR base address:                              18446744073709551615 (0xffffffffffffffff)
Single chiplet DDR size:                                   34265366528         
Address alignment bits:                                    64                  
First shire bit in scratchpad address in format 0:         23                  
Number of shire bits in scratchpad address in format 0:    7                   
Local shire encoding in scratchpad address in format 0:    127                 
First shire bit in scratchpad address in format 1:         6                   
Number of shire bits in scratchpad address in format 1:    5                   
First shire bit in scratchpad address in format 2:         255                 
Number of shire bits in scratchpad address in format 2:    255                 
First chiplet bit in scratchpad address in format 2:       255                 
Number of chiplet bits in scratchpad address in format 2:  255                 
First chiplet bit in chiplet DDR address:                  255                 
Number of chiplet bits in chiplet DDR address:             255                 
First chiplet bit in interleaved chiplet DDR address:      255                 
Number of chiplet bits in interleaved chiplet DDR address: 255                 

device ready in 0.18 s
device held for 0.55 s
LOGGER NOT INITIALIZED:
		ET [DEVICE_LAYER][TH:138578893672064]: 
PCIe target:                                               /dev/et0_ops        
DRAM base:                                                 549848092672         (0x8005801000)
DRAM size (B):                                             34265366528          (0x7fa600000)
DRAM alignment (bits):                                     64                  
MM SQ count:                                               2                    (0x2)
MM VQ Maximum message size (B):                            1056                 (0x420)
P2P compatibility bitmap:                                  0                    (0x0)
PCIBUS device name:                                        0000:02:00.0        
Physical device ID:                                        0                    (0x0)
Form Factor:                                               PCIE                 (0x0)
TDP (W):                                                   65                  
Minion boot frequency (MHz):                               600                 
L3 size (KB):                                              32768                (0x8000)
L2 size (KB):                                              16384                (0x4000)
Scratch pad size (KB):                                     81920                (0x14000)
Cache line size (B):                                       64                   (0x40)
Number of L2 Banks:                                        4                   
DDR Bandwidth (MB/s):                                      128000              
Spare shire ID:                                            32                  
Architecture revision:                                     ETSOC1               (0x0)
CM active shire mask:                                      4294967295           (0xffffffff)
Scratchpad base address in format 0:                       2147483648           (0x80000000)
Scratchpad base address in format 1:                       3221225472           (0xc0000000)
Scratchpad base address in format 2:                       18446744073709551615 (0xffffffffffffffff)
Local DDR base address:                                    549848092672         (0x8005801000)
Chiplet DDR base address:                                  549848092672         (0x8005801000)
Interleaved DDR base address:                              18446744073709551615 (0xffffffffffffffff)
Single chiplet DDR size:                                   34265366528         
Address alignment bits:                                    64                  
First shire bit in scratchpad address in format 0:         23                  
Number of shire bits in scratchpad address in format 0:    7                   
Local shire encoding in scratchpad address in format 0:    127                 
First shire bit in scratchpad address in format 1:         6                   
Number of shire bits in scratchpad address in format 1:    5                   
First shire bit in scratchpad address in format 2:         255                 
Number of shire bits in scratchpad address in format 2:    255                 
First chiplet bit in scratchpad address in format 2:       255                 
Number of chiplet bits in scratchpad address in format 2:  255                 
First chiplet bit in chiplet DDR address:                  255                 
Number of chiplet bits in chiplet DDR address:             255                 
First chiplet bit in interleaved chiplet DDR address:      255                 
Number of chiplet bits in interleaved chiplet DDR address: 255                 

device ready in 0.18 s
device held for 3.47 s
LOGGER NOT INITIALIZED:
		ET [DEVICE_LAYER][TH:130581428698752]: 
PCIe target:                                               /dev/et0_ops        
DRAM base:                                                 549848092672         (0x8005801000)
DRAM size (B):                                             34265366528          (0x7fa600000)
DRAM alignment (bits):                                     64                  
MM SQ count:                                               2                    (0x2)
MM VQ Maximum message size (B):                            1056                 (0x420)
P2P compatibility bitmap:                                  0                    (0x0)
PCIBUS device name:                                        0000:02:00.0        
Physical device ID:                                        0                    (0x0)
Form Factor:                                               PCIE                 (0x0)
TDP (W):                                                   65                  
Minion boot frequency (MHz):                               600                 
L3 size (KB):                                              32768                (0x8000)
L2 size (KB):                                              16384                (0x4000)
Scratch pad size (KB):                                     81920                (0x14000)
Cache line size (B):                                       64                   (0x40)
Number of L2 Banks:                                        4                   
DDR Bandwidth (MB/s):                                      128000              
Spare shire ID:                                            32                  
Architecture revision:                                     ETSOC1               (0x0)
CM active shire mask:                                      4294967295           (0xffffffff)
Scratchpad base address in format 0:                       2147483648           (0x80000000)
Scratchpad base address in format 1:                       3221225472           (0xc0000000)
Scratchpad base address in format 2:                       18446744073709551615 (0xffffffffffffffff)
Local DDR base address:                                    549848092672         (0x8005801000)
Chiplet DDR base address:                                  549848092672         (0x8005801000)
Interleaved DDR base address:                              18446744073709551615 (0xffffffffffffffff)
Single chiplet DDR size:                                   34265366528         
Address alignment bits:                                    64                  
First shire bit in scratchpad address in format 0:         23                  
Number of shire bits in scratchpad address in format 0:    7                   
Local shire encoding in scratchpad address in format 0:    127                 
First shire bit in scratchpad address in format 1:         6                   
Number of shire bits in scratchpad address in format 1:    5                   
First shire bit in scratchpad address in format 2:         255                 
Number of shire bits in scratchpad address in format 2:    255                 
First chiplet bit in scratchpad address in format 2:       255                 
Number of chiplet bits in scratchpad address in format 2:  255                 
First chiplet bit in chiplet DDR address:                  255                 
Number of chiplet bits in chiplet DDR address:             255                 
First chiplet bit in interleaved chiplet DDR address:      255                 
Number of chiplet bits in interleaved chiplet DDR address: 255                 

device ready in 0.18 s
device held for 0.52 s
LOGGER NOT INITIALIZED:
		ET [DEVICE_LAYER][TH:125684614086272]: 
PCIe target:                                               /dev/et0_ops        
DRAM base:                                                 549848092672         (0x8005801000)
DRAM size (B):                                             34265366528          (0x7fa600000)
DRAM alignment (bits):                                     64                  
MM SQ count:                                               2                    (0x2)
MM VQ Maximum message size (B):                            1056                 (0x420)
P2P compatibility bitmap:                                  0                    (0x0)
PCIBUS device name:                                        0000:02:00.0        
Physical device ID:                                        0                    (0x0)
Form Factor:                                               PCIE                 (0x0)
TDP (W):                                                   65                  
Minion boot frequency (MHz):                               600                 
L3 size (KB):                                              32768                (0x8000)
L2 size (KB):                                              16384                (0x4000)
Scratch pad size (KB):                                     81920                (0x14000)
Cache line size (B):                                       64                   (0x40)
Number of L2 Banks:                                        4                   
DDR Bandwidth (MB/s):                                      128000              
Spare shire ID:                                            32                  
Architecture revision:                                     ETSOC1               (0x0)
CM active shire mask:                                      4294967295           (0xffffffff)
Scratchpad base address in format 0:                       2147483648           (0x80000000)
Scratchpad base address in format 1:                       3221225472           (0xc0000000)
Scratchpad base address in format 2:                       18446744073709551615 (0xffffffffffffffff)
Local DDR base address:                                    549848092672         (0x8005801000)
Chiplet DDR base address:                                  549848092672         (0x8005801000)
Interleaved DDR base address:                              18446744073709551615 (0xffffffffffffffff)
Single chiplet DDR size:                                   34265366528         
Address alignment bits:                                    64                  
First shire bit in scratchpad address in format 0:         23                  
Number of shire bits in scratchpad address in format 0:    7                   
Local shire encoding in scratchpad address in format 0:    127                 
First shire bit in scratchpad address in format 1:         6                   
Number of shire bits in scratchpad address in format 1:    5                   
First shire bit in scratchpad address in format 2:         255                 
Number of shire bits in scratchpad address in format 2:    255                 
First chiplet bit in scratchpad address in format 2:       255                 
Number of chiplet bits in scratchpad address in format 2:  255                 
First chiplet bit in chiplet DDR address:                  255                 
Number of chiplet bits in chiplet DDR address:             255                 
First chiplet bit in interleaved chiplet DDR address:      255                 
Number of chiplet bits in interleaved chiplet DDR address: 255                 

device ready in 0.18 s
device held for 3.39 s
LOGGER NOT INITIALIZED:
		ET [DEVICE_LAYER][TH:139314651246208]: 
PCIe target:                                               /dev/et0_ops        
DRAM base:                                                 549848092672         (0x8005801000)
DRAM size (B):                                             34265366528          (0x7fa600000)
DRAM alignment (bits):                                     64                  
MM SQ count:                                               2                    (0x2)
MM VQ Maximum message size (B):                            1056                 (0x420)
P2P compatibility bitmap:                                  0                    (0x0)
PCIBUS device name:                                        0000:02:00.0        
Physical device ID:                                        0                    (0x0)
Form Factor:                                               PCIE                 (0x0)
TDP (W):                                                   65                  
Minion boot frequency (MHz):                               600                 
L3 size (KB):                                              32768                (0x8000)
L2 size (KB):                                              16384                (0x4000)
Scratch pad size (KB):                                     81920                (0x14000)
Cache line size (B):                                       64                   (0x40)
Number of L2 Banks:                                        4                   
DDR Bandwidth (MB/s):                                      128000              
Spare shire ID:                                            32                  
Architecture revision:                                     ETSOC1               (0x0)
CM active shire mask:                                      4294967295           (0xffffffff)
Scratchpad base address in format 0:                       2147483648           (0x80000000)
Scratchpad base address in format 1:                       3221225472           (0xc0000000)
Scratchpad base address in format 2:                       18446744073709551615 (0xffffffffffffffff)
Local DDR base address:                                    549848092672         (0x8005801000)
Chiplet DDR base address:                                  549848092672         (0x8005801000)
Interleaved DDR base address:                              18446744073709551615 (0xffffffffffffffff)
Single chiplet DDR size:                                   34265366528         
Address alignment bits:                                    64                  
First shire bit in scratchpad address in format 0:         23                  
Number of shire bits in scratchpad address in format 0:    7                   
Local shire encoding in scratchpad address in format 0:    127                 
First shire bit in scratchpad address in format 1:         6                   
Number of shire bits in scratchpad address in format 1:    5                   
First shire bit in scratchpad address in format 2:         255                 
Number of shire bits in scratchpad address in format 2:    255                 
First chiplet bit in scratchpad address in format 2:       255                 
Number of chiplet bits in scratchpad address in format 2:  255                 
First chiplet bit in chiplet DDR address:                  255                 
Number of chiplet bits in chiplet DDR address:             255                 
First chiplet bit in interleaved chiplet DDR address:      255                 
Number of chiplet bits in interleaved chiplet DDR address: 255                 

device ready in 0.18 s
device held for 0.55 s
LOGGER NOT INITIALIZED:
		ET [DEVICE_LAYER][TH:134535599091328]: 
PCIe target:                                               /dev/et0_ops        
DRAM base:                                                 549848092672         (0x8005801000)
DRAM size (B):                                             34265366528          (0x7fa600000)
DRAM alignment (bits):                                     64                  
MM SQ count:                                               2                    (0x2)
MM VQ Maximum message size (B):                            1056                 (0x420)
P2P compatibility bitmap:                                  0                    (0x0)
PCIBUS device name:                                        0000:02:00.0        
Physical device ID:                                        0                    (0x0)
Form Factor:                                               PCIE                 (0x0)
TDP (W):                                                   65                  
Minion boot frequency (MHz):                               600                 
L3 size (KB):                                              32768                (0x8000)
L2 size (KB):                                              16384                (0x4000)
Scratch pad size (KB):                                     81920                (0x14000)
Cache line size (B):                                       64                   (0x40)
Number of L2 Banks:                                        4                   
DDR Bandwidth (MB/s):                                      128000              
Spare shire ID:                                            32                  
Architecture revision:                                     ETSOC1               (0x0)
CM active shire mask:                                      4294967295           (0xffffffff)
Scratchpad base address in format 0:                       2147483648           (0x80000000)
Scratchpad base address in format 1:                       3221225472           (0xc0000000)
Scratchpad base address in format 2:                       18446744073709551615 (0xffffffffffffffff)
Local DDR base address:                                    549848092672         (0x8005801000)
Chiplet DDR base address:                                  549848092672         (0x8005801000)
Interleaved DDR base address:                              18446744073709551615 (0xffffffffffffffff)
Single chiplet DDR size:                                   34265366528         
Address alignment bits:                                    64                  
First shire bit in scratchpad address in format 0:         23                  
Number of shire bits in scratchpad address in format 0:    7                   
Local shire encoding in scratchpad address in format 0:    127                 
First shire bit in scratchpad address in format 1:         6                   
Number of shire bits in scratchpad address in format 1:    5                   
First shire bit in scratchpad address in format 2:         255                 
Number of shire bits in scratchpad address in format 2:    255                 
First chiplet bit in scratchpad address in format 2:       255                 
Number of chiplet bits in scratchpad address in format 2:  255                 
First chiplet bit in chiplet DDR address:                  255                 
Number of chiplet bits in chiplet DDR address:             255                 
First chiplet bit in interleaved chiplet DDR address:      255                 
Number of chiplet bits in interleaved chiplet DDR address: 255                 

device ready in 0.18 s
device held for 3.47 s
LOGGER NOT INITIALIZED:
		ET [DEVICE_LAYER][TH:123687806754432]: 
PCIe target:                                               /dev/et0_ops        
DRAM base:                                                 549848092672         (0x8005801000)
DRAM size (B):                                             34265366528          (0x7fa600000)
DRAM alignment (bits):                                     64                  
MM SQ count:                                               2                    (0x2)
MM VQ Maximum message size (B):                            1056                 (0x420)
P2P compatibility bitmap:                                  0                    (0x0)
PCIBUS device name:                                        0000:02:00.0        
Physical device ID:                                        0                    (0x0)
Form Factor:                                               PCIE                 (0x0)
TDP (W):                                                   65                  
Minion boot frequency (MHz):                               600                 
L3 size (KB):                                              32768                (0x8000)
L2 size (KB):                                              16384                (0x4000)
Scratch pad size (KB):                                     81920                (0x14000)
Cache line size (B):                                       64                   (0x40)
Number of L2 Banks:                                        4                   
DDR Bandwidth (MB/s):                                      128000              
Spare shire ID:                                            32                  
Architecture revision:                                     ETSOC1               (0x0)
CM active shire mask:                                      4294967295           (0xffffffff)
Scratchpad base address in format 0:                       2147483648           (0x80000000)
Scratchpad base address in format 1:                       3221225472           (0xc0000000)
Scratchpad base address in format 2:                       18446744073709551615 (0xffffffffffffffff)
Local DDR base address:                                    549848092672         (0x8005801000)
Chiplet DDR base address:                                  549848092672         (0x8005801000)
Interleaved DDR base address:                              18446744073709551615 (0xffffffffffffffff)
Single chiplet DDR size:                                   34265366528         
Address alignment bits:                                    64                  
First shire bit in scratchpad address in format 0:         23                  
Number of shire bits in scratchpad address in format 0:    7                   
Local shire encoding in scratchpad address in format 0:    127                 
First shire bit in scratchpad address in format 1:         6                   
Number of shire bits in scratchpad address in format 1:    5                   
First shire bit in scratchpad address in format 2:         255                 
Number of shire bits in scratchpad address in format 2:    255                 
First chiplet bit in scratchpad address in format 2:       255                 
Number of chiplet bits in scratchpad address in format 2:  255                 
First chiplet bit in chiplet DDR address:                  255                 
Number of chiplet bits in chiplet DDR address:             255                 
First chiplet bit in interleaved chiplet DDR address:      255                 
Number of chiplet bits in interleaved chiplet DDR address: 255                 

device ready in 0.18 s
device held for 0.56 s
LOGGER NOT INITIALIZED:
		ET [DEVICE_LAYER][TH:132387399331456]: 
PCIe target:                                               /dev/et0_ops        
DRAM base:                                                 549848092672         (0x8005801000)
DRAM size (B):                                             34265366528          (0x7fa600000)
DRAM alignment (bits):                                     64                  
MM SQ count:                                               2                    (0x2)
MM VQ Maximum message size (B):                            1056                 (0x420)
P2P compatibility bitmap:                                  0                    (0x0)
PCIBUS device name:                                        0000:02:00.0        
Physical device ID:                                        0                    (0x0)
Form Factor:                                               PCIE                 (0x0)
TDP (W):                                                   65                  
Minion boot frequency (MHz):                               600                 
L3 size (KB):                                              32768                (0x8000)
L2 size (KB):                                              16384                (0x4000)
Scratch pad size (KB):                                     81920                (0x14000)
Cache line size (B):                                       64                   (0x40)
Number of L2 Banks:                                        4                   
DDR Bandwidth (MB/s):                                      128000              
Spare shire ID:                                            32                  
Architecture revision:                                     ETSOC1               (0x0)
CM active shire mask:                                      4294967295           (0xffffffff)
Scratchpad base address in format 0:                       2147483648           (0x80000000)
Scratchpad base address in format 1:                       3221225472           (0xc0000000)
Scratchpad base address in format 2:                       18446744073709551615 (0xffffffffffffffff)
Local DDR base address:                                    549848092672         (0x8005801000)
Chiplet DDR base address:                                  549848092672         (0x8005801000)
Interleaved DDR base address:                              18446744073709551615 (0xffffffffffffffff)
Single chiplet DDR size:                                   34265366528         
Address alignment bits:                                    64                  
First shire bit in scratchpad address in format 0:         23                  
Number of shire bits in scratchpad address in format 0:    7                   
Local shire encoding in scratchpad address in format 0:    127                 
First shire bit in scratchpad address in format 1:         6                   
Number of shire bits in scratchpad address in format 1:    5                   
First shire bit in scratchpad address in format 2:         255                 
Number of shire bits in scratchpad address in format 2:    255                 
First chiplet bit in scratchpad address in format 2:       255                 
Number of chiplet bits in scratchpad address in format 2:  255                 
First chiplet bit in chiplet DDR address:                  255                 
Number of chiplet bits in chiplet DDR address:             255                 
First chiplet bit in interleaved chiplet DDR address:      255                 
Number of chiplet bits in interleaved chiplet DDR address: 255                 

device ready in 0.18 s
device held for 3.39 s
LOGGER NOT INITIALIZED:
		ET [DEVICE_LAYER][TH:127423487549056]: 
PCIe target:                                               /dev/et0_ops        
DRAM base:                                                 549848092672         (0x8005801000)
DRAM size (B):                                             34265366528          (0x7fa600000)
DRAM alignment (bits):                                     64                  
MM SQ count:                                               2                    (0x2)
MM VQ Maximum message size (B):                            1056                 (0x420)
P2P compatibility bitmap:                                  0                    (0x0)
PCIBUS device name:                                        0000:02:00.0        
Physical device ID:                                        0                    (0x0)
Form Factor:                                               PCIE                 (0x0)
TDP (W):                                                   65                  
Minion boot frequency (MHz):                               600                 
L3 size (KB):                                              32768                (0x8000)
L2 size (KB):                                              16384                (0x4000)
Scratch pad size (KB):                                     81920                (0x14000)
Cache line size (B):                                       64                   (0x40)
Number of L2 Banks:                                        4                   
DDR Bandwidth (MB/s):                                      128000              
Spare shire ID:                                            32                  
Architecture revision:                                     ETSOC1               (0x0)
CM active shire mask:                                      4294967295           (0xffffffff)
Scratchpad base address in format 0:                       2147483648           (0x80000000)
Scratchpad base address in format 1:                       3221225472           (0xc0000000)
Scratchpad base address in format 2:                       18446744073709551615 (0xffffffffffffffff)
Local DDR base address:                                    549848092672         (0x8005801000)
Chiplet DDR base address:                                  549848092672         (0x8005801000)
Interleaved DDR base address:                              18446744073709551615 (0xffffffffffffffff)
Single chiplet DDR size:                                   34265366528         
Address alignment bits:                                    64                  
First shire bit in scratchpad address in format 0:         23                  
Number of shire bits in scratchpad address in format 0:    7                   
Local shire encoding in scratchpad address in format 0:    127                 
First shire bit in scratchpad address in format 1:         6                   
Number of shire bits in scratchpad address in format 1:    5                   
First shire bit in scratchpad address in format 2:         255                 
Number of shire bits in scratchpad address in format 2:    255                 
First chiplet bit in scratchpad address in format 2:       255                 
Number of chiplet bits in scratchpad address in format 2:  255                 
First chiplet bit in chiplet DDR address:                  255                 
Number of chiplet bits in chiplet DDR address:             255                 
First chiplet bit in interleaved chiplet DDR address:      255                 
Number of chiplet bits in interleaved chiplet DDR address: 255                 

device ready in 0.18 s
device held for 0.52 s
LOGGER NOT INITIALIZED:
		ET [DEVICE_LAYER][TH:135983723581056]: 
PCIe target:                                               /dev/et0_ops        
DRAM base:                                                 549848092672         (0x8005801000)
DRAM size (B):                                             34265366528          (0x7fa600000)
DRAM alignment (bits):                                     64                  
MM SQ count:                                               2                    (0x2)
MM VQ Maximum message size (B):                            1056                 (0x420)
P2P compatibility bitmap:                                  0                    (0x0)
PCIBUS device name:                                        0000:02:00.0        
Physical device ID:                                        0                    (0x0)
Form Factor:                                               PCIE                 (0x0)
TDP (W):                                                   65                  
Minion boot frequency (MHz):                               600                 
L3 size (KB):                                              32768                (0x8000)
L2 size (KB):                                              16384                (0x4000)
Scratch pad size (KB):                                     81920                (0x14000)
Cache line size (B):                                       64                   (0x40)
Number of L2 Banks:                                        4                   
DDR Bandwidth (MB/s):                                      128000              
Spare shire ID:                                            32                  
Architecture revision:                                     ETSOC1               (0x0)
CM active shire mask:                                      4294967295           (0xffffffff)
Scratchpad base address in format 0:                       2147483648           (0x80000000)
Scratchpad base address in format 1:                       3221225472           (0xc0000000)
Scratchpad base address in format 2:                       18446744073709551615 (0xffffffffffffffff)
Local DDR base address:                                    549848092672         (0x8005801000)
Chiplet DDR base address:                                  549848092672         (0x8005801000)
Interleaved DDR base address:                              18446744073709551615 (0xffffffffffffffff)
Single chiplet DDR size:                                   34265366528         
Address alignment bits:                                    64                  
First shire bit in scratchpad address in format 0:         23                  
Number of shire bits in scratchpad address in format 0:    7                   
Local shire encoding in scratchpad address in format 0:    127                 
First shire bit in scratchpad address in format 1:         6                   
Number of shire bits in scratchpad address in format 1:    5                   
First shire bit in scratchpad address in format 2:         255                 
Number of shire bits in scratchpad address in format 2:    255                 
First chiplet bit in scratchpad address in format 2:       255                 
Number of chiplet bits in scratchpad address in format 2:  255                 
First chiplet bit in chiplet DDR address:                  255                 
Number of chiplet bits in chiplet DDR address:             255                 
First chiplet bit in interleaved chiplet DDR address:      255                 
Number of chiplet bits in interleaved chiplet DDR address: 255                 

device ready in 0.18 s
device held for 3.39 s
LOGGER NOT INITIALIZED:
		ET [DEVICE_LAYER][TH:132586978827904]: 
PCIe target:                                               /dev/et0_ops        
DRAM base:                                                 549848092672         (0x8005801000)
DRAM size (B):                                             34265366528          (0x7fa600000)
DRAM alignment (bits):                                     64                  
MM SQ count:                                               2                    (0x2)
MM VQ Maximum message size (B):                            1056                 (0x420)
P2P compatibility bitmap:                                  0                    (0x0)
PCIBUS device name:                                        0000:02:00.0        
Physical device ID:                                        0                    (0x0)
Form Factor:                                               PCIE                 (0x0)
TDP (W):                                                   65                  
Minion boot frequency (MHz):                               600                 
L3 size (KB):                                              32768                (0x8000)
L2 size (KB):                                              16384                (0x4000)
Scratch pad size (KB):                                     81920                (0x14000)
Cache line size (B):                                       64                   (0x40)
Number of L2 Banks:                                        4                   
DDR Bandwidth (MB/s):                                      128000              
Spare shire ID:                                            32                  
Architecture revision:                                     ETSOC1               (0x0)
CM active shire mask:                                      4294967295           (0xffffffff)
Scratchpad base address in format 0:                       2147483648           (0x80000000)
Scratchpad base address in format 1:                       3221225472           (0xc0000000)
Scratchpad base address in format 2:                       18446744073709551615 (0xffffffffffffffff)
Local DDR base address:                                    549848092672         (0x8005801000)
Chiplet DDR base address:                                  549848092672         (0x8005801000)
Interleaved DDR base address:                              18446744073709551615 (0xffffffffffffffff)
Single chiplet DDR size:                                   34265366528         
Address alignment bits:                                    64                  
First shire bit in scratchpad address in format 0:         23                  
Number of shire bits in scratchpad address in format 0:    7                   
Local shire encoding in scratchpad address in format 0:    127                 
First shire bit in scratchpad address in format 1:         6                   
Number of shire bits in scratchpad address in format 1:    5                   
First shire bit in scratchpad address in format 2:         255                 
Number of shire bits in scratchpad address in format 2:    255                 
First chiplet bit in scratchpad address in format 2:       255                 
Number of chiplet bits in scratchpad address in format 2:  255                 
First chiplet bit in chiplet DDR address:                  255                 
Number of chiplet bits in chiplet DDR address:             255                 
First chiplet bit in interleaved chiplet DDR address:      255                 
Number of chiplet bits in interleaved chiplet DDR address: 255                 

device ready in 0.18 s
device held for 0.55 s
LOGGER NOT INITIALIZED:
		ET [DEVICE_LAYER][TH:127370284330624]: 
PCIe target:                                               /dev/et0_ops        
DRAM base:                                                 549848092672         (0x8005801000)
DRAM size (B):                                             34265366528          (0x7fa600000)
DRAM alignment (bits):                                     64                  
MM SQ count:                                               2                    (0x2)
MM VQ Maximum message size (B):                            1056                 (0x420)
P2P compatibility bitmap:                                  0                    (0x0)
PCIBUS device name:                                        0000:02:00.0        
Physical device ID:                                        0                    (0x0)
Form Factor:                                               PCIE                 (0x0)
TDP (W):                                                   65                  
Minion boot frequency (MHz):                               600                 
L3 size (KB):                                              32768                (0x8000)
L2 size (KB):                                              16384                (0x4000)
Scratch pad size (KB):                                     81920                (0x14000)
Cache line size (B):                                       64                   (0x40)
Number of L2 Banks:                                        4                   
DDR Bandwidth (MB/s):                                      128000              
Spare shire ID:                                            32                  
Architecture revision:                                     ETSOC1               (0x0)
CM active shire mask:                                      4294967295           (0xffffffff)
Scratchpad base address in format 0:                       2147483648           (0x80000000)
Scratchpad base address in format 1:                       3221225472           (0xc0000000)
Scratchpad base address in format 2:                       18446744073709551615 (0xffffffffffffffff)
Local DDR base address:                                    549848092672         (0x8005801000)
Chiplet DDR base address:                                  549848092672         (0x8005801000)
Interleaved DDR base address:                              18446744073709551615 (0xffffffffffffffff)
Single chiplet DDR size:                                   34265366528         
Address alignment bits:                                    64                  
First shire bit in scratchpad address in format 0:         23                  
Number of shire bits in scratchpad address in format 0:    7                   
Local shire encoding in scratchpad address in format 0:    127                 
First shire bit in scratchpad address in format 1:         6                   
Number of shire bits in scratchpad address in format 1:    5                   
First shire bit in scratchpad address in format 2:         255                 
Number of shire bits in scratchpad address in format 2:    255                 
First chiplet bit in scratchpad address in format 2:       255                 
Number of chiplet bits in scratchpad address in format 2:  255                 
First chiplet bit in chiplet DDR address:                  255                 
Number of chiplet bits in chiplet DDR address:             255                 
First chiplet bit in interleaved chiplet DDR address:      255                 
Number of chiplet bits in interleaved chiplet DDR address: 255                 

device ready in 0.18 s
device held for 3.39 s
LOGGER NOT INITIALIZED:
		ET [DEVICE_LAYER][TH:128243890785920]: 
PCIe target:                                               /dev/et0_ops        
DRAM base:                                                 549848092672         (0x8005801000)
DRAM size (B):                                             34265366528          (0x7fa600000)
DRAM alignment (bits):                                     64                  
MM SQ count:                                               2                    (0x2)
MM VQ Maximum message size (B):                            1056                 (0x420)
P2P compatibility bitmap:                                  0                    (0x0)
PCIBUS device name:                                        0000:02:00.0        
Physical device ID:                                        0                    (0x0)
Form Factor:                                               PCIE                 (0x0)
TDP (W):                                                   65                  
Minion boot frequency (MHz):                               600                 
L3 size (KB):                                              32768                (0x8000)
L2 size (KB):                                              16384                (0x4000)
Scratch pad size (KB):                                     81920                (0x14000)
Cache line size (B):                                       64                   (0x40)
Number of L2 Banks:                                        4                   
DDR Bandwidth (MB/s):                                      128000              
Spare shire ID:                                            32                  
Architecture revision:                                     ETSOC1               (0x0)
CM active shire mask:                                      4294967295           (0xffffffff)
Scratchpad base address in format 0:                       2147483648           (0x80000000)
Scratchpad base address in format 1:                       3221225472           (0xc0000000)
Scratchpad base address in format 2:                       18446744073709551615 (0xffffffffffffffff)
Local DDR base address:                                    549848092672         (0x8005801000)
Chiplet DDR base address:                                  549848092672         (0x8005801000)
Interleaved DDR base address:                              18446744073709551615 (0xffffffffffffffff)
Single chiplet DDR size:                                   34265366528         
Address alignment bits:                                    64                  
First shire bit in scratchpad address in format 0:         23                  
Number of shire bits in scratchpad address in format 0:    7                   
Local shire encoding in scratchpad address in format 0:    127                 
First shire bit in scratchpad address in format 1:         6                   
Number of shire bits in scratchpad address in format 1:    5                   
First shire bit in scratchpad address in format 2:         255                 
Number of shire bits in scratchpad address in format 2:    255                 
First chiplet bit in scratchpad address in format 2:       255                 
Number of chiplet bits in scratchpad address in format 2:  255                 
First chiplet bit in chiplet DDR address:                  255                 
Number of chiplet bits in chiplet DDR address:             255                 
First chiplet bit in interleaved chiplet DDR address:      255                 
Number of chiplet bits in interleaved chiplet DDR address: 255                 

device ready in 0.18 s
device held for 0.52 s
LOGGER NOT INITIALIZED:
		ET [DEVICE_LAYER][TH:126818025504384]: 
PCIe target:                                               /dev/et0_ops        
DRAM base:                                                 549848092672         (0x8005801000)
DRAM size (B):                                             34265366528          (0x7fa600000)
DRAM alignment (bits):                                     64                  
MM SQ count:                                               2                    (0x2)
MM VQ Maximum message size (B):                            1056                 (0x420)
P2P compatibility bitmap:                                  0                    (0x0)
PCIBUS device name:                                        0000:02:00.0        
Physical device ID:                                        0                    (0x0)
Form Factor:                                               PCIE                 (0x0)
TDP (W):                                                   65                  
Minion boot frequency (MHz):                               600                 
L3 size (KB):                                              32768                (0x8000)
L2 size (KB):                                              16384                (0x4000)
Scratch pad size (KB):                                     81920                (0x14000)
Cache line size (B):                                       64                   (0x40)
Number of L2 Banks:                                        4                   
DDR Bandwidth (MB/s):                                      128000              
Spare shire ID:                                            32                  
Architecture revision:                                     ETSOC1               (0x0)
CM active shire mask:                                      4294967295           (0xffffffff)
Scratchpad base address in format 0:                       2147483648           (0x80000000)
Scratchpad base address in format 1:                       3221225472           (0xc0000000)
Scratchpad base address in format 2:                       18446744073709551615 (0xffffffffffffffff)
Local DDR base address:                                    549848092672         (0x8005801000)
Chiplet DDR base address:                                  549848092672         (0x8005801000)
Interleaved DDR base address:                              18446744073709551615 (0xffffffffffffffff)
Single chiplet DDR size:                                   34265366528         
Address alignment bits:                                    64                  
First shire bit in scratchpad address in format 0:         23                  
Number of shire bits in scratchpad address in format 0:    7                   
Local shire encoding in scratchpad address in format 0:    127                 
First shire bit in scratchpad address in format 1:         6                   
Number of shire bits in scratchpad address in format 1:    5                   
First shire bit in scratchpad address in format 2:         255                 
Number of shire bits in scratchpad address in format 2:    255                 
First chiplet bit in scratchpad address in format 2:       255                 
Number of chiplet bits in scratchpad address in format 2:  255                 
First chiplet bit in chiplet DDR address:                  255                 
Number of chiplet bits in chiplet DDR address:             255                 
First chiplet bit in interleaved chiplet DDR address:      255                 
Number of chiplet bits in interleaved chiplet DDR address: 255                 

device ready in 0.18 s
device held for 3.47 s
LOGGER NOT INITIALIZED:
		ET [DEVICE_LAYER][TH:140436893720192]: 
PCIe target:                                               /dev/et0_ops        
DRAM base:                                                 549848092672         (0x8005801000)
DRAM size (B):                                             34265366528          (0x7fa600000)
DRAM alignment (bits):                                     64                  
MM SQ count:                                               2                    (0x2)
MM VQ Maximum message size (B):                            1056                 (0x420)
P2P compatibility bitmap:                                  0                    (0x0)
PCIBUS device name:                                        0000:02:00.0        
Physical device ID:                                        0                    (0x0)
Form Factor:                                               PCIE                 (0x0)
TDP (W):                                                   65                  
Minion boot frequency (MHz):                               600                 
L3 size (KB):                                              32768                (0x8000)
L2 size (KB):                                              16384                (0x4000)
Scratch pad size (KB):                                     81920                (0x14000)
Cache line size (B):                                       64                   (0x40)
Number of L2 Banks:                                        4                   
DDR Bandwidth (MB/s):                                      128000              
Spare shire ID:                                            32                  
Architecture revision:                                     ETSOC1               (0x0)
CM active shire mask:                                      4294967295           (0xffffffff)
Scratchpad base address in format 0:                       2147483648           (0x80000000)
Scratchpad base address in format 1:                       3221225472           (0xc0000000)
Scratchpad base address in format 2:                       18446744073709551615 (0xffffffffffffffff)
Local DDR base address:                                    549848092672         (0x8005801000)
Chiplet DDR base address:                                  549848092672         (0x8005801000)
Interleaved DDR base address:                              18446744073709551615 (0xffffffffffffffff)
Single chiplet DDR size:                                   34265366528         
Address alignment bits:                                    64                  
First shire bit in scratchpad address in format 0:         23                  
Number of shire bits in scratchpad address in format 0:    7                   
Local shire encoding in scratchpad address in format 0:    127                 
First shire bit in scratchpad address in format 1:         6                   
Number of shire bits in scratchpad address in format 1:    5                   
First shire bit in scratchpad address in format 2:         255                 
Number of shire bits in scratchpad address in format 2:    255                 
First chiplet bit in scratchpad address in format 2:       255                 
Number of chiplet bits in scratchpad address in format 2:  255                 
First chiplet bit in chiplet DDR address:                  255                 
Number of chiplet bits in chiplet DDR address:             255                 
First chiplet bit in interleaved chiplet DDR address:      255                 
Number of chiplet bits in interleaved chiplet DDR address: 255                 

device ready in 0.18 s
device held for 0.55 s
LOGGER NOT INITIALIZED:
		ET [DEVICE_LAYER][TH:134971628330624]: 
PCIe target:                                               /dev/et0_ops        
DRAM base:                                                 549848092672         (0x8005801000)
DRAM size (B):                                             34265366528          (0x7fa600000)
DRAM alignment (bits):                                     64                  
MM SQ count:                                               2                    (0x2)
MM VQ Maximum message size (B):                            1056                 (0x420)
P2P compatibility bitmap:                                  0                    (0x0)
PCIBUS device name:                                        0000:02:00.0        
Physical device ID:                                        0                    (0x0)
Form Factor:                                               PCIE                 (0x0)
TDP (W):                                                   65                  
Minion boot frequency (MHz):                               600                 
L3 size (KB):                                              32768                (0x8000)
L2 size (KB):                                              16384                (0x4000)
Scratch pad size (KB):                                     81920                (0x14000)
Cache line size (B):                                       64                   (0x40)
Number of L2 Banks:                                        4                   
DDR Bandwidth (MB/s):                                      128000              
Spare shire ID:                                            32                  
Architecture revision:                                     ETSOC1               (0x0)
CM active shire mask:                                      4294967295           (0xffffffff)
Scratchpad base address in format 0:                       2147483648           (0x80000000)
Scratchpad base address in format 1:                       3221225472           (0xc0000000)
Scratchpad base address in format 2:                       18446744073709551615 (0xffffffffffffffff)
Local DDR base address:                                    549848092672         (0x8005801000)
Chiplet DDR base address:                                  549848092672         (0x8005801000)
Interleaved DDR base address:                              18446744073709551615 (0xffffffffffffffff)
Single chiplet DDR size:                                   34265366528         
Address alignment bits:                                    64                  
First shire bit in scratchpad address in format 0:         23                  
Number of shire bits in scratchpad address in format 0:    7                   
Local shire encoding in scratchpad address in format 0:    127                 
First shire bit in scratchpad address in format 1:         6                   
Number of shire bits in scratchpad address in format 1:    5                   
First shire bit in scratchpad address in format 2:         255                 
Number of shire bits in scratchpad address in format 2:    255                 
First chiplet bit in scratchpad address in format 2:       255                 
Number of chiplet bits in scratchpad address in format 2:  255                 
First chiplet bit in chiplet DDR address:                  255                 
Number of chiplet bits in chiplet DDR address:             255                 
First chiplet bit in interleaved chiplet DDR address:      255                 
Number of chiplet bits in interleaved chiplet DDR address: 255                 

device ready in 0.18 s
device held for 3.48 s
LOGGER NOT INITIALIZED:
		ET [DEVICE_LAYER][TH:138369730948736]: 
PCIe target:                                               /dev/et0_ops        
DRAM base:                                                 549848092672         (0x8005801000)
DRAM size (B):                                             34265366528          (0x7fa600000)
DRAM alignment (bits):                                     64                  
MM SQ count:                                               2                    (0x2)
MM VQ Maximum message size (B):                            1056                 (0x420)
P2P compatibility bitmap:                                  0                    (0x0)
PCIBUS device name:                                        0000:02:00.0        
Physical device ID:                                        0                    (0x0)
Form Factor:                                               PCIE                 (0x0)
TDP (W):                                                   65                  
Minion boot frequency (MHz):                               600                 
L3 size (KB):                                              32768                (0x8000)
L2 size (KB):                                              16384                (0x4000)
Scratch pad size (KB):                                     81920                (0x14000)
Cache line size (B):                                       64                   (0x40)
Number of L2 Banks:                                        4                   
DDR Bandwidth (MB/s):                                      128000              
Spare shire ID:                                            32                  
Architecture revision:                                     ETSOC1               (0x0)
CM active shire mask:                                      4294967295           (0xffffffff)
Scratchpad base address in format 0:                       2147483648           (0x80000000)
Scratchpad base address in format 1:                       3221225472           (0xc0000000)
Scratchpad base address in format 2:                       18446744073709551615 (0xffffffffffffffff)
Local DDR base address:                                    549848092672         (0x8005801000)
Chiplet DDR base address:                                  549848092672         (0x8005801000)
Interleaved DDR base address:                              18446744073709551615 (0xffffffffffffffff)
Single chiplet DDR size:                                   34265366528         
Address alignment bits:                                    64                  
First shire bit in scratchpad address in format 0:         23                  
Number of shire bits in scratchpad address in format 0:    7                   
Local shire encoding in scratchpad address in format 0:    127                 
First shire bit in scratchpad address in format 1:         6                   
Number of shire bits in scratchpad address in format 1:    5                   
First shire bit in scratchpad address in format 2:         255                 
Number of shire bits in scratchpad address in format 2:    255                 
First chiplet bit in scratchpad address in format 2:       255                 
Number of chiplet bits in scratchpad address in format 2:  255                 
First chiplet bit in chiplet DDR address:                  255                 
Number of chiplet bits in chiplet DDR address:             255                 
First chiplet bit in interleaved chiplet DDR address:      255                 
Number of chiplet bits in interleaved chiplet DDR address: 255                 

device ready in 0.18 s
device held for 0.52 s
LOGGER NOT INITIALIZED:
		ET [DEVICE_LAYER][TH:123568921374336]: 
PCIe target:                                               /dev/et0_ops        
DRAM base:                                                 549848092672         (0x8005801000)
DRAM size (B):                                             34265366528          (0x7fa600000)
DRAM alignment (bits):                                     64                  
MM SQ count:                                               2                    (0x2)
MM VQ Maximum message size (B):                            1056                 (0x420)
P2P compatibility bitmap:                                  0                    (0x0)
PCIBUS device name:                                        0000:02:00.0        
Physical device ID:                                        0                    (0x0)
Form Factor:                                               PCIE                 (0x0)
TDP (W):                                                   65                  
Minion boot frequency (MHz):                               600                 
L3 size (KB):                                              32768                (0x8000)
L2 size (KB):                                              16384                (0x4000)
Scratch pad size (KB):                                     81920                (0x14000)
Cache line size (B):                                       64                   (0x40)
Number of L2 Banks:                                        4                   
DDR Bandwidth (MB/s):                                      128000              
Spare shire ID:                                            32                  
Architecture revision:                                     ETSOC1               (0x0)
CM active shire mask:                                      4294967295           (0xffffffff)
Scratchpad base address in format 0:                       2147483648           (0x80000000)
Scratchpad base address in format 1:                       3221225472           (0xc0000000)
Scratchpad base address in format 2:                       18446744073709551615 (0xffffffffffffffff)
Local DDR base address:                                    549848092672         (0x8005801000)
Chiplet DDR base address:                                  549848092672         (0x8005801000)
Interleaved DDR base address:                              18446744073709551615 (0xffffffffffffffff)
Single chiplet DDR size:                                   34265366528         
Address alignment bits:                                    64                  
First shire bit in scratchpad address in format 0:         23                  
Number of shire bits in scratchpad address in format 0:    7                   
Local shire encoding in scratchpad address in format 0:    127                 
First shire bit in scratchpad address in format 1:         6                   
Number of shire bits in scratchpad address in format 1:    5                   
First shire bit in scratchpad address in format 2:         255                 
Number of shire bits in scratchpad address in format 2:    255                 
First chiplet bit in scratchpad address in format 2:       255                 
Number of chiplet bits in scratchpad address in format 2:  255                 
First chiplet bit in chiplet DDR address:                  255                 
Number of chiplet bits in chiplet DDR address:             255                 
First chiplet bit in interleaved chiplet DDR address:      255                 
Number of chiplet bits in interleaved chiplet DDR address: 255                 

device ready in 0.18 s
device held for 3.39 s
LOGGER NOT INITIALIZED:
		ET [DEVICE_LAYER][TH:140531699465856]: 
PCIe target:                                               /dev/et0_ops        
DRAM base:                                                 549848092672         (0x8005801000)
DRAM size (B):                                             34265366528          (0x7fa600000)
DRAM alignment (bits):                                     64                  
MM SQ count:                                               2                    (0x2)
MM VQ Maximum message size (B):                            1056                 (0x420)
P2P compatibility bitmap:                                  0                    (0x0)
PCIBUS device name:                                        0000:02:00.0        
Physical device ID:                                        0                    (0x0)
Form Factor:                                               PCIE                 (0x0)
TDP (W):                                                   65                  
Minion boot frequency (MHz):                               600                 
L3 size (KB):                                              32768                (0x8000)
L2 size (KB):                                              16384                (0x4000)
Scratch pad size (KB):                                     81920                (0x14000)
Cache line size (B):                                       64                   (0x40)
Number of L2 Banks:                                        4                   
DDR Bandwidth (MB/s):                                      128000              
Spare shire ID:                                            32                  
Architecture revision:                                     ETSOC1               (0x0)
CM active shire mask:                                      4294967295           (0xffffffff)
Scratchpad base address in format 0:                       2147483648           (0x80000000)
Scratchpad base address in format 1:                       3221225472           (0xc0000000)
Scratchpad base address in format 2:                       18446744073709551615 (0xffffffffffffffff)
Local DDR base address:                                    549848092672         (0x8005801000)
Chiplet DDR base address:                                  549848092672         (0x8005801000)
Interleaved DDR base address:                              18446744073709551615 (0xffffffffffffffff)
Single chiplet DDR size:                                   34265366528         
Address alignment bits:                                    64                  
First shire bit in scratchpad address in format 0:         23                  
Number of shire bits in scratchpad address in format 0:    7                   
Local shire encoding in scratchpad address in format 0:    127                 
First shire bit in scratchpad address in format 1:         6                   
Number of shire bits in scratchpad address in format 1:    5                   
First shire bit in scratchpad address in format 2:         255                 
Number of shire bits in scratchpad address in format 2:    255                 
First chiplet bit in scratchpad address in format 2:       255                 
Number of chiplet bits in scratchpad address in format 2:  255                 
First chiplet bit in chiplet DDR address:                  255                 
Number of chiplet bits in chiplet DDR address:             255                 
First chiplet bit in interleaved chiplet DDR address:      255                 
Number of chiplet bits in interleaved chiplet DDR address: 255                 

device ready in 0.18 s
device held for 0.55 s
LOGGER NOT INITIALIZED:
		ET [DEVICE_LAYER][TH:139443526467200]: 
PCIe target:                                               /dev/et0_ops        
DRAM base:                                                 549848092672         (0x8005801000)
DRAM size (B):                                             34265366528          (0x7fa600000)
DRAM alignment (bits):                                     64                  
MM SQ count:                                               2                    (0x2)
MM VQ Maximum message size (B):                            1056                 (0x420)
P2P compatibility bitmap:                                  0                    (0x0)
PCIBUS device name:                                        0000:02:00.0        
Physical device ID:                                        0                    (0x0)
Form Factor:                                               PCIE                 (0x0)
TDP (W):                                                   65                  
Minion boot frequency (MHz):                               600                 
L3 size (KB):                                              32768                (0x8000)
L2 size (KB):                                              16384                (0x4000)
Scratch pad size (KB):                                     81920                (0x14000)
Cache line size (B):                                       64                   (0x40)
Number of L2 Banks:                                        4                   
DDR Bandwidth (MB/s):                                      128000              
Spare shire ID:                                            32                  
Architecture revision:                                     ETSOC1               (0x0)
CM active shire mask:                                      4294967295           (0xffffffff)
Scratchpad base address in format 0:                       2147483648           (0x80000000)
Scratchpad base address in format 1:                       3221225472           (0xc0000000)
Scratchpad base address in format 2:                       18446744073709551615 (0xffffffffffffffff)
Local DDR base address:                                    549848092672         (0x8005801000)
Chiplet DDR base address:                                  549848092672         (0x8005801000)
Interleaved DDR base address:                              18446744073709551615 (0xffffffffffffffff)
Single chiplet DDR size:                                   34265366528         
Address alignment bits:                                    64                  
First shire bit in scratchpad address in format 0:         23                  
Number of shire bits in scratchpad address in format 0:    7                   
Local shire encoding in scratchpad address in format 0:    127                 
First shire bit in scratchpad address in format 1:         6                   
Number of shire bits in scratchpad address in format 1:    5                   
First shire bit in scratchpad address in format 2:         255                 
Number of shire bits in scratchpad address in format 2:    255                 
First chiplet bit in scratchpad address in format 2:       255                 
Number of chiplet bits in scratchpad address in format 2:  255                 
First chiplet bit in chiplet DDR address:                  255                 
Number of chiplet bits in chiplet DDR address:             255                 
First chiplet bit in interleaved chiplet DDR address:      255                 
Number of chiplet bits in interleaved chiplet DDR address: 255                 

device ready in 0.18 s
device held for 3.39 s
LOGGER NOT INITIALIZED:
		ET [DEVICE_LAYER][TH:125550595821184]: 
PCIe target:                                               /dev/et0_ops        
DRAM base:                                                 549848092672         (0x8005801000)
DRAM size (B):                                             34265366528          (0x7fa600000)
DRAM alignment (bits):                                     64                  
MM SQ count:                                               2                    (0x2)
MM VQ Maximum message size (B):                            1056                 (0x420)
P2P compatibility bitmap:                                  0                    (0x0)
PCIBUS device name:                                        0000:02:00.0        
Physical device ID:                                        0                    (0x0)
Form Factor:                                               PCIE                 (0x0)
TDP (W):                                                   65                  
Minion boot frequency (MHz):                               600                 
L3 size (KB):                                              32768                (0x8000)
L2 size (KB):                                              16384                (0x4000)
Scratch pad size (KB):                                     81920                (0x14000)
Cache line size (B):                                       64                   (0x40)
Number of L2 Banks:                                        4                   
DDR Bandwidth (MB/s):                                      128000              
Spare shire ID:                                            32                  
Architecture revision:                                     ETSOC1               (0x0)
CM active shire mask:                                      4294967295           (0xffffffff)
Scratchpad base address in format 0:                       2147483648           (0x80000000)
Scratchpad base address in format 1:                       3221225472           (0xc0000000)
Scratchpad base address in format 2:                       18446744073709551615 (0xffffffffffffffff)
Local DDR base address:                                    549848092672         (0x8005801000)
Chiplet DDR base address:                                  549848092672         (0x8005801000)
Interleaved DDR base address:                              18446744073709551615 (0xffffffffffffffff)
Single chiplet DDR size:                                   34265366528         
Address alignment bits:                                    64                  
First shire bit in scratchpad address in format 0:         23                  
Number of shire bits in scratchpad address in format 0:    7                   
Local shire encoding in scratchpad address in format 0:    127                 
First shire bit in scratchpad address in format 1:         6                   
Number of shire bits in scratchpad address in format 1:    5                   
First shire bit in scratchpad address in format 2:         255                 
Number of shire bits in scratchpad address in format 2:    255                 
First chiplet bit in scratchpad address in format 2:       255                 
Number of chiplet bits in scratchpad address in format 2:  255                 
First chiplet bit in chiplet DDR address:                  255                 
Number of chiplet bits in chiplet DDR address:             255                 
First chiplet bit in interleaved chiplet DDR address:      255                 
Number of chiplet bits in interleaved chiplet DDR address: 255                 

device ready in 0.18 s
device held for 0.55 s
LOGGER NOT INITIALIZED:
		ET [DEVICE_LAYER][TH:126891879534208]: 
PCIe target:                                               /dev/et0_ops        
DRAM base:                                                 549848092672         (0x8005801000)
DRAM size (B):                                             34265366528          (0x7fa600000)
DRAM alignment (bits):                                     64                  
MM SQ count:                                               2                    (0x2)
MM VQ Maximum message size (B):                            1056                 (0x420)
P2P compatibility bitmap:                                  0                    (0x0)
PCIBUS device name:                                        0000:02:00.0        
Physical device ID:                                        0                    (0x0)
Form Factor:                                               PCIE                 (0x0)
TDP (W):                                                   65                  
Minion boot frequency (MHz):                               600                 
L3 size (KB):                                              32768                (0x8000)
L2 size (KB):                                              16384                (0x4000)
Scratch pad size (KB):                                     81920                (0x14000)
Cache line size (B):                                       64                   (0x40)
Number of L2 Banks:                                        4                   
DDR Bandwidth (MB/s):                                      128000              
Spare shire ID:                                            32                  
Architecture revision:                                     ETSOC1               (0x0)
CM active shire mask:                                      4294967295           (0xffffffff)
Scratchpad base address in format 0:                       2147483648           (0x80000000)
Scratchpad base address in format 1:                       3221225472           (0xc0000000)
Scratchpad base address in format 2:                       18446744073709551615 (0xffffffffffffffff)
Local DDR base address:                                    549848092672         (0x8005801000)
Chiplet DDR base address:                                  549848092672         (0x8005801000)
Interleaved DDR base address:                              18446744073709551615 (0xffffffffffffffff)
Single chiplet DDR size:                                   34265366528         
Address alignment bits:                                    64                  
First shire bit in scratchpad address in format 0:         23                  
Number of shire bits in scratchpad address in format 0:    7                   
Local shire encoding in scratchpad address in format 0:    127                 
First shire bit in scratchpad address in format 1:         6                   
Number of shire bits in scratchpad address in format 1:    5                   
First shire bit in scratchpad address in format 2:         255                 
Number of shire bits in scratchpad address in format 2:    255                 
First chiplet bit in scratchpad address in format 2:       255                 
Number of chiplet bits in scratchpad address in format 2:  255                 
First chiplet bit in chiplet DDR address:                  255                 
Number of chiplet bits in chiplet DDR address:             255                 
First chiplet bit in interleaved chiplet DDR address:      255                 
Number of chiplet bits in interleaved chiplet DDR address: 255                 

device ready in 0.18 s
device held for 3.39 s
LOGGER NOT INITIALIZED:
		ET [DEVICE_LAYER][TH:124864483077760]: 
PCIe target:                                               /dev/et0_ops        
DRAM base:                                                 549848092672         (0x8005801000)
DRAM size (B):                                             34265366528          (0x7fa600000)
DRAM alignment (bits):                                     64                  
MM SQ count:                                               2                    (0x2)
MM VQ Maximum message size (B):                            1056                 (0x420)
P2P compatibility bitmap:                                  0                    (0x0)
PCIBUS device name:                                        0000:02:00.0        
Physical device ID:                                        0                    (0x0)
Form Factor:                                               PCIE                 (0x0)
TDP (W):                                                   65                  
Minion boot frequency (MHz):                               600                 
L3 size (KB):                                              32768                (0x8000)
L2 size (KB):                                              16384                (0x4000)
Scratch pad size (KB):                                     81920                (0x14000)
Cache line size (B):                                       64                   (0x40)
Number of L2 Banks:                                        4                   
DDR Bandwidth (MB/s):                                      128000              
Spare shire ID:                                            32                  
Architecture revision:                                     ETSOC1               (0x0)
CM active shire mask:                                      4294967295           (0xffffffff)
Scratchpad base address in format 0:                       2147483648           (0x80000000)
Scratchpad base address in format 1:                       3221225472           (0xc0000000)
Scratchpad base address in format 2:                       18446744073709551615 (0xffffffffffffffff)
Local DDR base address:                                    549848092672         (0x8005801000)
Chiplet DDR base address:                                  549848092672         (0x8005801000)
Interleaved DDR base address:                              18446744073709551615 (0xffffffffffffffff)
Single chiplet DDR size:                                   34265366528         
Address alignment bits:                                    64                  
First shire bit in scratchpad address in format 0:         23                  
Number of shire bits in scratchpad address in format 0:    7                   
Local shire encoding in scratchpad address in format 0:    127                 
First shire bit in scratchpad address in format 1:         6                   
Number of shire bits in scratchpad address in format 1:    5                   
First shire bit in scratchpad address in format 2:         255                 
Number of shire bits in scratchpad address in format 2:    255                 
First chiplet bit in scratchpad address in format 2:       255                 
Number of chiplet bits in scratchpad address in format 2:  255                 
First chiplet bit in chiplet DDR address:                  255                 
Number of chiplet bits in chiplet DDR address:             255                 
First chiplet bit in interleaved chiplet DDR address:      255                 
Number of chiplet bits in interleaved chiplet DDR address: 255                 

device ready in 0.18 s
device held for 0.52 s
LOGGER NOT INITIALIZED:
		ET [DEVICE_LAYER][TH:135453028773504]: 
PCIe target:                                               /dev/et0_ops        
DRAM base:                                                 549848092672         (0x8005801000)
DRAM size (B):                                             34265366528          (0x7fa600000)
DRAM alignment (bits):                                     64                  
MM SQ count:                                               2                    (0x2)
MM VQ Maximum message size (B):                            1056                 (0x420)
P2P compatibility bitmap:                                  0                    (0x0)
PCIBUS device name:                                        0000:02:00.0        
Physical device ID:                                        0                    (0x0)
Form Factor:                                               PCIE                 (0x0)
TDP (W):                                                   65                  
Minion boot frequency (MHz):                               600                 
L3 size (KB):                                              32768                (0x8000)
L2 size (KB):                                              16384                (0x4000)
Scratch pad size (KB):                                     81920                (0x14000)
Cache line size (B):                                       64                   (0x40)
Number of L2 Banks:                                        4                   
DDR Bandwidth (MB/s):                                      128000              
Spare shire ID:                                            32                  
Architecture revision:                                     ETSOC1               (0x0)
CM active shire mask:                                      4294967295           (0xffffffff)
Scratchpad base address in format 0:                       2147483648           (0x80000000)
Scratchpad base address in format 1:                       3221225472           (0xc0000000)
Scratchpad base address in format 2:                       18446744073709551615 (0xffffffffffffffff)
Local DDR base address:                                    549848092672         (0x8005801000)
Chiplet DDR base address:                                  549848092672         (0x8005801000)
Interleaved DDR base address:                              18446744073709551615 (0xffffffffffffffff)
Single chiplet DDR size:                                   34265366528         
Address alignment bits:                                    64                  
First shire bit in scratchpad address in format 0:         23                  
Number of shire bits in scratchpad address in format 0:    7                   
Local shire encoding in scratchpad address in format 0:    127                 
First shire bit in scratchpad address in format 1:         6                   
Number of shire bits in scratchpad address in format 1:    5                   
First shire bit in scratchpad address in format 2:         255                 
Number of shire bits in scratchpad address in format 2:    255                 
First chiplet bit in scratchpad address in format 2:       255                 
Number of chiplet bits in scratchpad address in format 2:  255                 
First chiplet bit in chiplet DDR address:                  255                 
Number of chiplet bits in chiplet DDR address:             255                 
First chiplet bit in interleaved chiplet DDR address:      255                 
Number of chiplet bits in interleaved chiplet DDR address: 255                 

device ready in 0.18 s
device held for 3.39 s
