LOGGER NOT INITIALIZED:
		ET [DEVICE_LAYER][TH:126929097842304]: 
PCIe target:                                               /dev/et0_ops        
DRAM base:                                                 549848092672         (0x8005801000)
DRAM size (B):                                             34265366528          (0x7fa600000)
DRAM alignment (bits):                                     64                  
MM SQ count:                                               2                    (0x2)
MM VQ Maximum message size (B):                            1056                 (0x420)
P2P compatibility bitmap:                                  0                    (0x0)
PCIBUS device name:                                        0000:02:00.0        
Physical device ID:                                        0                    (0x0)
Form Factor:                                               PCIE                 (0x0)
TDP (W):                                                   65                  
Minion boot frequency (MHz):                               600                 
L3 size (KB):                                              32768                (0x8000)
L2 size (KB):                                              16384                (0x4000)
Scratch pad size (KB):                                     81920                (0x14000)
Cache line size (B):                                       64                   (0x40)
Number of L2 Banks:                                        4                   
DDR Bandwidth (MB/s):                                      128000              
Spare shire ID:                                            32                  
Architecture revision:                                     ETSOC1               (0x0)
CM active shire mask:                                      4294967295           (0xffffffff)
Scratchpad base address in format 0:                       2147483648           (0x80000000)
Scratchpad base address in format 1:                       3221225472           (0xc0000000)
Scratchpad base address in format 2:                       18446744073709551615 (0xffffffffffffffff)
Local DDR base address:                                    549848092672         (0x8005801000)
Chiplet DDR base address:                                  549848092672         (0x8005801000)
Interleaved DDR base address:                              18446744073709551615 (0xffffffffffffffff)
Single chiplet DDR size:                                   34265366528         
Address alignment bits:                                    64                  
First shire bit in scratchpad address in format 0:         23                  
Number of shire bits in scratchpad address in format 0:    7                   
Local shire encoding in scratchpad address in format 0:    127                 
First shire bit in scratchpad address in format 1:         6                   
Number of shire bits in scratchpad address in format 1:    5                   
First shire bit in scratchpad address in format 2:         255                 
Number of shire bits in scratchpad address in format 2:    255                 
First chiplet bit in scratchpad address in format 2:       255                 
Number of chiplet bits in scratchpad address in format 2:  255                 
First chiplet bit in chiplet DDR address:                  255                 
Number of chiplet bits in chiplet DDR address:             255                 
First chiplet bit in interleaved chiplet DDR address:      255                 
Number of chiplet bits in interleaved chiplet DDR address: 255                 

device ready in 0.13 s
device held for 2.60 s
LOGGER NOT INITIALIZED:
		ET [DEVICE_LAYER][TH:126223044484736]: 
PCIe target:                                               /dev/et0_ops        
DRAM base:                                                 549848092672         (0x8005801000)
DRAM size (B):                                             34265366528          (0x7fa600000)
DRAM alignment (bits):                                     64                  
MM SQ count:                                               2                    (0x2)
MM VQ Maximum message size (B):                            1056                 (0x420)
P2P compatibility bitmap:                                  0                    (0x0)
PCIBUS device name:                                        0000:02:00.0        
Physical device ID:                                        0                    (0x0)
Form Factor:                                               PCIE                 (0x0)
TDP (W):                                                   65                  
Minion boot frequency (MHz):                               600                 
L3 size (KB):                                              32768                (0x8000)
L2 size (KB):                                              16384                (0x4000)
Scratch pad size (KB):                                     81920                (0x14000)
Cache line size (B):                                       64                   (0x40)
Number of L2 Banks:                                        4                   
DDR Bandwidth (MB/s):                                      128000              
Spare shire ID:                                            32                  
Architecture revision:                                     ETSOC1               (0x0)
CM active shire mask:                                      4294967295           (0xffffffff)
Scratchpad base address in format 0:                       2147483648           (0x80000000)
Scratchpad base address in format 1:                       3221225472           (0xc0000000)
Scratchpad base address in format 2:                       18446744073709551615 (0xffffffffffffffff)
Local DDR base address:                                    549848092672         (0x8005801000)
Chiplet DDR base address:                                  549848092672         (0x8005801000)
Interleaved DDR base address:                              18446744073709551615 (0xffffffffffffffff)
Single chiplet DDR size:                                   34265366528         
Address alignment bits:                                    64                  
First shire bit in scratchpad address in format 0:         23                  
Number of shire bits in scratchpad address in format 0:    7                   
Local shire encoding in scratchpad address in format 0:    127                 
First shire bit in scratchpad address in format 1:         6                   
Number of shire bits in scratchpad address in format 1:    5                   
First shire bit in scratchpad address in format 2:         255                 
Number of shire bits in scratchpad address in format 2:    255                 
First chiplet bit in scratchpad address in format 2:       255                 
Number of chiplet bits in scratchpad address in format 2:  255                 
First chiplet bit in chiplet DDR address:                  255                 
Number of chiplet bits in chiplet DDR address:             255                 
First chiplet bit in interleaved chiplet DDR address:      255                 
Number of chiplet bits in interleaved chiplet DDR address: 255                 

device ready in 0.14 s
device held for 2.60 s
LOGGER NOT INITIALIZED:
		ET [DEVICE_LAYER][TH:133925518904960]: 
PCIe target:                                               /dev/et0_ops        
DRAM base:                                                 549848092672         (0x8005801000)
DRAM size (B):                                             34265366528          (0x7fa600000)
DRAM alignment (bits):                                     64                  
MM SQ count:                                               2                    (0x2)
MM VQ Maximum message size (B):                            1056                 (0x420)
P2P compatibility bitmap:                                  0                    (0x0)
PCIBUS device name:                                        0000:02:00.0        
Physical device ID:                                        0                    (0x0)
Form Factor:                                               PCIE                 (0x0)
TDP (W):                                                   65                  
Minion boot frequency (MHz):                               600                 
L3 size (KB):                                              32768                (0x8000)
L2 size (KB):                                              16384                (0x4000)
Scratch pad size (KB):                                     81920                (0x14000)
Cache line size (B):                                       64                   (0x40)
Number of L2 Banks:                                        4                   
DDR Bandwidth (MB/s):                                      128000              
Spare shire ID:                                            32                  
Architecture revision:                                     ETSOC1               (0x0)
CM active shire mask:                                      4294967295           (0xffffffff)
Scratchpad base address in format 0:                       2147483648           (0x80000000)
Scratchpad base address in format 1:                       3221225472           (0xc0000000)
Scratchpad base address in format 2:                       18446744073709551615 (0xffffffffffffffff)
Local DDR base address:                                    549848092672         (0x8005801000)
Chiplet DDR base address:                                  549848092672         (0x8005801000)
Interleaved DDR base address:                              18446744073709551615 (0xffffffffffffffff)
Single chiplet DDR size:                                   34265366528         
Address alignment bits:                                    64                  
First shire bit in scratchpad address in format 0:         23                  
Number of shire bits in scratchpad address in format 0:    7                   
Local shire encoding in scratchpad address in format 0:    127                 
First shire bit in scratchpad address in format 1:         6                   
Number of shire bits in scratchpad address in format 1:    5                   
First shire bit in scratchpad address in format 2:         255                 
Number of shire bits in scratchpad address in format 2:    255                 
First chiplet bit in scratchpad address in format 2:       255                 
Number of chiplet bits in scratchpad address in format 2:  255                 
First chiplet bit in chiplet DDR address:                  255                 
Number of chiplet bits in chiplet DDR address:             255                 
First chiplet bit in interleaved chiplet DDR address:      255                 
Number of chiplet bits in interleaved chiplet DDR address: 255                 

device ready in 0.13 s
device held for 2.61 s
LOGGER NOT INITIALIZED:
		ET [DEVICE_LAYER][TH:138577375334016]: 
PCIe target:                                               /dev/et0_ops        
DRAM base:                                                 549848092672         (0x8005801000)
DRAM size (B):                                             34265366528          (0x7fa600000)
DRAM alignment (bits):                                     64                  
MM SQ count:                                               2                    (0x2)
MM VQ Maximum message size (B):                            1056                 (0x420)
P2P compatibility bitmap:                                  0                    (0x0)
PCIBUS device name:                                        0000:02:00.0        
Physical device ID:                                        0                    (0x0)
Form Factor:                                               PCIE                 (0x0)
TDP (W):                                                   65                  
Minion boot frequency (MHz):                               600                 
L3 size (KB):                                              32768                (0x8000)
L2 size (KB):                                              16384                (0x4000)
Scratch pad size (KB):                                     81920                (0x14000)
Cache line size (B):                                       64                   (0x40)
Number of L2 Banks:                                        4                   
DDR Bandwidth (MB/s):                                      128000              
Spare shire ID:                                            32                  
Architecture revision:                                     ETSOC1               (0x0)
CM active shire mask:                                      4294967295           (0xffffffff)
Scratchpad base address in format 0:                       2147483648           (0x80000000)
Scratchpad base address in format 1:                       3221225472           (0xc0000000)
Scratchpad base address in format 2:                       18446744073709551615 (0xffffffffffffffff)
Local DDR base address:                                    549848092672         (0x8005801000)
Chiplet DDR base address:                                  549848092672         (0x8005801000)
Interleaved DDR base address:                              18446744073709551615 (0xffffffffffffffff)
Single chiplet DDR size:                                   34265366528         
Address alignment bits:                                    64                  
First shire bit in scratchpad address in format 0:         23                  
Number of shire bits in scratchpad address in format 0:    7                   
Local shire encoding in scratchpad address in format 0:    127                 
First shire bit in scratchpad address in format 1:         6                   
Number of shire bits in scratchpad address in format 1:    5                   
First shire bit in scratchpad address in format 2:         255                 
Number of shire bits in scratchpad address in format 2:    255                 
First chiplet bit in scratchpad address in format 2:       255                 
Number of chiplet bits in scratchpad address in format 2:  255                 
First chiplet bit in chiplet DDR address:                  255                 
Number of chiplet bits in chiplet DDR address:             255                 
First chiplet bit in interleaved chiplet DDR address:      255                 
Number of chiplet bits in interleaved chiplet DDR address: 255                 

device ready in 0.13 s
device held for 2.61 s
LOGGER NOT INITIALIZED:
		ET [DEVICE_LAYER][TH:127169421106816]: 
PCIe target:                                               /dev/et0_ops        
DRAM base:                                                 549848092672         (0x8005801000)
DRAM size (B):                                             34265366528          (0x7fa600000)
DRAM alignment (bits):                                     64                  
MM SQ count:                                               2                    (0x2)
MM VQ Maximum message size (B):                            1056                 (0x420)
P2P compatibility bitmap:                                  0                    (0x0)
PCIBUS device name:                                        0000:02:00.0        
Physical device ID:                                        0                    (0x0)
Form Factor:                                               PCIE                 (0x0)
TDP (W):                                                   65                  
Minion boot frequency (MHz):                               600                 
L3 size (KB):                                              32768                (0x8000)
L2 size (KB):                                              16384                (0x4000)
Scratch pad size (KB):                                     81920                (0x14000)
Cache line size (B):                                       64                   (0x40)
Number of L2 Banks:                                        4                   
DDR Bandwidth (MB/s):                                      128000              
Spare shire ID:                                            32                  
Architecture revision:                                     ETSOC1               (0x0)
CM active shire mask:                                      4294967295           (0xffffffff)
Scratchpad base address in format 0:                       2147483648           (0x80000000)
Scratchpad base address in format 1:                       3221225472           (0xc0000000)
Scratchpad base address in format 2:                       18446744073709551615 (0xffffffffffffffff)
Local DDR base address:                                    549848092672         (0x8005801000)
Chiplet DDR base address:                                  549848092672         (0x8005801000)
Interleaved DDR base address:                              18446744073709551615 (0xffffffffffffffff)
Single chiplet DDR size:                                   34265366528         
Address alignment bits:                                    64                  
First shire bit in scratchpad address in format 0:         23                  
Number of shire bits in scratchpad address in format 0:    7                   
Local shire encoding in scratchpad address in format 0:    127                 
First shire bit in scratchpad address in format 1:         6                   
Number of shire bits in scratchpad address in format 1:    5                   
First shire bit in scratchpad address in format 2:         255                 
Number of shire bits in scratchpad address in format 2:    255                 
First chiplet bit in scratchpad address in format 2:       255                 
Number of chiplet bits in scratchpad address in format 2:  255                 
First chiplet bit in chiplet DDR address:                  255                 
Number of chiplet bits in chiplet DDR address:             255                 
First chiplet bit in interleaved chiplet DDR address:      255                 
Number of chiplet bits in interleaved chiplet DDR address: 255                 

device ready in 0.14 s
device held for 2.62 s
LOGGER NOT INITIALIZED:
		ET [DEVICE_LAYER][TH:131626048036480]: 
PCIe target:                                               /dev/et0_ops        
DRAM base:                                                 549848092672         (0x8005801000)
DRAM size (B):                                             34265366528          (0x7fa600000)
DRAM alignment (bits):                                     64                  
MM SQ count:                                               2                    (0x2)
MM VQ Maximum message size (B):                            1056                 (0x420)
P2P compatibility bitmap:                                  0                    (0x0)
PCIBUS device name:                                        0000:02:00.0        
Physical device ID:                                        0                    (0x0)
Form Factor:                                               PCIE                 (0x0)
TDP (W):                                                   65                  
Minion boot frequency (MHz):                               600                 
L3 size (KB):                                              32768                (0x8000)
L2 size (KB):                                              16384                (0x4000)
Scratch pad size (KB):                                     81920                (0x14000)
Cache line size (B):                                       64                   (0x40)
Number of L2 Banks:                                        4                   
DDR Bandwidth (MB/s):                                      128000              
Spare shire ID:                                            32                  
Architecture revision:                                     ETSOC1               (0x0)
CM active shire mask:                                      4294967295           (0xffffffff)
Scratchpad base address in format 0:                       2147483648           (0x80000000)
Scratchpad base address in format 1:                       3221225472           (0xc0000000)
Scratchpad base address in format 2:                       18446744073709551615 (0xffffffffffffffff)
Local DDR base address:                                    549848092672         (0x8005801000)
Chiplet DDR base address:                                  549848092672         (0x8005801000)
Interleaved DDR base address:                              18446744073709551615 (0xffffffffffffffff)
Single chiplet DDR size:                                   34265366528         
Address alignment bits:                                    64                  
First shire bit in scratchpad address in format 0:         23                  
Number of shire bits in scratchpad address in format 0:    7                   
Local shire encoding in scratchpad address in format 0:    127                 
First shire bit in scratchpad address in format 1:         6                   
Number of shire bits in scratchpad address in format 1:    5                   
First shire bit in scratchpad address in format 2:         255                 
Number of shire bits in scratchpad address in format 2:    255                 
First chiplet bit in scratchpad address in format 2:       255                 
Number of chiplet bits in scratchpad address in format 2:  255                 
First chiplet bit in chiplet DDR address:                  255                 
Number of chiplet bits in chiplet DDR address:             255                 
First chiplet bit in interleaved chiplet DDR address:      255                 
Number of chiplet bits in interleaved chiplet DDR address: 255                 

device ready in 0.14 s
device held for 7.48 s
LOGGER NOT INITIALIZED:
		ET [DEVICE_LAYER][TH:123959914344064]: 
PCIe target:                                               /dev/et0_ops        
DRAM base:                                                 549848092672         (0x8005801000)
DRAM size (B):                                             34265366528          (0x7fa600000)
DRAM alignment (bits):                                     64                  
MM SQ count:                                               2                    (0x2)
MM VQ Maximum message size (B):                            1056                 (0x420)
P2P compatibility bitmap:                                  0                    (0x0)
PCIBUS device name:                                        0000:02:00.0        
Physical device ID:                                        0                    (0x0)
Form Factor:                                               PCIE                 (0x0)
TDP (W):                                                   65                  
Minion boot frequency (MHz):                               600                 
L3 size (KB):                                              32768                (0x8000)
L2 size (KB):                                              16384                (0x4000)
Scratch pad size (KB):                                     81920                (0x14000)
Cache line size (B):                                       64                   (0x40)
Number of L2 Banks:                                        4                   
DDR Bandwidth (MB/s):                                      128000              
Spare shire ID:                                            32                  
Architecture revision:                                     ETSOC1               (0x0)
CM active shire mask:                                      4294967295           (0xffffffff)
Scratchpad base address in format 0:                       2147483648           (0x80000000)
Scratchpad base address in format 1:                       3221225472           (0xc0000000)
Scratchpad base address in format 2:                       18446744073709551615 (0xffffffffffffffff)
Local DDR base address:                                    549848092672         (0x8005801000)
Chiplet DDR base address:                                  549848092672         (0x8005801000)
Interleaved DDR base address:                              18446744073709551615 (0xffffffffffffffff)
Single chiplet DDR size:                                   34265366528         
Address alignment bits:                                    64                  
First shire bit in scratchpad address in format 0:         23                  
Number of shire bits in scratchpad address in format 0:    7                   
Local shire encoding in scratchpad address in format 0:    127                 
First shire bit in scratchpad address in format 1:         6                   
Number of shire bits in scratchpad address in format 1:    5                   
First shire bit in scratchpad address in format 2:         255                 
Number of shire bits in scratchpad address in format 2:    255                 
First chiplet bit in scratchpad address in format 2:       255                 
Number of chiplet bits in scratchpad address in format 2:  255                 
First chiplet bit in chiplet DDR address:                  255                 
Number of chiplet bits in chiplet DDR address:             255                 
First chiplet bit in interleaved chiplet DDR address:      255                 
Number of chiplet bits in interleaved chiplet DDR address: 255                 

device ready in 0.13 s
device held for 2.58 s
LOGGER NOT INITIALIZED:
		ET [DEVICE_LAYER][TH:140627508018816]: 
PCIe target:                                               /dev/et0_ops        
DRAM base:                                                 549848092672         (0x8005801000)
DRAM size (B):                                             34265366528          (0x7fa600000)
DRAM alignment (bits):                                     64                  
MM SQ count:                                               2                    (0x2)
MM VQ Maximum message size (B):                            1056                 (0x420)
P2P compatibility bitmap:                                  0                    (0x0)
PCIBUS device name:                                        0000:02:00.0        
Physical device ID:                                        0                    (0x0)
Form Factor:                                               PCIE                 (0x0)
TDP (W):                                                   65                  
Minion boot frequency (MHz):                               600                 
L3 size (KB):                                              32768                (0x8000)
L2 size (KB):                                              16384                (0x4000)
Scratch pad size (KB):                                     81920                (0x14000)
Cache line size (B):                                       64                   (0x40)
Number of L2 Banks:                                        4                   
DDR Bandwidth (MB/s):                                      128000              
Spare shire ID:                                            32                  
Architecture revision:                                     ETSOC1               (0x0)
CM active shire mask:                                      4294967295           (0xffffffff)
Scratchpad base address in format 0:                       2147483648           (0x80000000)
Scratchpad base address in format 1:                       3221225472           (0xc0000000)
Scratchpad base address in format 2:                       18446744073709551615 (0xffffffffffffffff)
Local DDR base address:                                    549848092672         (0x8005801000)
Chiplet DDR base address:                                  549848092672         (0x8005801000)
Interleaved DDR base address:                              18446744073709551615 (0xffffffffffffffff)
Single chiplet DDR size:                                   34265366528         
Address alignment bits:                                    64                  
First shire bit in scratchpad address in format 0:         23                  
Number of shire bits in scratchpad address in format 0:    7                   
Local shire encoding in scratchpad address in format 0:    127                 
First shire bit in scratchpad address in format 1:         6                   
Number of shire bits in scratchpad address in format 1:    5                   
First shire bit in scratchpad address in format 2:         255                 
Number of shire bits in scratchpad address in format 2:    255                 
First chiplet bit in scratchpad address in format 2:       255                 
Number of chiplet bits in scratchpad address in format 2:  255                 
First chiplet bit in chiplet DDR address:                  255                 
Number of chiplet bits in chiplet DDR address:             255                 
First chiplet bit in interleaved chiplet DDR address:      255                 
Number of chiplet bits in interleaved chiplet DDR address: 255                 

device ready in 0.13 s
device held for 2.61 s
LOGGER NOT INITIALIZED:
		ET [DEVICE_LAYER][TH:131947281337984]: 
PCIe target:                                               /dev/et0_ops        
DRAM base:                                                 549848092672         (0x8005801000)
DRAM size (B):                                             34265366528          (0x7fa600000)
DRAM alignment (bits):                                     64                  
MM SQ count:                                               2                    (0x2)
MM VQ Maximum message size (B):                            1056                 (0x420)
P2P compatibility bitmap:                                  0                    (0x0)
PCIBUS device name:                                        0000:02:00.0        
Physical device ID:                                        0                    (0x0)
Form Factor:                                               PCIE                 (0x0)
TDP (W):                                                   65                  
Minion boot frequency (MHz):                               600                 
L3 size (KB):                                              32768                (0x8000)
L2 size (KB):                                              16384                (0x4000)
Scratch pad size (KB):                                     81920                (0x14000)
Cache line size (B):                                       64                   (0x40)
Number of L2 Banks:                                        4                   
DDR Bandwidth (MB/s):                                      128000              
Spare shire ID:                                            32                  
Architecture revision:                                     ETSOC1               (0x0)
CM active shire mask:                                      4294967295           (0xffffffff)
Scratchpad base address in format 0:                       2147483648           (0x80000000)
Scratchpad base address in format 1:                       3221225472           (0xc0000000)
Scratchpad base address in format 2:                       18446744073709551615 (0xffffffffffffffff)
Local DDR base address:                                    549848092672         (0x8005801000)
Chiplet DDR base address:                                  549848092672         (0x8005801000)
Interleaved DDR base address:                              18446744073709551615 (0xffffffffffffffff)
Single chiplet DDR size:                                   34265366528         
Address alignment bits:                                    64                  
First shire bit in scratchpad address in format 0:         23                  
Number of shire bits in scratchpad address in format 0:    7                   
Local shire encoding in scratchpad address in format 0:    127                 
First shire bit in scratchpad address in format 1:         6                   
Number of shire bits in scratchpad address in format 1:    5                   
First shire bit in scratchpad address in format 2:         255                 
Number of shire bits in scratchpad address in format 2:    255                 
First chiplet bit in scratchpad address in format 2:       255                 
Number of chiplet bits in scratchpad address in format 2:  255                 
First chiplet bit in chiplet DDR address:                  255                 
Number of chiplet bits in chiplet DDR address:             255                 
First chiplet bit in interleaved chiplet DDR address:      255                 
Number of chiplet bits in interleaved chiplet DDR address: 255                 

device ready in 0.13 s
device held for 7.48 s
LOGGER NOT INITIALIZED:
		ET [DEVICE_LAYER][TH:130153063186048]: 
PCIe target:                                               /dev/et0_ops        
DRAM base:                                                 549848092672         (0x8005801000)
DRAM size (B):                                             34265366528          (0x7fa600000)
DRAM alignment (bits):                                     64                  
MM SQ count:                                               2                    (0x2)
MM VQ Maximum message size (B):                            1056                 (0x420)
P2P compatibility bitmap:                                  0                    (0x0)
PCIBUS device name:                                        0000:02:00.0        
Physical device ID:                                        0                    (0x0)
Form Factor:                                               PCIE                 (0x0)
TDP (W):                                                   65                  
Minion boot frequency (MHz):                               600                 
L3 size (KB):                                              32768                (0x8000)
L2 size (KB):                                              16384                (0x4000)
Scratch pad size (KB):                                     81920                (0x14000)
Cache line size (B):                                       64                   (0x40)
Number of L2 Banks:                                        4                   
DDR Bandwidth (MB/s):                                      128000              
Spare shire ID:                                            32                  
Architecture revision:                                     ETSOC1               (0x0)
CM active shire mask:                                      4294967295           (0xffffffff)
Scratchpad base address in format 0:                       2147483648           (0x80000000)
Scratchpad base address in format 1:                       3221225472           (0xc0000000)
Scratchpad base address in format 2:                       18446744073709551615 (0xffffffffffffffff)
Local DDR base address:                                    549848092672         (0x8005801000)
Chiplet DDR base address:                                  549848092672         (0x8005801000)
Interleaved DDR base address:                              18446744073709551615 (0xffffffffffffffff)
Single chiplet DDR size:                                   34265366528         
Address alignment bits:                                    64                  
First shire bit in scratchpad address in format 0:         23                  
Number of shire bits in scratchpad address in format 0:    7                   
Local shire encoding in scratchpad address in format 0:    127                 
First shire bit in scratchpad address in format 1:         6                   
Number of shire bits in scratchpad address in format 1:    5                   
First shire bit in scratchpad address in format 2:         255                 
Number of shire bits in scratchpad address in format 2:    255                 
First chiplet bit in scratchpad address in format 2:       255                 
Number of chiplet bits in scratchpad address in format 2:  255                 
First chiplet bit in chiplet DDR address:                  255                 
Number of chiplet bits in chiplet DDR address:             255                 
First chiplet bit in interleaved chiplet DDR address:      255                 
Number of chiplet bits in interleaved chiplet DDR address: 255                 

device ready in 0.13 s
device held for 2.60 s
LOGGER NOT INITIALIZED:
		ET [DEVICE_LAYER][TH:129222613560960]: 
PCIe target:                                               /dev/et0_ops        
DRAM base:                                                 549848092672         (0x8005801000)
DRAM size (B):                                             34265366528          (0x7fa600000)
DRAM alignment (bits):                                     64                  
MM SQ count:                                               2                    (0x2)
MM VQ Maximum message size (B):                            1056                 (0x420)
P2P compatibility bitmap:                                  0                    (0x0)
PCIBUS device name:                                        0000:02:00.0        
Physical device ID:                                        0                    (0x0)
Form Factor:                                               PCIE                 (0x0)
TDP (W):                                                   65                  
Minion boot frequency (MHz):                               600                 
L3 size (KB):                                              32768                (0x8000)
L2 size (KB):                                              16384                (0x4000)
Scratch pad size (KB):                                     81920                (0x14000)
Cache line size (B):                                       64                   (0x40)
Number of L2 Banks:                                        4                   
DDR Bandwidth (MB/s):                                      128000              
Spare shire ID:                                            32                  
Architecture revision:                                     ETSOC1               (0x0)
CM active shire mask:                                      4294967295           (0xffffffff)
Scratchpad base address in format 0:                       2147483648           (0x80000000)
Scratchpad base address in format 1:                       3221225472           (0xc0000000)
Scratchpad base address in format 2:                       18446744073709551615 (0xffffffffffffffff)
Local DDR base address:                                    549848092672         (0x8005801000)
Chiplet DDR base address:                                  549848092672         (0x8005801000)
Interleaved DDR base address:                              18446744073709551615 (0xffffffffffffffff)
Single chiplet DDR size:                                   34265366528         
Address alignment bits:                                    64                  
First shire bit in scratchpad address in format 0:         23                  
Number of shire bits in scratchpad address in format 0:    7                   
Local shire encoding in scratchpad address in format 0:    127                 
First shire bit in scratchpad address in format 1:         6                   
Number of shire bits in scratchpad address in format 1:    5                   
First shire bit in scratchpad address in format 2:         255                 
Number of shire bits in scratchpad address in format 2:    255                 
First chiplet bit in scratchpad address in format 2:       255                 
Number of chiplet bits in scratchpad address in format 2:  255                 
First chiplet bit in chiplet DDR address:                  255                 
Number of chiplet bits in chiplet DDR address:             255                 
First chiplet bit in interleaved chiplet DDR address:      255                 
Number of chiplet bits in interleaved chiplet DDR address: 255                 

device ready in 0.13 s
device held for 7.40 s
LOGGER NOT INITIALIZED:
		ET [DEVICE_LAYER][TH:125269419032192]: 
PCIe target:                                               /dev/et0_ops        
DRAM base:                                                 549848092672         (0x8005801000)
DRAM size (B):                                             34265366528          (0x7fa600000)
DRAM alignment (bits):                                     64                  
MM SQ count:                                               2                    (0x2)
MM VQ Maximum message size (B):                            1056                 (0x420)
P2P compatibility bitmap:                                  0                    (0x0)
PCIBUS device name:                                        0000:02:00.0        
Physical device ID:                                        0                    (0x0)
Form Factor:                                               PCIE                 (0x0)
TDP (W):                                                   65                  
Minion boot frequency (MHz):                               600                 
L3 size (KB):                                              32768                (0x8000)
L2 size (KB):                                              16384                (0x4000)
Scratch pad size (KB):                                     81920                (0x14000)
Cache line size (B):                                       64                   (0x40)
Number of L2 Banks:                                        4                   
DDR Bandwidth (MB/s):                                      128000              
Spare shire ID:                                            32                  
Architecture revision:                                     ETSOC1               (0x0)
CM active shire mask:                                      4294967295           (0xffffffff)
Scratchpad base address in format 0:                       2147483648           (0x80000000)
Scratchpad base address in format 1:                       3221225472           (0xc0000000)
Scratchpad base address in format 2:                       18446744073709551615 (0xffffffffffffffff)
Local DDR base address:                                    549848092672         (0x8005801000)
Chiplet DDR base address:                                  549848092672         (0x8005801000)
Interleaved DDR base address:                              18446744073709551615 (0xffffffffffffffff)
Single chiplet DDR size:                                   34265366528         
Address alignment bits:                                    64                  
First shire bit in scratchpad address in format 0:         23                  
Number of shire bits in scratchpad address in format 0:    7                   
Local shire encoding in scratchpad address in format 0:    127                 
First shire bit in scratchpad address in format 1:         6                   
Number of shire bits in scratchpad address in format 1:    5                   
First shire bit in scratchpad address in format 2:         255                 
Number of shire bits in scratchpad address in format 2:    255                 
First chiplet bit in scratchpad address in format 2:       255                 
Number of chiplet bits in scratchpad address in format 2:  255                 
First chiplet bit in chiplet DDR address:                  255                 
Number of chiplet bits in chiplet DDR address:             255                 
First chiplet bit in interleaved chiplet DDR address:      255                 
Number of chiplet bits in interleaved chiplet DDR address: 255                 

device ready in 0.14 s
device held for 2.61 s
LOGGER NOT INITIALIZED:
		ET [DEVICE_LAYER][TH:123543366725248]: 
PCIe target:                                               /dev/et0_ops        
DRAM base:                                                 549848092672         (0x8005801000)
DRAM size (B):                                             34265366528          (0x7fa600000)
DRAM alignment (bits):                                     64                  
MM SQ count:                                               2                    (0x2)
MM VQ Maximum message size (B):                            1056                 (0x420)
P2P compatibility bitmap:                                  0                    (0x0)
PCIBUS device name:                                        0000:02:00.0        
Physical device ID:                                        0                    (0x0)
Form Factor:                                               PCIE                 (0x0)
TDP (W):                                                   65                  
Minion boot frequency (MHz):                               600                 
L3 size (KB):                                              32768                (0x8000)
L2 size (KB):                                              16384                (0x4000)
Scratch pad size (KB):                                     81920                (0x14000)
Cache line size (B):                                       64                   (0x40)
Number of L2 Banks:                                        4                   
DDR Bandwidth (MB/s):                                      128000              
Spare shire ID:                                            32                  
Architecture revision:                                     ETSOC1               (0x0)
CM active shire mask:                                      4294967295           (0xffffffff)
Scratchpad base address in format 0:                       2147483648           (0x80000000)
Scratchpad base address in format 1:                       3221225472           (0xc0000000)
Scratchpad base address in format 2:                       18446744073709551615 (0xffffffffffffffff)
Local DDR base address:                                    549848092672         (0x8005801000)
Chiplet DDR base address:                                  549848092672         (0x8005801000)
Interleaved DDR base address:                              18446744073709551615 (0xffffffffffffffff)
Single chiplet DDR size:                                   34265366528         
Address alignment bits:                                    64                  
First shire bit in scratchpad address in format 0:         23                  
Number of shire bits in scratchpad address in format 0:    7                   
Local shire encoding in scratchpad address in format 0:    127                 
First shire bit in scratchpad address in format 1:         6                   
Number of shire bits in scratchpad address in format 1:    5                   
First shire bit in scratchpad address in format 2:         255                 
Number of shire bits in scratchpad address in format 2:    255                 
First chiplet bit in scratchpad address in format 2:       255                 
Number of chiplet bits in scratchpad address in format 2:  255                 
First chiplet bit in chiplet DDR address:                  255                 
Number of chiplet bits in chiplet DDR address:             255                 
First chiplet bit in interleaved chiplet DDR address:      255                 
Number of chiplet bits in interleaved chiplet DDR address: 255                 

device ready in 0.14 s
device held for 7.32 s
LOGGER NOT INITIALIZED:
		ET [DEVICE_LAYER][TH:130876762259072]: 
PCIe target:                                               /dev/et0_ops        
DRAM base:                                                 549848092672         (0x8005801000)
DRAM size (B):                                             34265366528          (0x7fa600000)
DRAM alignment (bits):                                     64                  
MM SQ count:                                               2                    (0x2)
MM VQ Maximum message size (B):                            1056                 (0x420)
P2P compatibility bitmap:                                  0                    (0x0)
PCIBUS device name:                                        0000:02:00.0        
Physical device ID:                                        0                    (0x0)
Form Factor:                                               PCIE                 (0x0)
TDP (W):                                                   65                  
Minion boot frequency (MHz):                               600                 
L3 size (KB):                                              32768                (0x8000)
L2 size (KB):                                              16384                (0x4000)
Scratch pad size (KB):                                     81920                (0x14000)
Cache line size (B):                                       64                   (0x40)
Number of L2 Banks:                                        4                   
DDR Bandwidth (MB/s):                                      128000              
Spare shire ID:                                            32                  
Architecture revision:                                     ETSOC1               (0x0)
CM active shire mask:                                      4294967295           (0xffffffff)
Scratchpad base address in format 0:                       2147483648           (0x80000000)
Scratchpad base address in format 1:                       3221225472           (0xc0000000)
Scratchpad base address in format 2:                       18446744073709551615 (0xffffffffffffffff)
Local DDR base address:                                    549848092672         (0x8005801000)
Chiplet DDR base address:                                  549848092672         (0x8005801000)
Interleaved DDR base address:                              18446744073709551615 (0xffffffffffffffff)
Single chiplet DDR size:                                   34265366528         
Address alignment bits:                                    64                  
First shire bit in scratchpad address in format 0:         23                  
Number of shire bits in scratchpad address in format 0:    7                   
Local shire encoding in scratchpad address in format 0:    127                 
First shire bit in scratchpad address in format 1:         6                   
Number of shire bits in scratchpad address in format 1:    5                   
First shire bit in scratchpad address in format 2:         255                 
Number of shire bits in scratchpad address in format 2:    255                 
First chiplet bit in scratchpad address in format 2:       255                 
Number of chiplet bits in scratchpad address in format 2:  255                 
First chiplet bit in chiplet DDR address:                  255                 
Number of chiplet bits in chiplet DDR address:             255                 
First chiplet bit in interleaved chiplet DDR address:      255                 
Number of chiplet bits in interleaved chiplet DDR address: 255                 

device ready in 0.14 s
device held for 2.60 s
LOGGER NOT INITIALIZED:
		ET [DEVICE_LAYER][TH:133278714441344]: 
PCIe target:                                               /dev/et0_ops        
DRAM base:                                                 549848092672         (0x8005801000)
DRAM size (B):                                             34265366528          (0x7fa600000)
DRAM alignment (bits):                                     64                  
MM SQ count:                                               2                    (0x2)
MM VQ Maximum message size (B):                            1056                 (0x420)
P2P compatibility bitmap:                                  0                    (0x0)
PCIBUS device name:                                        0000:02:00.0        
Physical device ID:                                        0                    (0x0)
Form Factor:                                               PCIE                 (0x0)
TDP (W):                                                   65                  
Minion boot frequency (MHz):                               600                 
L3 size (KB):                                              32768                (0x8000)
L2 size (KB):                                              16384                (0x4000)
Scratch pad size (KB):                                     81920                (0x14000)
Cache line size (B):                                       64                   (0x40)
Number of L2 Banks:                                        4                   
DDR Bandwidth (MB/s):                                      128000              
Spare shire ID:                                            32                  
Architecture revision:                                     ETSOC1               (0x0)
CM active shire mask:                                      4294967295           (0xffffffff)
Scratchpad base address in format 0:                       2147483648           (0x80000000)
Scratchpad base address in format 1:                       3221225472           (0xc0000000)
Scratchpad base address in format 2:                       18446744073709551615 (0xffffffffffffffff)
Local DDR base address:                                    549848092672         (0x8005801000)
Chiplet DDR base address:                                  549848092672         (0x8005801000)
Interleaved DDR base address:                              18446744073709551615 (0xffffffffffffffff)
Single chiplet DDR size:                                   34265366528         
Address alignment bits:                                    64                  
First shire bit in scratchpad address in format 0:         23                  
Number of shire bits in scratchpad address in format 0:    7                   
Local shire encoding in scratchpad address in format 0:    127                 
First shire bit in scratchpad address in format 1:         6                   
Number of shire bits in scratchpad address in format 1:    5                   
First shire bit in scratchpad address in format 2:         255                 
Number of shire bits in scratchpad address in format 2:    255                 
First chiplet bit in scratchpad address in format 2:       255                 
Number of chiplet bits in scratchpad address in format 2:  255                 
First chiplet bit in chiplet DDR address:                  255                 
Number of chiplet bits in chiplet DDR address:             255                 
First chiplet bit in interleaved chiplet DDR address:      255                 
Number of chiplet bits in interleaved chiplet DDR address: 255                 

device ready in 0.14 s
device held for 7.50 s
LOGGER NOT INITIALIZED:
		ET [DEVICE_LAYER][TH:131278864801408]: 
PCIe target:                                               /dev/et0_ops        
DRAM base:                                                 549848092672         (0x8005801000)
DRAM size (B):                                             34265366528          (0x7fa600000)
DRAM alignment (bits):                                     64                  
MM SQ count:                                               2                    (0x2)
MM VQ Maximum message size (B):                            1056                 (0x420)
P2P compatibility bitmap:                                  0                    (0x0)
PCIBUS device name:                                        0000:02:00.0        
Physical device ID:                                        0                    (0x0)
Form Factor:                                               PCIE                 (0x0)
TDP (W):                                                   65                  
Minion boot frequency (MHz):                               600                 
L3 size (KB):                                              32768                (0x8000)
L2 size (KB):                                              16384                (0x4000)
Scratch pad size (KB):                                     81920                (0x14000)
Cache line size (B):                                       64                   (0x40)
Number of L2 Banks:                                        4                   
DDR Bandwidth (MB/s):                                      128000              
Spare shire ID:                                            32                  
Architecture revision:                                     ETSOC1               (0x0)
CM active shire mask:                                      4294967295           (0xffffffff)
Scratchpad base address in format 0:                       2147483648           (0x80000000)
Scratchpad base address in format 1:                       3221225472           (0xc0000000)
Scratchpad base address in format 2:                       18446744073709551615 (0xffffffffffffffff)
Local DDR base address:                                    549848092672         (0x8005801000)
Chiplet DDR base address:                                  549848092672         (0x8005801000)
Interleaved DDR base address:                              18446744073709551615 (0xffffffffffffffff)
Single chiplet DDR size:                                   34265366528         
Address alignment bits:                                    64                  
First shire bit in scratchpad address in format 0:         23                  
Number of shire bits in scratchpad address in format 0:    7                   
Local shire encoding in scratchpad address in format 0:    127                 
First shire bit in scratchpad address in format 1:         6                   
Number of shire bits in scratchpad address in format 1:    5                   
First shire bit in scratchpad address in format 2:         255                 
Number of shire bits in scratchpad address in format 2:    255                 
First chiplet bit in scratchpad address in format 2:       255                 
Number of chiplet bits in scratchpad address in format 2:  255                 
First chiplet bit in chiplet DDR address:                  255                 
Number of chiplet bits in chiplet DDR address:             255                 
First chiplet bit in interleaved chiplet DDR address:      255                 
Number of chiplet bits in interleaved chiplet DDR address: 255                 

device ready in 0.13 s
device held for 2.60 s
LOGGER NOT INITIALIZED:
		ET [DEVICE_LAYER][TH:139566717234816]: 
PCIe target:                                               /dev/et0_ops        
DRAM base:                                                 549848092672         (0x8005801000)
DRAM size (B):                                             34265366528          (0x7fa600000)
DRAM alignment (bits):                                     64                  
MM SQ count:                                               2                    (0x2)
MM VQ Maximum message size (B):                            1056                 (0x420)
P2P compatibility bitmap:                                  0                    (0x0)
PCIBUS device name:                                        0000:02:00.0        
Physical device ID:                                        0                    (0x0)
Form Factor:                                               PCIE                 (0x0)
TDP (W):                                                   65                  
Minion boot frequency (MHz):                               600                 
L3 size (KB):                                              32768                (0x8000)
L2 size (KB):                                              16384                (0x4000)
Scratch pad size (KB):                                     81920                (0x14000)
Cache line size (B):                                       64                   (0x40)
Number of L2 Banks:                                        4                   
DDR Bandwidth (MB/s):                                      128000              
Spare shire ID:                                            32                  
Architecture revision:                                     ETSOC1               (0x0)
CM active shire mask:                                      4294967295           (0xffffffff)
Scratchpad base address in format 0:                       2147483648           (0x80000000)
Scratchpad base address in format 1:                       3221225472           (0xc0000000)
Scratchpad base address in format 2:                       18446744073709551615 (0xffffffffffffffff)
Local DDR base address:                                    549848092672         (0x8005801000)
Chiplet DDR base address:                                  549848092672         (0x8005801000)
Interleaved DDR base address:                              18446744073709551615 (0xffffffffffffffff)
Single chiplet DDR size:                                   34265366528         
Address alignment bits:                                    64                  
First shire bit in scratchpad address in format 0:         23                  
Number of shire bits in scratchpad address in format 0:    7                   
Local shire encoding in scratchpad address in format 0:    127                 
First shire bit in scratchpad address in format 1:         6                   
Number of shire bits in scratchpad address in format 1:    5                   
First shire bit in scratchpad address in format 2:         255                 
Number of shire bits in scratchpad address in format 2:    255                 
First chiplet bit in scratchpad address in format 2:       255                 
Number of chiplet bits in scratchpad address in format 2:  255                 
First chiplet bit in chiplet DDR address:                  255                 
Number of chiplet bits in chiplet DDR address:             255                 
First chiplet bit in interleaved chiplet DDR address:      255                 
Number of chiplet bits in interleaved chiplet DDR address: 255                 

device ready in 0.13 s
device held for 7.66 s
LOGGER NOT INITIALIZED:
		ET [DEVICE_LAYER][TH:134467498573440]: 
PCIe target:                                               /dev/et0_ops        
DRAM base:                                                 549848092672         (0x8005801000)
DRAM size (B):                                             34265366528          (0x7fa600000)
DRAM alignment (bits):                                     64                  
MM SQ count:                                               2                    (0x2)
MM VQ Maximum message size (B):                            1056                 (0x420)
P2P compatibility bitmap:                                  0                    (0x0)
PCIBUS device name:                                        0000:02:00.0        
Physical device ID:                                        0                    (0x0)
Form Factor:                                               PCIE                 (0x0)
TDP (W):                                                   65                  
Minion boot frequency (MHz):                               600                 
L3 size (KB):                                              32768                (0x8000)
L2 size (KB):                                              16384                (0x4000)
Scratch pad size (KB):                                     81920                (0x14000)
Cache line size (B):                                       64                   (0x40)
Number of L2 Banks:                                        4                   
DDR Bandwidth (MB/s):                                      128000              
Spare shire ID:                                            32                  
Architecture revision:                                     ETSOC1               (0x0)
CM active shire mask:                                      4294967295           (0xffffffff)
Scratchpad base address in format 0:                       2147483648           (0x80000000)
Scratchpad base address in format 1:                       3221225472           (0xc0000000)
Scratchpad base address in format 2:                       18446744073709551615 (0xffffffffffffffff)
Local DDR base address:                                    549848092672         (0x8005801000)
Chiplet DDR base address:                                  549848092672         (0x8005801000)
Interleaved DDR base address:                              18446744073709551615 (0xffffffffffffffff)
Single chiplet DDR size:                                   34265366528         
Address alignment bits:                                    64                  
First shire bit in scratchpad address in format 0:         23                  
Number of shire bits in scratchpad address in format 0:    7                   
Local shire encoding in scratchpad address in format 0:    127                 
First shire bit in scratchpad address in format 1:         6                   
Number of shire bits in scratchpad address in format 1:    5                   
First shire bit in scratchpad address in format 2:         255                 
Number of shire bits in scratchpad address in format 2:    255                 
First chiplet bit in scratchpad address in format 2:       255                 
Number of chiplet bits in scratchpad address in format 2:  255                 
First chiplet bit in chiplet DDR address:                  255                 
Number of chiplet bits in chiplet DDR address:             255                 
First chiplet bit in interleaved chiplet DDR address:      255                 
Number of chiplet bits in interleaved chiplet DDR address: 255                 

device ready in 0.13 s
device held for 2.59 s
LOGGER NOT INITIALIZED:
		ET [DEVICE_LAYER][TH:125346943741568]: 
PCIe target:                                               /dev/et0_ops        
DRAM base:                                                 549848092672         (0x8005801000)
DRAM size (B):                                             34265366528          (0x7fa600000)
DRAM alignment (bits):                                     64                  
MM SQ count:                                               2                    (0x2)
MM VQ Maximum message size (B):                            1056                 (0x420)
P2P compatibility bitmap:                                  0                    (0x0)
PCIBUS device name:                                        0000:02:00.0        
Physical device ID:                                        0                    (0x0)
Form Factor:                                               PCIE                 (0x0)
TDP (W):                                                   65                  
Minion boot frequency (MHz):                               600                 
L3 size (KB):                                              32768                (0x8000)
L2 size (KB):                                              16384                (0x4000)
Scratch pad size (KB):                                     81920                (0x14000)
Cache line size (B):                                       64                   (0x40)
Number of L2 Banks:                                        4                   
DDR Bandwidth (MB/s):                                      128000              
Spare shire ID:                                            32                  
Architecture revision:                                     ETSOC1               (0x0)
CM active shire mask:                                      4294967295           (0xffffffff)
Scratchpad base address in format 0:                       2147483648           (0x80000000)
Scratchpad base address in format 1:                       3221225472           (0xc0000000)
Scratchpad base address in format 2:                       18446744073709551615 (0xffffffffffffffff)
Local DDR base address:                                    549848092672         (0x8005801000)
Chiplet DDR base address:                                  549848092672         (0x8005801000)
Interleaved DDR base address:                              18446744073709551615 (0xffffffffffffffff)
Single chiplet DDR size:                                   34265366528         
Address alignment bits:                                    64                  
First shire bit in scratchpad address in format 0:         23                  
Number of shire bits in scratchpad address in format 0:    7                   
Local shire encoding in scratchpad address in format 0:    127                 
First shire bit in scratchpad address in format 1:         6                   
Number of shire bits in scratchpad address in format 1:    5                   
First shire bit in scratchpad address in format 2:         255                 
Number of shire bits in scratchpad address in format 2:    255                 
First chiplet bit in scratchpad address in format 2:       255                 
Number of chiplet bits in scratchpad address in format 2:  255                 
First chiplet bit in chiplet DDR address:                  255                 
Number of chiplet bits in chiplet DDR address:             255                 
First chiplet bit in interleaved chiplet DDR address:      255                 
Number of chiplet bits in interleaved chiplet DDR address: 255                 

device ready in 0.14 s
device held for 7.50 s
LOGGER NOT INITIALIZED:
		ET [DEVICE_LAYER][TH:136025755790976]: 
PCIe target:                                               /dev/et0_ops        
DRAM base:                                                 549848092672         (0x8005801000)
DRAM size (B):                                             34265366528          (0x7fa600000)
DRAM alignment (bits):                                     64                  
MM SQ count:                                               2                    (0x2)
MM VQ Maximum message size (B):                            1056                 (0x420)
P2P compatibility bitmap:                                  0                    (0x0)
PCIBUS device name:                                        0000:02:00.0        
Physical device ID:                                        0                    (0x0)
Form Factor:                                               PCIE                 (0x0)
TDP (W):                                                   65                  
Minion boot frequency (MHz):                               600                 
L3 size (KB):                                              32768                (0x8000)
L2 size (KB):                                              16384                (0x4000)
Scratch pad size (KB):                                     81920                (0x14000)
Cache line size (B):                                       64                   (0x40)
Number of L2 Banks:                                        4                   
DDR Bandwidth (MB/s):                                      128000              
Spare shire ID:                                            32                  
Architecture revision:                                     ETSOC1               (0x0)
CM active shire mask:                                      4294967295           (0xffffffff)
Scratchpad base address in format 0:                       2147483648           (0x80000000)
Scratchpad base address in format 1:                       3221225472           (0xc0000000)
Scratchpad base address in format 2:                       18446744073709551615 (0xffffffffffffffff)
Local DDR base address:                                    549848092672         (0x8005801000)
Chiplet DDR base address:                                  549848092672         (0x8005801000)
Interleaved DDR base address:                              18446744073709551615 (0xffffffffffffffff)
Single chiplet DDR size:                                   34265366528         
Address alignment bits:                                    64                  
First shire bit in scratchpad address in format 0:         23                  
Number of shire bits in scratchpad address in format 0:    7                   
Local shire encoding in scratchpad address in format 0:    127                 
First shire bit in scratchpad address in format 1:         6                   
Number of shire bits in scratchpad address in format 1:    5                   
First shire bit in scratchpad address in format 2:         255                 
Number of shire bits in scratchpad address in format 2:    255                 
First chiplet bit in scratchpad address in format 2:       255                 
Number of chiplet bits in scratchpad address in format 2:  255                 
First chiplet bit in chiplet DDR address:                  255                 
Number of chiplet bits in chiplet DDR address:             255                 
First chiplet bit in interleaved chiplet DDR address:      255                 
Number of chiplet bits in interleaved chiplet DDR address: 255                 

device ready in 0.14 s
device held for 7.47 s
LOGGER NOT INITIALIZED:
		ET [DEVICE_LAYER][TH:124964883312256]: 
PCIe target:                                               /dev/et0_ops        
DRAM base:                                                 549848092672         (0x8005801000)
DRAM size (B):                                             34265366528          (0x7fa600000)
DRAM alignment (bits):                                     64                  
MM SQ count:                                               2                    (0x2)
MM VQ Maximum message size (B):                            1056                 (0x420)
P2P compatibility bitmap:                                  0                    (0x0)
PCIBUS device name:                                        0000:02:00.0        
Physical device ID:                                        0                    (0x0)
Form Factor:                                               PCIE                 (0x0)
TDP (W):                                                   65                  
Minion boot frequency (MHz):                               600                 
L3 size (KB):                                              32768                (0x8000)
L2 size (KB):                                              16384                (0x4000)
Scratch pad size (KB):                                     81920                (0x14000)
Cache line size (B):                                       64                   (0x40)
Number of L2 Banks:                                        4                   
DDR Bandwidth (MB/s):                                      128000              
Spare shire ID:                                            32                  
Architecture revision:                                     ETSOC1               (0x0)
CM active shire mask:                                      4294967295           (0xffffffff)
Scratchpad base address in format 0:                       2147483648           (0x80000000)
Scratchpad base address in format 1:                       3221225472           (0xc0000000)
Scratchpad base address in format 2:                       18446744073709551615 (0xffffffffffffffff)
Local DDR base address:                                    549848092672         (0x8005801000)
Chiplet DDR base address:                                  549848092672         (0x8005801000)
Interleaved DDR base address:                              18446744073709551615 (0xffffffffffffffff)
Single chiplet DDR size:                                   34265366528         
Address alignment bits:                                    64                  
First shire bit in scratchpad address in format 0:         23                  
Number of shire bits in scratchpad address in format 0:    7                   
Local shire encoding in scratchpad address in format 0:    127                 
First shire bit in scratchpad address in format 1:         6                   
Number of shire bits in scratchpad address in format 1:    5                   
First shire bit in scratchpad address in format 2:         255                 
Number of shire bits in scratchpad address in format 2:    255                 
First chiplet bit in scratchpad address in format 2:       255                 
Number of chiplet bits in scratchpad address in format 2:  255                 
First chiplet bit in chiplet DDR address:                  255                 
Number of chiplet bits in chiplet DDR address:             255                 
First chiplet bit in interleaved chiplet DDR address:      255                 
Number of chiplet bits in interleaved chiplet DDR address: 255                 

device ready in 0.13 s
device held for 7.52 s
LOGGER NOT INITIALIZED:
		ET [DEVICE_LAYER][TH:123934206639744]: 
PCIe target:                                               /dev/et0_ops        
DRAM base:                                                 549848092672         (0x8005801000)
DRAM size (B):                                             34265366528          (0x7fa600000)
DRAM alignment (bits):                                     64                  
MM SQ count:                                               2                    (0x2)
MM VQ Maximum message size (B):                            1056                 (0x420)
P2P compatibility bitmap:                                  0                    (0x0)
PCIBUS device name:                                        0000:02:00.0        
Physical device ID:                                        0                    (0x0)
Form Factor:                                               PCIE                 (0x0)
TDP (W):                                                   65                  
Minion boot frequency (MHz):                               600                 
L3 size (KB):                                              32768                (0x8000)
L2 size (KB):                                              16384                (0x4000)
Scratch pad size (KB):                                     81920                (0x14000)
Cache line size (B):                                       64                   (0x40)
Number of L2 Banks:                                        4                   
DDR Bandwidth (MB/s):                                      128000              
Spare shire ID:                                            32                  
Architecture revision:                                     ETSOC1               (0x0)
CM active shire mask:                                      4294967295           (0xffffffff)
Scratchpad base address in format 0:                       2147483648           (0x80000000)
Scratchpad base address in format 1:                       3221225472           (0xc0000000)
Scratchpad base address in format 2:                       18446744073709551615 (0xffffffffffffffff)
Local DDR base address:                                    549848092672         (0x8005801000)
Chiplet DDR base address:                                  549848092672         (0x8005801000)
Interleaved DDR base address:                              18446744073709551615 (0xffffffffffffffff)
Single chiplet DDR size:                                   34265366528         
Address alignment bits:                                    64                  
First shire bit in scratchpad address in format 0:         23                  
Number of shire bits in scratchpad address in format 0:    7                   
Local shire encoding in scratchpad address in format 0:    127                 
First shire bit in scratchpad address in format 1:         6                   
Number of shire bits in scratchpad address in format 1:    5                   
First shire bit in scratchpad address in format 2:         255                 
Number of shire bits in scratchpad address in format 2:    255                 
First chiplet bit in scratchpad address in format 2:       255                 
Number of chiplet bits in scratchpad address in format 2:  255                 
First chiplet bit in chiplet DDR address:                  255                 
Number of chiplet bits in chiplet DDR address:             255                 
First chiplet bit in interleaved chiplet DDR address:      255                 
Number of chiplet bits in interleaved chiplet DDR address: 255                 

device ready in 0.14 s
device held for 7.52 s
LOGGER NOT INITIALIZED:
		ET [DEVICE_LAYER][TH:126657461026432]: 
PCIe target:                                               /dev/et0_ops        
DRAM base:                                                 549848092672         (0x8005801000)
DRAM size (B):                                             34265366528          (0x7fa600000)
DRAM alignment (bits):                                     64                  
MM SQ count:                                               2                    (0x2)
MM VQ Maximum message size (B):                            1056                 (0x420)
P2P compatibility bitmap:                                  0                    (0x0)
PCIBUS device name:                                        0000:02:00.0        
Physical device ID:                                        0                    (0x0)
Form Factor:                                               PCIE                 (0x0)
TDP (W):                                                   65                  
Minion boot frequency (MHz):                               600                 
L3 size (KB):                                              32768                (0x8000)
L2 size (KB):                                              16384                (0x4000)
Scratch pad size (KB):                                     81920                (0x14000)
Cache line size (B):                                       64                   (0x40)
Number of L2 Banks:                                        4                   
DDR Bandwidth (MB/s):                                      128000              
Spare shire ID:                                            32                  
Architecture revision:                                     ETSOC1               (0x0)
CM active shire mask:                                      4294967295           (0xffffffff)
Scratchpad base address in format 0:                       2147483648           (0x80000000)
Scratchpad base address in format 1:                       3221225472           (0xc0000000)
Scratchpad base address in format 2:                       18446744073709551615 (0xffffffffffffffff)
Local DDR base address:                                    549848092672         (0x8005801000)
Chiplet DDR base address:                                  549848092672         (0x8005801000)
Interleaved DDR base address:                              18446744073709551615 (0xffffffffffffffff)
Single chiplet DDR size:                                   34265366528         
Address alignment bits:                                    64                  
First shire bit in scratchpad address in format 0:         23                  
Number of shire bits in scratchpad address in format 0:    7                   
Local shire encoding in scratchpad address in format 0:    127                 
First shire bit in scratchpad address in format 1:         6                   
Number of shire bits in scratchpad address in format 1:    5                   
First shire bit in scratchpad address in format 2:         255                 
Number of shire bits in scratchpad address in format 2:    255                 
First chiplet bit in scratchpad address in format 2:       255                 
Number of chiplet bits in scratchpad address in format 2:  255                 
First chiplet bit in chiplet DDR address:                  255                 
Number of chiplet bits in chiplet DDR address:             255                 
First chiplet bit in interleaved chiplet DDR address:      255                 
Number of chiplet bits in interleaved chiplet DDR address: 255                 

device ready in 0.14 s
device held for 2.61 s
LOGGER NOT INITIALIZED:
		ET [DEVICE_LAYER][TH:123536073678464]: 
PCIe target:                                               /dev/et0_ops        
DRAM base:                                                 549848092672         (0x8005801000)
DRAM size (B):                                             34265366528          (0x7fa600000)
DRAM alignment (bits):                                     64                  
MM SQ count:                                               2                    (0x2)
MM VQ Maximum message size (B):                            1056                 (0x420)
P2P compatibility bitmap:                                  0                    (0x0)
PCIBUS device name:                                        0000:02:00.0        
Physical device ID:                                        0                    (0x0)
Form Factor:                                               PCIE                 (0x0)
TDP (W):                                                   65                  
Minion boot frequency (MHz):                               600                 
L3 size (KB):                                              32768                (0x8000)
L2 size (KB):                                              16384                (0x4000)
Scratch pad size (KB):                                     81920                (0x14000)
Cache line size (B):                                       64                   (0x40)
Number of L2 Banks:                                        4                   
DDR Bandwidth (MB/s):                                      128000              
Spare shire ID:                                            32                  
Architecture revision:                                     ETSOC1               (0x0)
CM active shire mask:                                      4294967295           (0xffffffff)
Scratchpad base address in format 0:                       2147483648           (0x80000000)
Scratchpad base address in format 1:                       3221225472           (0xc0000000)
Scratchpad base address in format 2:                       18446744073709551615 (0xffffffffffffffff)
Local DDR base address:                                    549848092672         (0x8005801000)
Chiplet DDR base address:                                  549848092672         (0x8005801000)
Interleaved DDR base address:                              18446744073709551615 (0xffffffffffffffff)
Single chiplet DDR size:                                   34265366528         
Address alignment bits:                                    64                  
First shire bit in scratchpad address in format 0:         23                  
Number of shire bits in scratchpad address in format 0:    7                   
Local shire encoding in scratchpad address in format 0:    127                 
First shire bit in scratchpad address in format 1:         6                   
Number of shire bits in scratchpad address in format 1:    5                   
First shire bit in scratchpad address in format 2:         255                 
Number of shire bits in scratchpad address in format 2:    255                 
First chiplet bit in scratchpad address in format 2:       255                 
Number of chiplet bits in scratchpad address in format 2:  255                 
First chiplet bit in chiplet DDR address:                  255                 
Number of chiplet bits in chiplet DDR address:             255                 
First chiplet bit in interleaved chiplet DDR address:      255                 
Number of chiplet bits in interleaved chiplet DDR address: 255                 

device ready in 0.14 s
device held for 7.50 s
LOGGER NOT INITIALIZED:
		ET [DEVICE_LAYER][TH:130693456256640]: 
PCIe target:                                               /dev/et0_ops        
DRAM base:                                                 549848092672         (0x8005801000)
DRAM size (B):                                             34265366528          (0x7fa600000)
DRAM alignment (bits):                                     64                  
MM SQ count:                                               2                    (0x2)
MM VQ Maximum message size (B):                            1056                 (0x420)
P2P compatibility bitmap:                                  0                    (0x0)
PCIBUS device name:                                        0000:02:00.0        
Physical device ID:                                        0                    (0x0)
Form Factor:                                               PCIE                 (0x0)
TDP (W):                                                   65                  
Minion boot frequency (MHz):                               600                 
L3 size (KB):                                              32768                (0x8000)
L2 size (KB):                                              16384                (0x4000)
Scratch pad size (KB):                                     81920                (0x14000)
Cache line size (B):                                       64                   (0x40)
Number of L2 Banks:                                        4                   
DDR Bandwidth (MB/s):                                      128000              
Spare shire ID:                                            32                  
Architecture revision:                                     ETSOC1               (0x0)
CM active shire mask:                                      4294967295           (0xffffffff)
Scratchpad base address in format 0:                       2147483648           (0x80000000)
Scratchpad base address in format 1:                       3221225472           (0xc0000000)
Scratchpad base address in format 2:                       18446744073709551615 (0xffffffffffffffff)
Local DDR base address:                                    549848092672         (0x8005801000)
Chiplet DDR base address:                                  549848092672         (0x8005801000)
Interleaved DDR base address:                              18446744073709551615 (0xffffffffffffffff)
Single chiplet DDR size:                                   34265366528         
Address alignment bits:                                    64                  
First shire bit in scratchpad address in format 0:         23                  
Number of shire bits in scratchpad address in format 0:    7                   
Local shire encoding in scratchpad address in format 0:    127                 
First shire bit in scratchpad address in format 1:         6                   
Number of shire bits in scratchpad address in format 1:    5                   
First shire bit in scratchpad address in format 2:         255                 
Number of shire bits in scratchpad address in format 2:    255                 
First chiplet bit in scratchpad address in format 2:       255                 
Number of chiplet bits in scratchpad address in format 2:  255                 
First chiplet bit in chiplet DDR address:                  255                 
Number of chiplet bits in chiplet DDR address:             255                 
First chiplet bit in interleaved chiplet DDR address:      255                 
Number of chiplet bits in interleaved chiplet DDR address: 255                 

device ready in 0.13 s
device held for 7.48 s
LOGGER NOT INITIALIZED:
		ET [DEVICE_LAYER][TH:134066026962560]: 
PCIe target:                                               /dev/et0_ops        
DRAM base:                                                 549848092672         (0x8005801000)
DRAM size (B):                                             34265366528          (0x7fa600000)
DRAM alignment (bits):                                     64                  
MM SQ count:                                               2                    (0x2)
MM VQ Maximum message size (B):                            1056                 (0x420)
P2P compatibility bitmap:                                  0                    (0x0)
PCIBUS device name:                                        0000:02:00.0        
Physical device ID:                                        0                    (0x0)
Form Factor:                                               PCIE                 (0x0)
TDP (W):                                                   65                  
Minion boot frequency (MHz):                               600                 
L3 size (KB):                                              32768                (0x8000)
L2 size (KB):                                              16384                (0x4000)
Scratch pad size (KB):                                     81920                (0x14000)
Cache line size (B):                                       64                   (0x40)
Number of L2 Banks:                                        4                   
DDR Bandwidth (MB/s):                                      128000              
Spare shire ID:                                            32                  
Architecture revision:                                     ETSOC1               (0x0)
CM active shire mask:                                      4294967295           (0xffffffff)
Scratchpad base address in format 0:                       2147483648           (0x80000000)
Scratchpad base address in format 1:                       3221225472           (0xc0000000)
Scratchpad base address in format 2:                       18446744073709551615 (0xffffffffffffffff)
Local DDR base address:                                    549848092672         (0x8005801000)
Chiplet DDR base address:                                  549848092672         (0x8005801000)
Interleaved DDR base address:                              18446744073709551615 (0xffffffffffffffff)
Single chiplet DDR size:                                   34265366528         
Address alignment bits:                                    64                  
First shire bit in scratchpad address in format 0:         23                  
Number of shire bits in scratchpad address in format 0:    7                   
Local shire encoding in scratchpad address in format 0:    127                 
First shire bit in scratchpad address in format 1:         6                   
Number of shire bits in scratchpad address in format 1:    5                   
First shire bit in scratchpad address in format 2:         255                 
Number of shire bits in scratchpad address in format 2:    255                 
First chiplet bit in scratchpad address in format 2:       255                 
Number of chiplet bits in scratchpad address in format 2:  255                 
First chiplet bit in chiplet DDR address:                  255                 
Number of chiplet bits in chiplet DDR address:             255                 
First chiplet bit in interleaved chiplet DDR address:      255                 
Number of chiplet bits in interleaved chiplet DDR address: 255                 

device ready in 0.13 s
device held for 2.61 s
LOGGER NOT INITIALIZED:
		ET [DEVICE_LAYER][TH:139594074562176]: 
PCIe target:                                               /dev/et0_ops        
DRAM base:                                                 549848092672         (0x8005801000)
DRAM size (B):                                             34265366528          (0x7fa600000)
DRAM alignment (bits):                                     64                  
MM SQ count:                                               2                    (0x2)
MM VQ Maximum message size (B):                            1056                 (0x420)
P2P compatibility bitmap:                                  0                    (0x0)
PCIBUS device name:                                        0000:02:00.0        
Physical device ID:                                        0                    (0x0)
Form Factor:                                               PCIE                 (0x0)
TDP (W):                                                   65                  
Minion boot frequency (MHz):                               600                 
L3 size (KB):                                              32768                (0x8000)
L2 size (KB):                                              16384                (0x4000)
Scratch pad size (KB):                                     81920                (0x14000)
Cache line size (B):                                       64                   (0x40)
Number of L2 Banks:                                        4                   
DDR Bandwidth (MB/s):                                      128000              
Spare shire ID:                                            32                  
Architecture revision:                                     ETSOC1               (0x0)
CM active shire mask:                                      4294967295           (0xffffffff)
Scratchpad base address in format 0:                       2147483648           (0x80000000)
Scratchpad base address in format 1:                       3221225472           (0xc0000000)
Scratchpad base address in format 2:                       18446744073709551615 (0xffffffffffffffff)
Local DDR base address:                                    549848092672         (0x8005801000)
Chiplet DDR base address:                                  549848092672         (0x8005801000)
Interleaved DDR base address:                              18446744073709551615 (0xffffffffffffffff)
Single chiplet DDR size:                                   34265366528         
Address alignment bits:                                    64                  
First shire bit in scratchpad address in format 0:         23                  
Number of shire bits in scratchpad address in format 0:    7                   
Local shire encoding in scratchpad address in format 0:    127                 
First shire bit in scratchpad address in format 1:         6                   
Number of shire bits in scratchpad address in format 1:    5                   
First shire bit in scratchpad address in format 2:         255                 
Number of shire bits in scratchpad address in format 2:    255                 
First chiplet bit in scratchpad address in format 2:       255                 
Number of chiplet bits in scratchpad address in format 2:  255                 
First chiplet bit in chiplet DDR address:                  255                 
Number of chiplet bits in chiplet DDR address:             255                 
First chiplet bit in interleaved chiplet DDR address:      255                 
Number of chiplet bits in interleaved chiplet DDR address: 255                 

device ready in 0.14 s
device held for 7.52 s
LOGGER NOT INITIALIZED:
		ET [DEVICE_LAYER][TH:128199380840064]: 
PCIe target:                                               /dev/et0_ops        
DRAM base:                                                 549848092672         (0x8005801000)
DRAM size (B):                                             34265366528          (0x7fa600000)
DRAM alignment (bits):                                     64                  
MM SQ count:                                               2                    (0x2)
MM VQ Maximum message size (B):                            1056                 (0x420)
P2P compatibility bitmap:                                  0                    (0x0)
PCIBUS device name:                                        0000:02:00.0        
Physical device ID:                                        0                    (0x0)
Form Factor:                                               PCIE                 (0x0)
TDP (W):                                                   65                  
Minion boot frequency (MHz):                               600                 
L3 size (KB):                                              32768                (0x8000)
L2 size (KB):                                              16384                (0x4000)
Scratch pad size (KB):                                     81920                (0x14000)
Cache line size (B):                                       64                   (0x40)
Number of L2 Banks:                                        4                   
DDR Bandwidth (MB/s):                                      128000              
Spare shire ID:                                            32                  
Architecture revision:                                     ETSOC1               (0x0)
CM active shire mask:                                      4294967295           (0xffffffff)
Scratchpad base address in format 0:                       2147483648           (0x80000000)
Scratchpad base address in format 1:                       3221225472           (0xc0000000)
Scratchpad base address in format 2:                       18446744073709551615 (0xffffffffffffffff)
Local DDR base address:                                    549848092672         (0x8005801000)
Chiplet DDR base address:                                  549848092672         (0x8005801000)
Interleaved DDR base address:                              18446744073709551615 (0xffffffffffffffff)
Single chiplet DDR size:                                   34265366528         
Address alignment bits:                                    64                  
First shire bit in scratchpad address in format 0:         23                  
Number of shire bits in scratchpad address in format 0:    7                   
Local shire encoding in scratchpad address in format 0:    127                 
First shire bit in scratchpad address in format 1:         6                   
Number of shire bits in scratchpad address in format 1:    5                   
First shire bit in scratchpad address in format 2:         255                 
Number of shire bits in scratchpad address in format 2:    255                 
First chiplet bit in scratchpad address in format 2:       255                 
Number of chiplet bits in scratchpad address in format 2:  255                 
First chiplet bit in chiplet DDR address:                  255                 
Number of chiplet bits in chiplet DDR address:             255                 
First chiplet bit in interleaved chiplet DDR address:      255                 
Number of chiplet bits in interleaved chiplet DDR address: 255                 

device ready in 0.13 s
device held for 7.35 s
LOGGER NOT INITIALIZED:
		ET [DEVICE_LAYER][TH:127678514089600]: 
PCIe target:                                               /dev/et0_ops        
DRAM base:                                                 549848092672         (0x8005801000)
DRAM size (B):                                             34265366528          (0x7fa600000)
DRAM alignment (bits):                                     64                  
MM SQ count:                                               2                    (0x2)
MM VQ Maximum message size (B):                            1056                 (0x420)
P2P compatibility bitmap:                                  0                    (0x0)
PCIBUS device name:                                        0000:02:00.0        
Physical device ID:                                        0                    (0x0)
Form Factor:                                               PCIE                 (0x0)
TDP (W):                                                   65                  
Minion boot frequency (MHz):                               600                 
L3 size (KB):                                              32768                (0x8000)
L2 size (KB):                                              16384                (0x4000)
Scratch pad size (KB):                                     81920                (0x14000)
Cache line size (B):                                       64                   (0x40)
Number of L2 Banks:                                        4                   
DDR Bandwidth (MB/s):                                      128000              
Spare shire ID:                                            32                  
Architecture revision:                                     ETSOC1               (0x0)
CM active shire mask:                                      4294967295           (0xffffffff)
Scratchpad base address in format 0:                       2147483648           (0x80000000)
Scratchpad base address in format 1:                       3221225472           (0xc0000000)
Scratchpad base address in format 2:                       18446744073709551615 (0xffffffffffffffff)
Local DDR base address:                                    549848092672         (0x8005801000)
Chiplet DDR base address:                                  549848092672         (0x8005801000)
Interleaved DDR base address:                              18446744073709551615 (0xffffffffffffffff)
Single chiplet DDR size:                                   34265366528         
Address alignment bits:                                    64                  
First shire bit in scratchpad address in format 0:         23                  
Number of shire bits in scratchpad address in format 0:    7                   
Local shire encoding in scratchpad address in format 0:    127                 
First shire bit in scratchpad address in format 1:         6                   
Number of shire bits in scratchpad address in format 1:    5                   
First shire bit in scratchpad address in format 2:         255                 
Number of shire bits in scratchpad address in format 2:    255                 
First chiplet bit in scratchpad address in format 2:       255                 
Number of chiplet bits in scratchpad address in format 2:  255                 
First chiplet bit in chiplet DDR address:                  255                 
Number of chiplet bits in chiplet DDR address:             255                 
First chiplet bit in interleaved chiplet DDR address:      255                 
Number of chiplet bits in interleaved chiplet DDR address: 255                 

device ready in 0.14 s
device held for 2.60 s
LOGGER NOT INITIALIZED:
		ET [DEVICE_LAYER][TH:139323109772928]: 
PCIe target:                                               /dev/et0_ops        
DRAM base:                                                 549848092672         (0x8005801000)
DRAM size (B):                                             34265366528          (0x7fa600000)
DRAM alignment (bits):                                     64                  
MM SQ count:                                               2                    (0x2)
MM VQ Maximum message size (B):                            1056                 (0x420)
P2P compatibility bitmap:                                  0                    (0x0)
PCIBUS device name:                                        0000:02:00.0        
Physical device ID:                                        0                    (0x0)
Form Factor:                                               PCIE                 (0x0)
TDP (W):                                                   65                  
Minion boot frequency (MHz):                               600                 
L3 size (KB):                                              32768                (0x8000)
L2 size (KB):                                              16384                (0x4000)
Scratch pad size (KB):                                     81920                (0x14000)
Cache line size (B):                                       64                   (0x40)
Number of L2 Banks:                                        4                   
DDR Bandwidth (MB/s):                                      128000              
Spare shire ID:                                            32                  
Architecture revision:                                     ETSOC1               (0x0)
CM active shire mask:                                      4294967295           (0xffffffff)
Scratchpad base address in format 0:                       2147483648           (0x80000000)
Scratchpad base address in format 1:                       3221225472           (0xc0000000)
Scratchpad base address in format 2:                       18446744073709551615 (0xffffffffffffffff)
Local DDR base address:                                    549848092672         (0x8005801000)
Chiplet DDR base address:                                  549848092672         (0x8005801000)
Interleaved DDR base address:                              18446744073709551615 (0xffffffffffffffff)
Single chiplet DDR size:                                   34265366528         
Address alignment bits:                                    64                  
First shire bit in scratchpad address in format 0:         23                  
Number of shire bits in scratchpad address in format 0:    7                   
Local shire encoding in scratchpad address in format 0:    127                 
First shire bit in scratchpad address in format 1:         6                   
Number of shire bits in scratchpad address in format 1:    5                   
First shire bit in scratchpad address in format 2:         255                 
Number of shire bits in scratchpad address in format 2:    255                 
First chiplet bit in scratchpad address in format 2:       255                 
Number of chiplet bits in scratchpad address in format 2:  255                 
First chiplet bit in chiplet DDR address:                  255                 
Number of chiplet bits in chiplet DDR address:             255                 
First chiplet bit in interleaved chiplet DDR address:      255                 
Number of chiplet bits in interleaved chiplet DDR address: 255                 

device ready in 0.13 s
device held for 7.53 s
LOGGER NOT INITIALIZED:
		ET [DEVICE_LAYER][TH:139579766709888]: 
PCIe target:                                               /dev/et0_ops        
DRAM base:                                                 549848092672         (0x8005801000)
DRAM size (B):                                             34265366528          (0x7fa600000)
DRAM alignment (bits):                                     64                  
MM SQ count:                                               2                    (0x2)
MM VQ Maximum message size (B):                            1056                 (0x420)
P2P compatibility bitmap:                                  0                    (0x0)
PCIBUS device name:                                        0000:02:00.0        
Physical device ID:                                        0                    (0x0)
Form Factor:                                               PCIE                 (0x0)
TDP (W):                                                   65                  
Minion boot frequency (MHz):                               600                 
L3 size (KB):                                              32768                (0x8000)
L2 size (KB):                                              16384                (0x4000)
Scratch pad size (KB):                                     81920                (0x14000)
Cache line size (B):                                       64                   (0x40)
Number of L2 Banks:                                        4                   
DDR Bandwidth (MB/s):                                      128000              
Spare shire ID:                                            32                  
Architecture revision:                                     ETSOC1               (0x0)
CM active shire mask:                                      4294967295           (0xffffffff)
Scratchpad base address in format 0:                       2147483648           (0x80000000)
Scratchpad base address in format 1:                       3221225472           (0xc0000000)
Scratchpad base address in format 2:                       18446744073709551615 (0xffffffffffffffff)
Local DDR base address:                                    549848092672         (0x8005801000)
Chiplet DDR base address:                                  549848092672         (0x8005801000)
Interleaved DDR base address:                              18446744073709551615 (0xffffffffffffffff)
Single chiplet DDR size:                                   34265366528         
Address alignment bits:                                    64                  
First shire bit in scratchpad address in format 0:         23                  
Number of shire bits in scratchpad address in format 0:    7                   
Local shire encoding in scratchpad address in format 0:    127                 
First shire bit in scratchpad address in format 1:         6                   
Number of shire bits in scratchpad address in format 1:    5                   
First shire bit in scratchpad address in format 2:         255                 
Number of shire bits in scratchpad address in format 2:    255                 
First chiplet bit in scratchpad address in format 2:       255                 
Number of chiplet bits in scratchpad address in format 2:  255                 
First chiplet bit in chiplet DDR address:                  255                 
Number of chiplet bits in chiplet DDR address:             255                 
First chiplet bit in interleaved chiplet DDR address:      255                 
Number of chiplet bits in interleaved chiplet DDR address: 255                 

device ready in 0.13 s
device held for 2.60 s
LOGGER NOT INITIALIZED:
		ET [DEVICE_LAYER][TH:127708469218944]: 
PCIe target:                                               /dev/et0_ops        
DRAM base:                                                 549848092672         (0x8005801000)
DRAM size (B):                                             34265366528          (0x7fa600000)
DRAM alignment (bits):                                     64                  
MM SQ count:                                               2                    (0x2)
MM VQ Maximum message size (B):                            1056                 (0x420)
P2P compatibility bitmap:                                  0                    (0x0)
PCIBUS device name:                                        0000:02:00.0        
Physical device ID:                                        0                    (0x0)
Form Factor:                                               PCIE                 (0x0)
TDP (W):                                                   65                  
Minion boot frequency (MHz):                               600                 
L3 size (KB):                                              32768                (0x8000)
L2 size (KB):                                              16384                (0x4000)
Scratch pad size (KB):                                     81920                (0x14000)
Cache line size (B):                                       64                   (0x40)
Number of L2 Banks:                                        4                   
DDR Bandwidth (MB/s):                                      128000              
Spare shire ID:                                            32                  
Architecture revision:                                     ETSOC1               (0x0)
CM active shire mask:                                      4294967295           (0xffffffff)
Scratchpad base address in format 0:                       2147483648           (0x80000000)
Scratchpad base address in format 1:                       3221225472           (0xc0000000)
Scratchpad base address in format 2:                       18446744073709551615 (0xffffffffffffffff)
Local DDR base address:                                    549848092672         (0x8005801000)
Chiplet DDR base address:                                  549848092672         (0x8005801000)
Interleaved DDR base address:                              18446744073709551615 (0xffffffffffffffff)
Single chiplet DDR size:                                   34265366528         
Address alignment bits:                                    64                  
First shire bit in scratchpad address in format 0:         23                  
Number of shire bits in scratchpad address in format 0:    7                   
Local shire encoding in scratchpad address in format 0:    127                 
First shire bit in scratchpad address in format 1:         6                   
Number of shire bits in scratchpad address in format 1:    5                   
First shire bit in scratchpad address in format 2:         255                 
Number of shire bits in scratchpad address in format 2:    255                 
First chiplet bit in scratchpad address in format 2:       255                 
Number of chiplet bits in scratchpad address in format 2:  255                 
First chiplet bit in chiplet DDR address:                  255                 
Number of chiplet bits in chiplet DDR address:             255                 
First chiplet bit in interleaved chiplet DDR address:      255                 
Number of chiplet bits in interleaved chiplet DDR address: 255                 

device ready in 0.14 s
device held for 7.49 s
LOGGER NOT INITIALIZED:
		ET [DEVICE_LAYER][TH:133901890264704]: 
PCIe target:                                               /dev/et0_ops        
DRAM base:                                                 549848092672         (0x8005801000)
DRAM size (B):                                             34265366528          (0x7fa600000)
DRAM alignment (bits):                                     64                  
MM SQ count:                                               2                    (0x2)
MM VQ Maximum message size (B):                            1056                 (0x420)
P2P compatibility bitmap:                                  0                    (0x0)
PCIBUS device name:                                        0000:02:00.0        
Physical device ID:                                        0                    (0x0)
Form Factor:                                               PCIE                 (0x0)
TDP (W):                                                   65                  
Minion boot frequency (MHz):                               600                 
L3 size (KB):                                              32768                (0x8000)
L2 size (KB):                                              16384                (0x4000)
Scratch pad size (KB):                                     81920                (0x14000)
Cache line size (B):                                       64                   (0x40)
Number of L2 Banks:                                        4                   
DDR Bandwidth (MB/s):                                      128000              
Spare shire ID:                                            32                  
Architecture revision:                                     ETSOC1               (0x0)
CM active shire mask:                                      4294967295           (0xffffffff)
Scratchpad base address in format 0:                       2147483648           (0x80000000)
Scratchpad base address in format 1:                       3221225472           (0xc0000000)
Scratchpad base address in format 2:                       18446744073709551615 (0xffffffffffffffff)
Local DDR base address:                                    549848092672         (0x8005801000)
Chiplet DDR base address:                                  549848092672         (0x8005801000)
Interleaved DDR base address:                              18446744073709551615 (0xffffffffffffffff)
Single chiplet DDR size:                                   34265366528         
Address alignment bits:                                    64                  
First shire bit in scratchpad address in format 0:         23                  
Number of shire bits in scratchpad address in format 0:    7                   
Local shire encoding in scratchpad address in format 0:    127                 
First shire bit in scratchpad address in format 1:         6                   
Number of shire bits in scratchpad address in format 1:    5                   
First shire bit in scratchpad address in format 2:         255                 
Number of shire bits in scratchpad address in format 2:    255                 
First chiplet bit in scratchpad address in format 2:       255                 
Number of chiplet bits in scratchpad address in format 2:  255                 
First chiplet bit in chiplet DDR address:                  255                 
Number of chiplet bits in chiplet DDR address:             255                 
First chiplet bit in interleaved chiplet DDR address:      255                 
Number of chiplet bits in interleaved chiplet DDR address: 255                 

device ready in 0.14 s
device held for 2.61 s
LOGGER NOT INITIALIZED:
		ET [DEVICE_LAYER][TH:139121522519680]: 
PCIe target:                                               /dev/et0_ops        
DRAM base:                                                 549848092672         (0x8005801000)
DRAM size (B):                                             34265366528          (0x7fa600000)
DRAM alignment (bits):                                     64                  
MM SQ count:                                               2                    (0x2)
MM VQ Maximum message size (B):                            1056                 (0x420)
P2P compatibility bitmap:                                  0                    (0x0)
PCIBUS device name:                                        0000:02:00.0        
Physical device ID:                                        0                    (0x0)
Form Factor:                                               PCIE                 (0x0)
TDP (W):                                                   65                  
Minion boot frequency (MHz):                               600                 
L3 size (KB):                                              32768                (0x8000)
L2 size (KB):                                              16384                (0x4000)
Scratch pad size (KB):                                     81920                (0x14000)
Cache line size (B):                                       64                   (0x40)
Number of L2 Banks:                                        4                   
DDR Bandwidth (MB/s):                                      128000              
Spare shire ID:                                            32                  
Architecture revision:                                     ETSOC1               (0x0)
CM active shire mask:                                      4294967295           (0xffffffff)
Scratchpad base address in format 0:                       2147483648           (0x80000000)
Scratchpad base address in format 1:                       3221225472           (0xc0000000)
Scratchpad base address in format 2:                       18446744073709551615 (0xffffffffffffffff)
Local DDR base address:                                    549848092672         (0x8005801000)
Chiplet DDR base address:                                  549848092672         (0x8005801000)
Interleaved DDR base address:                              18446744073709551615 (0xffffffffffffffff)
Single chiplet DDR size:                                   34265366528         
Address alignment bits:                                    64                  
First shire bit in scratchpad address in format 0:         23                  
Number of shire bits in scratchpad address in format 0:    7                   
Local shire encoding in scratchpad address in format 0:    127                 
First shire bit in scratchpad address in format 1:         6                   
Number of shire bits in scratchpad address in format 1:    5                   
First shire bit in scratchpad address in format 2:         255                 
Number of shire bits in scratchpad address in format 2:    255                 
First chiplet bit in scratchpad address in format 2:       255                 
Number of chiplet bits in scratchpad address in format 2:  255                 
First chiplet bit in chiplet DDR address:                  255                 
Number of chiplet bits in chiplet DDR address:             255                 
First chiplet bit in interleaved chiplet DDR address:      255                 
Number of chiplet bits in interleaved chiplet DDR address: 255                 

device ready in 0.13 s
device held for 7.49 s
LOGGER NOT INITIALIZED:
		ET [DEVICE_LAYER][TH:139397315600000]: 
PCIe target:                                               /dev/et0_ops        
DRAM base:                                                 549848092672         (0x8005801000)
DRAM size (B):                                             34265366528          (0x7fa600000)
DRAM alignment (bits):                                     64                  
MM SQ count:                                               2                    (0x2)
MM VQ Maximum message size (B):                            1056                 (0x420)
P2P compatibility bitmap:                                  0                    (0x0)
PCIBUS device name:                                        0000:02:00.0        
Physical device ID:                                        0                    (0x0)
Form Factor:                                               PCIE                 (0x0)
TDP (W):                                                   65                  
Minion boot frequency (MHz):                               600                 
L3 size (KB):                                              32768                (0x8000)
L2 size (KB):                                              16384                (0x4000)
Scratch pad size (KB):                                     81920                (0x14000)
Cache line size (B):                                       64                   (0x40)
Number of L2 Banks:                                        4                   
DDR Bandwidth (MB/s):                                      128000              
Spare shire ID:                                            32                  
Architecture revision:                                     ETSOC1               (0x0)
CM active shire mask:                                      4294967295           (0xffffffff)
Scratchpad base address in format 0:                       2147483648           (0x80000000)
Scratchpad base address in format 1:                       3221225472           (0xc0000000)
Scratchpad base address in format 2:                       18446744073709551615 (0xffffffffffffffff)
Local DDR base address:                                    549848092672         (0x8005801000)
Chiplet DDR base address:                                  549848092672         (0x8005801000)
Interleaved DDR base address:                              18446744073709551615 (0xffffffffffffffff)
Single chiplet DDR size:                                   34265366528         
Address alignment bits:                                    64                  
First shire bit in scratchpad address in format 0:         23                  
Number of shire bits in scratchpad address in format 0:    7                   
Local shire encoding in scratchpad address in format 0:    127                 
First shire bit in scratchpad address in format 1:         6                   
Number of shire bits in scratchpad address in format 1:    5                   
First shire bit in scratchpad address in format 2:         255                 
Number of shire bits in scratchpad address in format 2:    255                 
First chiplet bit in scratchpad address in format 2:       255                 
Number of chiplet bits in scratchpad address in format 2:  255                 
First chiplet bit in chiplet DDR address:                  255                 
Number of chiplet bits in chiplet DDR address:             255                 
First chiplet bit in interleaved chiplet DDR address:      255                 
Number of chiplet bits in interleaved chiplet DDR address: 255                 

device ready in 0.14 s
device held for 2.61 s
LOGGER NOT INITIALIZED:
		ET [DEVICE_LAYER][TH:126614363561600]: 
PCIe target:                                               /dev/et0_ops        
DRAM base:                                                 549848092672         (0x8005801000)
DRAM size (B):                                             34265366528          (0x7fa600000)
DRAM alignment (bits):                                     64                  
MM SQ count:                                               2                    (0x2)
MM VQ Maximum message size (B):                            1056                 (0x420)
P2P compatibility bitmap:                                  0                    (0x0)
PCIBUS device name:                                        0000:02:00.0        
Physical device ID:                                        0                    (0x0)
Form Factor:                                               PCIE                 (0x0)
TDP (W):                                                   65                  
Minion boot frequency (MHz):                               600                 
L3 size (KB):                                              32768                (0x8000)
L2 size (KB):                                              16384                (0x4000)
Scratch pad size (KB):                                     81920                (0x14000)
Cache line size (B):                                       64                   (0x40)
Number of L2 Banks:                                        4                   
DDR Bandwidth (MB/s):                                      128000              
Spare shire ID:                                            32                  
Architecture revision:                                     ETSOC1               (0x0)
CM active shire mask:                                      4294967295           (0xffffffff)
Scratchpad base address in format 0:                       2147483648           (0x80000000)
Scratchpad base address in format 1:                       3221225472           (0xc0000000)
Scratchpad base address in format 2:                       18446744073709551615 (0xffffffffffffffff)
Local DDR base address:                                    549848092672         (0x8005801000)
Chiplet DDR base address:                                  549848092672         (0x8005801000)
Interleaved DDR base address:                              18446744073709551615 (0xffffffffffffffff)
Single chiplet DDR size:                                   34265366528         
Address alignment bits:                                    64                  
First shire bit in scratchpad address in format 0:         23                  
Number of shire bits in scratchpad address in format 0:    7                   
Local shire encoding in scratchpad address in format 0:    127                 
First shire bit in scratchpad address in format 1:         6                   
Number of shire bits in scratchpad address in format 1:    5                   
First shire bit in scratchpad address in format 2:         255                 
Number of shire bits in scratchpad address in format 2:    255                 
First chiplet bit in scratchpad address in format 2:       255                 
Number of chiplet bits in scratchpad address in format 2:  255                 
First chiplet bit in chiplet DDR address:                  255                 
Number of chiplet bits in chiplet DDR address:             255                 
First chiplet bit in interleaved chiplet DDR address:      255                 
Number of chiplet bits in interleaved chiplet DDR address: 255                 

device ready in 0.13 s
device held for 7.47 s
LOGGER NOT INITIALIZED:
		ET [DEVICE_LAYER][TH:134855764246144]: 
PCIe target:                                               /dev/et0_ops        
DRAM base:                                                 549848092672         (0x8005801000)
DRAM size (B):                                             34265366528          (0x7fa600000)
DRAM alignment (bits):                                     64                  
MM SQ count:                                               2                    (0x2)
MM VQ Maximum message size (B):                            1056                 (0x420)
P2P compatibility bitmap:                                  0                    (0x0)
PCIBUS device name:                                        0000:02:00.0        
Physical device ID:                                        0                    (0x0)
Form Factor:                                               PCIE                 (0x0)
TDP (W):                                                   65                  
Minion boot frequency (MHz):                               600                 
L3 size (KB):                                              32768                (0x8000)
L2 size (KB):                                              16384                (0x4000)
Scratch pad size (KB):                                     81920                (0x14000)
Cache line size (B):                                       64                   (0x40)
Number of L2 Banks:                                        4                   
DDR Bandwidth (MB/s):                                      128000              
Spare shire ID:                                            32                  
Architecture revision:                                     ETSOC1               (0x0)
CM active shire mask:                                      4294967295           (0xffffffff)
Scratchpad base address in format 0:                       2147483648           (0x80000000)
Scratchpad base address in format 1:                       3221225472           (0xc0000000)
Scratchpad base address in format 2:                       18446744073709551615 (0xffffffffffffffff)
Local DDR base address:                                    549848092672         (0x8005801000)
Chiplet DDR base address:                                  549848092672         (0x8005801000)
Interleaved DDR base address:                              18446744073709551615 (0xffffffffffffffff)
Single chiplet DDR size:                                   34265366528         
Address alignment bits:                                    64                  
First shire bit in scratchpad address in format 0:         23                  
Number of shire bits in scratchpad address in format 0:    7                   
Local shire encoding in scratchpad address in format 0:    127                 
First shire bit in scratchpad address in format 1:         6                   
Number of shire bits in scratchpad address in format 1:    5                   
First shire bit in scratchpad address in format 2:         255                 
Number of shire bits in scratchpad address in format 2:    255                 
First chiplet bit in scratchpad address in format 2:       255                 
Number of chiplet bits in scratchpad address in format 2:  255                 
First chiplet bit in chiplet DDR address:                  255                 
Number of chiplet bits in chiplet DDR address:             255                 
First chiplet bit in interleaved chiplet DDR address:      255                 
Number of chiplet bits in interleaved chiplet DDR address: 255                 

device ready in 0.13 s
device held for 2.60 s
LOGGER NOT INITIALIZED:
		ET [DEVICE_LAYER][TH:124536509472384]: 
PCIe target:                                               /dev/et0_ops        
DRAM base:                                                 549848092672         (0x8005801000)
DRAM size (B):                                             34265366528          (0x7fa600000)
DRAM alignment (bits):                                     64                  
MM SQ count:                                               2                    (0x2)
MM VQ Maximum message size (B):                            1056                 (0x420)
P2P compatibility bitmap:                                  0                    (0x0)
PCIBUS device name:                                        0000:02:00.0        
Physical device ID:                                        0                    (0x0)
Form Factor:                                               PCIE                 (0x0)
TDP (W):                                                   65                  
Minion boot frequency (MHz):                               600                 
L3 size (KB):                                              32768                (0x8000)
L2 size (KB):                                              16384                (0x4000)
Scratch pad size (KB):                                     81920                (0x14000)
Cache line size (B):                                       64                   (0x40)
Number of L2 Banks:                                        4                   
DDR Bandwidth (MB/s):                                      128000              
Spare shire ID:                                            32                  
Architecture revision:                                     ETSOC1               (0x0)
CM active shire mask:                                      4294967295           (0xffffffff)
Scratchpad base address in format 0:                       2147483648           (0x80000000)
Scratchpad base address in format 1:                       3221225472           (0xc0000000)
Scratchpad base address in format 2:                       18446744073709551615 (0xffffffffffffffff)
Local DDR base address:                                    549848092672         (0x8005801000)
Chiplet DDR base address:                                  549848092672         (0x8005801000)
Interleaved DDR base address:                              18446744073709551615 (0xffffffffffffffff)
Single chiplet DDR size:                                   34265366528         
Address alignment bits:                                    64                  
First shire bit in scratchpad address in format 0:         23                  
Number of shire bits in scratchpad address in format 0:    7                   
Local shire encoding in scratchpad address in format 0:    127                 
First shire bit in scratchpad address in format 1:         6                   
Number of shire bits in scratchpad address in format 1:    5                   
First shire bit in scratchpad address in format 2:         255                 
Number of shire bits in scratchpad address in format 2:    255                 
First chiplet bit in scratchpad address in format 2:       255                 
Number of chiplet bits in scratchpad address in format 2:  255                 
First chiplet bit in chiplet DDR address:                  255                 
Number of chiplet bits in chiplet DDR address:             255                 
First chiplet bit in interleaved chiplet DDR address:      255                 
Number of chiplet bits in interleaved chiplet DDR address: 255                 

device ready in 0.13 s
device held for 7.51 s
LOGGER NOT INITIALIZED:
		ET [DEVICE_LAYER][TH:132746191740544]: 
PCIe target:                                               /dev/et0_ops        
DRAM base:                                                 549848092672         (0x8005801000)
DRAM size (B):                                             34265366528          (0x7fa600000)
DRAM alignment (bits):                                     64                  
MM SQ count:                                               2                    (0x2)
MM VQ Maximum message size (B):                            1056                 (0x420)
P2P compatibility bitmap:                                  0                    (0x0)
PCIBUS device name:                                        0000:02:00.0        
Physical device ID:                                        0                    (0x0)
Form Factor:                                               PCIE                 (0x0)
TDP (W):                                                   65                  
Minion boot frequency (MHz):                               600                 
L3 size (KB):                                              32768                (0x8000)
L2 size (KB):                                              16384                (0x4000)
Scratch pad size (KB):                                     81920                (0x14000)
Cache line size (B):                                       64                   (0x40)
Number of L2 Banks:                                        4                   
DDR Bandwidth (MB/s):                                      128000              
Spare shire ID:                                            32                  
Architecture revision:                                     ETSOC1               (0x0)
CM active shire mask:                                      4294967295           (0xffffffff)
Scratchpad base address in format 0:                       2147483648           (0x80000000)
Scratchpad base address in format 1:                       3221225472           (0xc0000000)
Scratchpad base address in format 2:                       18446744073709551615 (0xffffffffffffffff)
Local DDR base address:                                    549848092672         (0x8005801000)
Chiplet DDR base address:                                  549848092672         (0x8005801000)
Interleaved DDR base address:                              18446744073709551615 (0xffffffffffffffff)
Single chiplet DDR size:                                   34265366528         
Address alignment bits:                                    64                  
First shire bit in scratchpad address in format 0:         23                  
Number of shire bits in scratchpad address in format 0:    7                   
Local shire encoding in scratchpad address in format 0:    127                 
First shire bit in scratchpad address in format 1:         6                   
Number of shire bits in scratchpad address in format 1:    5                   
First shire bit in scratchpad address in format 2:         255                 
Number of shire bits in scratchpad address in format 2:    255                 
First chiplet bit in scratchpad address in format 2:       255                 
Number of chiplet bits in scratchpad address in format 2:  255                 
First chiplet bit in chiplet DDR address:                  255                 
Number of chiplet bits in chiplet DDR address:             255                 
First chiplet bit in interleaved chiplet DDR address:      255                 
Number of chiplet bits in interleaved chiplet DDR address: 255                 

device ready in 0.13 s
device held for 7.51 s
LOGGER NOT INITIALIZED:
		ET [DEVICE_LAYER][TH:127246175706752]: 
PCIe target:                                               /dev/et0_ops        
DRAM base:                                                 549848092672         (0x8005801000)
DRAM size (B):                                             34265366528          (0x7fa600000)
DRAM alignment (bits):                                     64                  
MM SQ count:                                               2                    (0x2)
MM VQ Maximum message size (B):                            1056                 (0x420)
P2P compatibility bitmap:                                  0                    (0x0)
PCIBUS device name:                                        0000:02:00.0        
Physical device ID:                                        0                    (0x0)
Form Factor:                                               PCIE                 (0x0)
TDP (W):                                                   65                  
Minion boot frequency (MHz):                               600                 
L3 size (KB):                                              32768                (0x8000)
L2 size (KB):                                              16384                (0x4000)
Scratch pad size (KB):                                     81920                (0x14000)
Cache line size (B):                                       64                   (0x40)
Number of L2 Banks:                                        4                   
DDR Bandwidth (MB/s):                                      128000              
Spare shire ID:                                            32                  
Architecture revision:                                     ETSOC1               (0x0)
CM active shire mask:                                      4294967295           (0xffffffff)
Scratchpad base address in format 0:                       2147483648           (0x80000000)
Scratchpad base address in format 1:                       3221225472           (0xc0000000)
Scratchpad base address in format 2:                       18446744073709551615 (0xffffffffffffffff)
Local DDR base address:                                    549848092672         (0x8005801000)
Chiplet DDR base address:                                  549848092672         (0x8005801000)
Interleaved DDR base address:                              18446744073709551615 (0xffffffffffffffff)
Single chiplet DDR size:                                   34265366528         
Address alignment bits:                                    64                  
First shire bit in scratchpad address in format 0:         23                  
Number of shire bits in scratchpad address in format 0:    7                   
Local shire encoding in scratchpad address in format 0:    127                 
First shire bit in scratchpad address in format 1:         6                   
Number of shire bits in scratchpad address in format 1:    5                   
First shire bit in scratchpad address in format 2:         255                 
Number of shire bits in scratchpad address in format 2:    255                 
First chiplet bit in scratchpad address in format 2:       255                 
Number of chiplet bits in scratchpad address in format 2:  255                 
First chiplet bit in chiplet DDR address:                  255                 
Number of chiplet bits in chiplet DDR address:             255                 
First chiplet bit in interleaved chiplet DDR address:      255                 
Number of chiplet bits in interleaved chiplet DDR address: 255                 

device ready in 0.14 s
device held for 7.47 s
LOGGER NOT INITIALIZED:
		ET [DEVICE_LAYER][TH:136205014023808]: 
PCIe target:                                               /dev/et0_ops        
DRAM base:                                                 549848092672         (0x8005801000)
DRAM size (B):                                             34265366528          (0x7fa600000)
DRAM alignment (bits):                                     64                  
MM SQ count:                                               2                    (0x2)
MM VQ Maximum message size (B):                            1056                 (0x420)
P2P compatibility bitmap:                                  0                    (0x0)
PCIBUS device name:                                        0000:02:00.0        
Physical device ID:                                        0                    (0x0)
Form Factor:                                               PCIE                 (0x0)
TDP (W):                                                   65                  
Minion boot frequency (MHz):                               600                 
L3 size (KB):                                              32768                (0x8000)
L2 size (KB):                                              16384                (0x4000)
Scratch pad size (KB):                                     81920                (0x14000)
Cache line size (B):                                       64                   (0x40)
Number of L2 Banks:                                        4                   
DDR Bandwidth (MB/s):                                      128000              
Spare shire ID:                                            32                  
Architecture revision:                                     ETSOC1               (0x0)
CM active shire mask:                                      4294967295           (0xffffffff)
Scratchpad base address in format 0:                       2147483648           (0x80000000)
Scratchpad base address in format 1:                       3221225472           (0xc0000000)
Scratchpad base address in format 2:                       18446744073709551615 (0xffffffffffffffff)
Local DDR base address:                                    549848092672         (0x8005801000)
Chiplet DDR base address:                                  549848092672         (0x8005801000)
Interleaved DDR base address:                              18446744073709551615 (0xffffffffffffffff)
Single chiplet DDR size:                                   34265366528         
Address alignment bits:                                    64                  
First shire bit in scratchpad address in format 0:         23                  
Number of shire bits in scratchpad address in format 0:    7                   
Local shire encoding in scratchpad address in format 0:    127                 
First shire bit in scratchpad address in format 1:         6                   
Number of shire bits in scratchpad address in format 1:    5                   
First shire bit in scratchpad address in format 2:         255                 
Number of shire bits in scratchpad address in format 2:    255                 
First chiplet bit in scratchpad address in format 2:       255                 
Number of chiplet bits in scratchpad address in format 2:  255                 
First chiplet bit in chiplet DDR address:                  255                 
Number of chiplet bits in chiplet DDR address:             255                 
First chiplet bit in interleaved chiplet DDR address:      255                 
Number of chiplet bits in interleaved chiplet DDR address: 255                 

device ready in 0.13 s
device held for 7.52 s
LOGGER NOT INITIALIZED:
		ET [DEVICE_LAYER][TH:139336432119424]: 
PCIe target:                                               /dev/et0_ops        
DRAM base:                                                 549848092672         (0x8005801000)
DRAM size (B):                                             34265366528          (0x7fa600000)
DRAM alignment (bits):                                     64                  
MM SQ count:                                               2                    (0x2)
MM VQ Maximum message size (B):                            1056                 (0x420)
P2P compatibility bitmap:                                  0                    (0x0)
PCIBUS device name:                                        0000:02:00.0        
Physical device ID:                                        0                    (0x0)
Form Factor:                                               PCIE                 (0x0)
TDP (W):                                                   65                  
Minion boot frequency (MHz):                               600                 
L3 size (KB):                                              32768                (0x8000)
L2 size (KB):                                              16384                (0x4000)
Scratch pad size (KB):                                     81920                (0x14000)
Cache line size (B):                                       64                   (0x40)
Number of L2 Banks:                                        4                   
DDR Bandwidth (MB/s):                                      128000              
Spare shire ID:                                            32                  
Architecture revision:                                     ETSOC1               (0x0)
CM active shire mask:                                      4294967295           (0xffffffff)
Scratchpad base address in format 0:                       2147483648           (0x80000000)
Scratchpad base address in format 1:                       3221225472           (0xc0000000)
Scratchpad base address in format 2:                       18446744073709551615 (0xffffffffffffffff)
Local DDR base address:                                    549848092672         (0x8005801000)
Chiplet DDR base address:                                  549848092672         (0x8005801000)
Interleaved DDR base address:                              18446744073709551615 (0xffffffffffffffff)
Single chiplet DDR size:                                   34265366528         
Address alignment bits:                                    64                  
First shire bit in scratchpad address in format 0:         23                  
Number of shire bits in scratchpad address in format 0:    7                   
Local shire encoding in scratchpad address in format 0:    127                 
First shire bit in scratchpad address in format 1:         6                   
Number of shire bits in scratchpad address in format 1:    5                   
First shire bit in scratchpad address in format 2:         255                 
Number of shire bits in scratchpad address in format 2:    255                 
First chiplet bit in scratchpad address in format 2:       255                 
Number of chiplet bits in scratchpad address in format 2:  255                 
First chiplet bit in chiplet DDR address:                  255                 
Number of chiplet bits in chiplet DDR address:             255                 
First chiplet bit in interleaved chiplet DDR address:      255                 
Number of chiplet bits in interleaved chiplet DDR address: 255                 

device ready in 0.14 s
device held for 2.62 s
LOGGER NOT INITIALIZED:
		ET [DEVICE_LAYER][TH:125600375856768]: 
PCIe target:                                               /dev/et0_ops        
DRAM base:                                                 549848092672         (0x8005801000)
DRAM size (B):                                             34265366528          (0x7fa600000)
DRAM alignment (bits):                                     64                  
MM SQ count:                                               2                    (0x2)
MM VQ Maximum message size (B):                            1056                 (0x420)
P2P compatibility bitmap:                                  0                    (0x0)
PCIBUS device name:                                        0000:02:00.0        
Physical device ID:                                        0                    (0x0)
Form Factor:                                               PCIE                 (0x0)
TDP (W):                                                   65                  
Minion boot frequency (MHz):                               600                 
L3 size (KB):                                              32768                (0x8000)
L2 size (KB):                                              16384                (0x4000)
Scratch pad size (KB):                                     81920                (0x14000)
Cache line size (B):                                       64                   (0x40)
Number of L2 Banks:                                        4                   
DDR Bandwidth (MB/s):                                      128000              
Spare shire ID:                                            32                  
Architecture revision:                                     ETSOC1               (0x0)
CM active shire mask:                                      4294967295           (0xffffffff)
Scratchpad base address in format 0:                       2147483648           (0x80000000)
Scratchpad base address in format 1:                       3221225472           (0xc0000000)
Scratchpad base address in format 2:                       18446744073709551615 (0xffffffffffffffff)
Local DDR base address:                                    549848092672         (0x8005801000)
Chiplet DDR base address:                                  549848092672         (0x8005801000)
Interleaved DDR base address:                              18446744073709551615 (0xffffffffffffffff)
Single chiplet DDR size:                                   34265366528         
Address alignment bits:                                    64                  
First shire bit in scratchpad address in format 0:         23                  
Number of shire bits in scratchpad address in format 0:    7                   
Local shire encoding in scratchpad address in format 0:    127                 
First shire bit in scratchpad address in format 1:         6                   
Number of shire bits in scratchpad address in format 1:    5                   
First shire bit in scratchpad address in format 2:         255                 
Number of shire bits in scratchpad address in format 2:    255                 
First chiplet bit in scratchpad address in format 2:       255                 
Number of chiplet bits in scratchpad address in format 2:  255                 
First chiplet bit in chiplet DDR address:                  255                 
Number of chiplet bits in chiplet DDR address:             255                 
First chiplet bit in interleaved chiplet DDR address:      255                 
Number of chiplet bits in interleaved chiplet DDR address: 255                 

device ready in 0.14 s
device held for 7.51 s
